customer_id,name,country,email,created_date
1,Allison Hill,Australia,donaldgarcia@example.net,2025-11-30
2,Javier Johnson,Canada,jesseguzman@example.net,2024-06-09
3,Meredith Barnes,Canada,zlawrence@example.org,2024-04-10
4,Gina Moore,Australia,curtis61@example.com,2025-01-21
5,Renee Blair,United Kingdom,dudleynicholas@example.net,2024-11-03
6,Lisa Hensley,United States,janetwilliams@example.org,2024-10-28
7,Dr. Sharon James,United States,xreid@example.org,2025-03-03
8,Michael Miles,United States,lynchgeorge@example.net,2024-08-20
9,James Mayo,Australia,gabriellecameron@example.org,2024-07-26
10,Renee Morales,Canada,clarksherri@example.net,2024-12-06
11,Jonathan Wilkerson,Australia,ithomas@example.org,2025-12-25
12,Nicole Patterson,Australia,icox@example.net,2025-09-10
13,Anthony Rodriguez,Japan,laurahenderson@example.org,2025-03-25
14,Zachary Rice,Canada,frazierdanny@example.net,2024-09-23
15,Gina Carter,Japan,shawnmckay@example.net,2024-09-18
16,Pamela Romero,Germany,harrellkenneth@example.net,2025-10-02
17,Brittany Farmer,Canada,georgetracy@example.org,2025-02-19
18,Sandra Parker,Canada,allenashley@example.org,2023-12-17
19,Rose Spence,Canada,davidalvarez@example.net,2024-04-18
20,Shane Henderson,United States,sarahcampos@example.net,2024-06-13
21,Jennifer Powers,United States,samuel87@example.org,2024-08-25
22,George Chapman,Japan,briannasmith@example.net,2026-04-12
23,Austin Johnson,Japan,chad34@example.net,2025-08-29
24,Carlos Walls,Canada,esanchez@example.com,2024-05-27
25,Matthew Gomez,Japan,uowens@example.org,2026-06-17
26,Maria Brown,United States,lauren13@example.org,2024-05-27
27,Brenda White,Australia,ewright@example.com,2025-12-07
28,Matthew Fernandez,Australia,novaksara@example.org,2024-04-20
29,John Hancock,Australia,martinaaron@example.com,2024-09-20
30,Rachel Mitchell,Japan,smoore@example.org,2023-11-04
31,Kimberly Adkins,Germany,williamsthomas@example.net,2024-04-06
32,Jordan York,United States,larsonemma@example.org,2025-04-24
33,Steve Sanchez,Germany,harveyrobert@example.net,2025-12-31
34,Taylor Harris,Japan,john62@example.net,2026-05-04
35,Eugene Walton,United Kingdom,smithchristine@example.net,2024-01-08
36,Daniel Baker,Canada,nicole35@example.com,2024-04-07
37,Joshua Turner,United States,contrerasangela@example.net,2024-01-13
38,Brandy Wilson,Australia,newtoneric@example.com,2026-03-02
39,Grant Watts,Germany,william40@example.org,2026-04-17
40,Donald Smith,United Kingdom,danagreen@example.net,2025-06-22
41,Jessica Smith,United Kingdom,landryhannah@example.org,2025-11-30
42,Jacob Tran,United States,tanderson@example.com,2023-10-06
43,Christine Wright,United States,gomezanita@example.com,2026-03-27
44,Tammy Young,United Kingdom,theresacochran@example.com,2023-09-13
45,Tim Patton,Canada,vpham@example.org,2024-09-23
46,Michael Reyes,Canada,garrisonjeffrey@example.com,2025-01-30
47,Robert Perez,Germany,kellerraymond@example.com,2023-11-21
48,Diana May,Canada,ifrazier@example.com,2023-09-17
49,Wesley White,United Kingdom,benjamin96@example.com,2024-12-05
50,William Wilson,United Kingdom,jonathanfletcher@example.org,2025-10-21
51,Kimberly Ball,Japan,michaeljones@example.net,2024-12-30
52,Mary Martinez,United Kingdom,william65@example.com,2026-07-24
53,Cameron Fisher,Canada,lbyrd@example.net,2026-01-06
54,Joshua Smith,Australia,jason99@example.net,2024-12-18
55,Jeremy Lewis,Germany,yleon@example.net,2024-04-25
56,Diane Beck,Japan,clarence34@example.org,2024-06-10
57,Angel Riggs,Canada,,2024-06-03
58,Janet Ross,Germany,dianasmith@example.org,2025-05-27
59,Robert Dominguez,Canada,pwilliams@example.org,2025-07-15
60,John Schmidt,Japan,stephanie79@example.net,2025-09-28
61,Terry Griffin,United Kingdom,juliawells@example.com,2024-08-24
62,Destiny Strickland,Australia,rsims@example.com,2023-12-04
63,Cynthia Rogers,Japan,taylorjesse@example.net,2024-03-30
64,Amy Russell,United Kingdom,nperry@example.com,2025-04-02
65,Lauren Dominguez,Japan,wwoods@example.com,2025-04-02
66,Tiffany Barnes,United States,tracynelson@example.com,2023-09-20
67,Michael Yates,Australia,marycalhoun@example.net,2025-11-12
68,James Elliott,Canada,millerroy@example.com,2024-05-14
69,James Lewis,Canada,matthew64@example.com,2024-08-31
70,Julie Curry,Australia,cookemichael@example.net,2023-11-20
71,Marissa Webster,United States,jamessmith@example.org,2024-08-10
72,Michael Elliott,United Kingdom,stevenscott@example.com,2024-04-22
73,Tracey Higgins,Canada,tamirodriguez@example.org,2024-12-02
74,Susan Brooks,United States,charlesvaughn@example.net,2024-08-17
75,Raymond Jefferson,Canada,hoganashlee@example.org,2025-01-26
76,Mary Jones,Germany,alexander67@example.org,2025-06-09
77,Madison Poole,United Kingdom,ryangross@example.net,2024-09-28
78,Tamara Hampton,Germany,ugraham@example.net,2024-09-25
79,David Michael,Australia,nicole37@example.net,2026-03-11
80,Gabrielle Snyder,United Kingdom,hunter35@example.com,2025-01-15
81,Kyle Beard,United States,blackjames@example.org,2025-04-28
82,Peter Vaughn DDS,United Kingdom,bwest@example.org,2024-11-05
83,Michael Torres,United Kingdom,thomas85@example.com,2025-12-07
84,Michael Nelson,United States,jerry35@example.org,2025-11-15
85,Melissa Lee,Australia,lhill@example.net,2026-02-18
86,Brian Lee,United Kingdom,michaelturner@example.net,2025-11-12
87,Angel Brown,Australia,heidi27@example.org,2023-08-25
88,Julie Alexander,Australia,tammyking@example.com,2024-01-30
89,Jennifer Jones,Australia,hernandezlisa@example.com,2023-12-16
90,Bailey Duran DDS,Canada,kimberlyjames@example.com,2024-11-09
91,Wanda Torres,Japan,lynchjody@example.org,2026-04-03
92,Matthew Moore,Australia,andreamoore@example.com,2025-07-05
93,Julie Johnson,United States,jasmine71@example.net,2024-08-02
94,Rachel Weber,Japan,ronaldstephens@example.net,2024-03-24
95,Samantha Jones,Australia,lauralarson@example.net,2024-10-27
96,John Torres,United States,gbender@example.net,2025-09-11
97,Kyle Preston,United States,cassandra01@example.org,2026-06-18
98,Laura Sampson,Germany,barbara27@example.net,2026-05-14
99,Donald Shea,Germany,fwalters@example.org,2025-08-05
100,Gary Santiago,United Kingdom,marksteele@example.com,2026-05-31
101,Robin Pierce,Australia,qmiller@example.com,2024-02-02
102,Jennifer Robertson,Australia,sandovalamy@example.com,2023-10-29
103,Isaiah Avila,Japan,nwolf@example.com,2025-12-06
104,Dwayne Gilmore,United States,omartinez@example.net,2024-08-11
105,Emily Smith,Australia,hdavis@example.com,2024-02-04
106,Brittany Cantu,United Kingdom,william46@example.com,2025-08-08
107,Juan Reyes,Canada,michellehill@example.com,2025-01-14
108,Katie Hoover,United States,jessica99@example.net,2025-09-04
109,Jill Washington,Canada,andrea86@example.com,2024-12-17
110,Veronica Allen,United Kingdom,xhall@example.com,2023-10-12
111,John Mcintyre,Germany,qhughes@example.net,2024-03-29
112,Andrew Shaw MD,United Kingdom,sawyerscott@example.net,2025-07-15
113,Charles Pitts,Canada,charlesharrington@example.com,2025-01-12
114,Jennifer Miller,United States,melissa86@example.com,2026-04-05
115,Olivia Brennan,Japan,williamsonjimmy@example.net,2024-10-25
116,Nicole Hamilton MD,Australia,wallaceheather@example.org,2023-10-16
117,Anthony Howard,United Kingdom,hthomas@example.com,2026-01-01
118,Catherine Thompson,United States,pharvey@example.com,2026-01-27
119,Joel King,Australia,elizabeth74@example.net,2025-12-02
120,Jeremy Reed,Germany,danielle64@example.com,2024-11-17
121,James Webb,Germany,patrickhoward@example.com,2026-07-27
122,William Barrett,Australia,alan09@example.net,2025-09-15
123,Stephanie Parsons,Germany,catherinegomez@example.net,2024-05-27
124,Megan Le,United States,courtneyberger@example.net,2023-10-06
125,Jeremiah Riley,United Kingdom,christopherphillips@example.net,2025-05-12
126,Carlos Ryan,United States,alyssa42@example.com,2025-08-23
127,Elizabeth Harrell,United States,mcdonaldcharles@example.org,2026-06-21
128,Veronica Coffey,Australia,christopher60@example.com,2025-11-16
129,Jacob Curry,Japan,brenda51@example.net,2024-08-03
130,Manuel Hahn,Japan,rose31@example.net,2025-07-27
131,Elizabeth Ortiz,United Kingdom,brandonjohnson@example.com,2024-02-02
132,Stephen Taylor,Australia,vwatson@example.net,2025-11-22
133,Patrick Moore,Japan,fpena@example.net,2025-04-30
134,Diana Vaughn,Germany,scottsampson@example.com,2024-01-07
135,Mrs. Stephanie Newman,Japan,sandersjames@example.org,2025-07-12
136,Daniel Fowler,Germany,williamsmatthew@example.org,2025-12-30
137,Ronald Spencer,United Kingdom,lisahall@example.org,2026-02-16
138,Scott Thomas,United States,amberlindsey@example.org,2026-05-28
139,Bonnie Howard,United States,briannasmith@example.com,2023-10-26
140,Jason Wilson,Japan,alvarezkimberly@example.net,2026-02-13
141,Jonathan Dougherty,Germany,acostaregina@example.net,2025-10-24
142,Mason Johnson,Canada,bboone@example.net,2024-01-20
143,Theodore Jones Jr.,Canada,cameronhill@example.net,2026-01-31
144,Erika Vang,Canada,shawn96@example.org,2026-07-31
145,Matthew Rich,United States,russellbeasley@example.com,2025-01-13
146,Jennifer Blair,Australia,ronald45@example.org,2026-07-07
147,Andrea Decker,United States,reynoldsjulie@example.com,2024-02-24
148,Laurie Hoffman,Australia,elizabeth65@example.net,2025-05-24
149,Michelle Schmitt,Germany,michael98@example.org,2024-04-02
150,Courtney Rodriguez,Japan,danny49@example.org,2025-06-02
151,Vanessa Cardenas,Canada,lynchdiane@example.net,2024-09-24
152,Donald Farmer,Germany,michael22@example.net,2026-05-23
153,Charles Schultz,Germany,davisalyssa@example.com,2025-05-19
154,Christopher Collins,Japan,kimberly99@example.org,2023-10-26
155,Paul Williams,Germany,nelsonebony@example.com,2026-03-06
156,Donald Fischer,Japan,reeddaniel@example.net,2026-06-24
157,Kelsey Parker,United Kingdom,randallgreene@example.org,2024-06-18
158,Daniel Taylor,Japan,keith10@example.com,2025-06-04
159,James Padilla,Canada,charles06@example.org,2025-07-20
160,Shannon Johnston,Australia,amckinney@example.com,2024-01-31
161,Vincent Jackson,Australia,xcollier@example.org,2025-06-14
162,Dana Chapman,Canada,fosterkyle@example.com,2024-07-15
163,Christopher Dixon,Australia,schmidtjames@example.com,2025-02-01
164,Sabrina Briggs,Japan,curtisscott@example.org,2026-02-26
165,Peter Jones,United Kingdom,kmarshall@example.net,2025-07-03
166,Sonia Day,Australia,michelle52@example.com,2023-11-20
167,Mark Hogan,United Kingdom,bellcharles@example.com,2025-07-08
168,Jacob Mitchell,Canada,gilbertwilliam@example.com,2026-01-23
169,Rebecca Huang,United Kingdom,kstout@example.net,2024-05-24
170,John Hernandez,Germany,hayeslisa@example.com,2023-12-15
171,Carrie Wright,United States,hritter@example.net,2026-03-10
172,Jake Campbell,Germany,rschroeder@example.net,2023-10-26
173,Maria Jones,Canada,grantpaul@example.com,2026-05-21
174,Lindsey Hernandez,Australia,aguilardonald@example.com,2024-11-29
175,Melissa Myers,Australia,collinsnicholas@example.com,2024-02-20
176,Sandra Rodgers,United Kingdom,lucasrodney@example.com,2023-09-03
177,Christopher Lewis,Japan,ilee@example.org,2023-12-03
178,Richard Romero,United States,stanleynancy@example.net,2024-02-25
179,Brittany White,Japan,jenniferwilliams@example.com,2026-06-21
180,Tracy Bishop,Canada,pyoung@example.com,2025-08-03
181,Cheyenne Gregory,Australia,smurray@example.com,2025-09-25
182,Tracy Montoya,United Kingdom,moniquewilliams@example.com,2025-03-04
183,Ashley Singleton,Australia,mitchellkathryn@example.com,2025-07-03
184,Brittany Kim,Japan,lisawilkerson@example.org,2025-05-11
185,Jonathan Young,Japan,brooksanthony@example.org,2026-05-11
186,Charles Johnson,United States,ihorton@example.net,2025-08-03
187,Aaron Miller,United States,,2026-03-08
188,Ashley Roberts,United Kingdom,david36@example.net,2026-03-30
189,Brian Stein,United States,chenbailey@example.net,2024-03-16
190,Aaron Gomez,Japan,qlopez@example.org,2025-10-27
191,Andrea Fox,Japan,myerstheodore@example.net,2025-03-28
192,Mrs. Alexis Kramer,Canada,john19@example.net,2025-01-03
193,Harold Morgan,Japan,,2025-08-18
194,Robin Brown,United Kingdom,mjohnson@example.org,2024-06-10
195,Emily Collins,Germany,ihays@example.com,2024-09-02
196,Matthew Mitchell,Canada,glennmartin@example.org,2025-02-27
197,James Gonzales,Canada,lmorgan@example.com,2026-07-16
198,Tim Stone PhD,United Kingdom,mmiller@example.org,2025-11-30
199,Brian Murphy,United Kingdom,kirk96@example.org,2026-07-12
200,Jeremy Acosta,United States,christina64@example.net,2023-11-03
201,Mark Cox,Canada,stephaniethomas@example.net,2026-06-24
202,Amanda Jones,United States,michael90@example.net,2024-03-31
203,Tiffany Watson,Japan,berryalyssa@example.com,2024-12-06
204,Danielle Wilson,Canada,victorhughes@example.net,2024-02-04
205,David Griffin,Canada,heather73@example.org,2024-03-03
206,Jodi Roach,Australia,zosborn@example.net,2024-12-14
207,Michelle Pierce,Germany,patricia22@example.com,2025-10-04
208,William Conner,Canada,kristyjohnson@example.net,2026-01-11
209,Robert Arnold,Japan,jonesraymond@example.net,2025-08-18
210,Patricia Morrow,United States,martinezlogan@example.org,2025-07-05
211,Joseph Anderson,United States,katrinaanderson@example.net,2023-10-31
212,Kelly Torres,Australia,marcusfletcher@example.com,2025-10-20
213,Sarah King,Germany,david49@example.net,2023-12-29
214,Caroline David,Japan,georgeweber@example.net,2025-01-11
215,Kristy Bryan,United States,millerstacy@example.net,2024-09-20
216,Pamela Butler,United Kingdom,jimenezcourtney@example.com,2026-04-29
217,Karen Ballard,Japan,eevans@example.net,2023-11-07
218,Jason Marshall,Japan,catherine55@example.net,2025-01-23
219,Bianca Wood,Germany,floressteven@example.com,2025-07-04
220,Brent Roberts,United States,alin@example.org,2024-04-10
221,Taylor Griffith,Japan,kathrynjimenez@example.net,2025-07-31
222,Mr. Alexander Landry MD,Australia,jasongomez@example.org,2024-10-16
223,Stephen Pena MD,Australia,booneryan@example.com,2025-02-24
224,Holly Morales,United States,michaelroberts@example.com,2025-09-27
225,Joshua Bryan,Australia,andersoncolin@example.com,2025-01-13
226,Holly Thomas,United Kingdom,cporter@example.org,2024-03-05
227,Regina Stone,Germany,catherinerobertson@example.com,2026-03-15
228,James Jensen,Australia,brittney88@example.net,2025-09-04
229,Elizabeth Cabrera,Australia,mark16@example.net,2024-11-25
230,Molly Watts,United Kingdom,carlsonjoseph@example.net,2026-01-20
231,Mikayla Silva,Germany,alexandriagriffith@example.com,2024-03-22
232,Dana Armstrong,Japan,,2024-03-28
233,Damon Shaw,Germany,vsalas@example.net,2023-11-10
234,Kelly Hoffman,Canada,ufox@example.org,2025-07-20
235,Gloria Gomez,United States,chelsea33@example.com,2025-12-19
236,Todd Hendrix,United States,janet75@example.com,2025-01-28
237,Taylor Griffith,Canada,david86@example.com,2025-01-23
238,Regina Roberts,United Kingdom,stephanie15@example.com,2026-05-21
239,John Harris,Canada,sarah42@example.org,2026-03-19
240,Cynthia Williams,Japan,danawilliams@example.com,2024-12-31
241,Ashlee Townsend,Japan,oconnelltiffany@example.org,2025-04-29
242,Shirley Alvarez,United States,katelynmitchell@example.com,2026-05-05
243,Randy Pearson,Japan,amandasharp@example.org,2024-05-03
244,Ryan Peck,United States,osbornrandy@example.com,2024-05-21
245,Tonya Howe,Canada,smithashley@example.org,2025-01-07
246,William Daniels,Canada,ismall@example.net,2025-08-02
247,Robert Rivera,Australia,twong@example.org,2023-08-27
248,Rachel Bradley,Australia,gregorychase@example.com,2025-05-31
249,Angie Caldwell,Canada,tinawoods@example.org,2023-08-16
250,David Molina,United States,kevin90@example.com,2026-05-17
251,David Contreras,Canada,zparker@example.net,2025-09-24
252,Stacy Carrillo,Canada,fowlershelia@example.com,2026-03-17
253,Tyler Mendoza,United Kingdom,madkins@example.com,2025-05-12
254,Susan Todd,Canada,kathleenbecker@example.net,2023-12-11
255,Kelsey Cox,Japan,brownamy@example.net,2024-06-15
256,Brittany Murphy,United States,nwilson@example.net,2026-01-27
257,Steven Griffin Jr.,United Kingdom,williambryant@example.org,2025-12-21
258,Robert Cummings,Australia,ascott@example.net,2024-07-09
259,Amber Cooper,Germany,weaverbrian@example.org,2025-08-08
260,Jason Mack,United States,ybrooks@example.com,2025-03-14
261,Michael Stanley,Japan,desireebailey@example.org,2025-11-17
262,Cameron Irwin,United States,avilatiffany@example.com,2026-06-17
263,Jessica Gray,Australia,johnreed@example.com,2024-05-24
264,Molly Rodriguez,Japan,bmendez@example.org,2024-06-21
265,Kirk Griffin,Japan,sanchezbradley@example.com,2024-08-04
266,Nicole Parsons,Germany,williamroberts@example.net,2026-01-16
267,Kyle Chambers,United States,joel28@example.org,2025-05-09
268,Antonio Fry,Germany,conniesimmons@example.com,2023-10-17
269,Teresa Powers,Germany,heather62@example.com,2025-03-12
270,Joshua Allen,United States,kevinzimmerman@example.com,2023-11-03
271,Tracy Grant,Canada,paulscott@example.com,2026-05-06
272,Jerry Watson,Canada,brettbennett@example.net,2026-02-27
273,Benjamin Ballard,Australia,timothybooth@example.com,2024-11-18
274,Alexis Giles,Germany,burgesskaren@example.org,2026-07-21
275,Christine Herman,United Kingdom,kimberly67@example.net,2026-05-09
276,Dennis Hunt,Germany,,2025-08-04
277,Erica Harris,Germany,robert93@example.net,2024-03-19
278,Juan Silva,Germany,mphillips@example.com,2024-07-28
279,Roy Porter,Australia,jonathan77@example.com,2024-04-23
280,Heather Taylor,Canada,iwhite@example.net,2023-11-05
281,Sara Jones,Australia,duranrobert@example.net,2024-07-30
282,Chris Robinson,Australia,nbrooks@example.net,2026-06-06
283,Susan Hopkins,Australia,,2023-08-31
284,Denise Madden,Canada,shawheidi@example.com,2024-05-10
285,Brent Hernandez,Canada,christineking@example.com,2024-09-24
286,Angela Chung,Germany,scunningham@example.org,2024-11-13
287,Sarah Valdez,Australia,davisnicholas@example.net,2025-08-14
288,Adam Jackson,United Kingdom,pbruce@example.com,2026-01-01
289,Valerie Jacobson,Canada,hallrachel@example.net,2026-01-02
290,Anthony Jones,United States,rachel90@example.org,2024-12-06
291,Daniel Thomas,United States,thickman@example.org,2025-12-29
292,Ruben Price,United States,patrick21@example.net,2025-01-24
293,Jeffrey Roberson,Japan,cassie99@example.com,2024-12-25
294,Donald Riddle,Germany,jperez@example.com,2025-06-06
295,Kevin James,United States,lauren11@example.com,2024-04-01
296,Richard Moore,Germany,gstewart@example.org,2023-08-14
297,Jill Juarez,United States,andersonjacob@example.com,2025-12-18
298,Jennifer Johnson,United Kingdom,angela99@example.com,2025-03-26
299,Jason Maxwell,Germany,ashleyjackson@example.com,2024-04-25
300,Eric Snyder,United States,jacksonjoshua@example.com,2025-08-27
301,Heather Raymond,Canada,mwheeler@example.com,2024-01-19
302,Adam Foster,Germany,vbrock@example.com,2025-01-06
303,Rodney Curtis,Japan,kevinmorrison@example.net,2024-06-13
304,Christopher Sanders,Canada,kelly79@example.org,2024-12-24
305,Robert Long,Canada,frederickjames@example.net,2024-05-11
306,Krista Benton,Australia,nhahn@example.com,2024-10-31
307,Andrea Abbott,Japan,ichambers@example.net,2024-11-18
308,Matthew Espinoza,Canada,mjones@example.com,2026-01-26
309,Jonathon Knapp,Canada,ystephens@example.com,2026-07-30
310,Kimberly Little,United States,rodriguezjohn@example.net,2025-02-07
311,Lonnie Hart,United States,vrasmussen@example.com,2024-01-17
312,David Dixon,Germany,seanmyers@example.net,2026-02-05
313,Brittany Cuevas,Germany,agarcia@example.org,2024-02-02
314,Monica Bailey,Germany,stanley38@example.com,2025-01-28
315,Jeffrey Horton,United States,carlos01@example.org,2025-01-19
316,Megan Martin,Germany,zacharyarnold@example.com,2025-12-22
317,Joel Salinas,Canada,jacobsandoval@example.com,2023-09-20
318,Sonya Cole,United States,tprice@example.org,2024-06-20
319,Michael Flynn,Germany,lloydamanda@example.com,2024-12-24
320,Brian Lambert,Canada,orose@example.com,2026-02-18
321,James Wilson,Germany,megan92@example.net,2024-11-10
322,Leslie Powers,United Kingdom,david41@example.org,2025-03-07
323,Kayla Barnes,Germany,baileyhenderson@example.com,2026-04-19
324,Tamara Arias,United Kingdom,angelaburns@example.org,2024-05-22
325,Jerry Brown,Germany,stephanie72@example.org,2025-03-24
326,Kathy Simpson,Australia,cperry@example.com,2024-04-21
327,Andre Juarez,Australia,antonio38@example.com,2024-04-23
328,Krystal Barton,Japan,hdunn@example.net,2024-01-30
329,Joshua Ritter,Australia,wolfscott@example.org,2025-05-27
330,Ronald Potter,Australia,nancy07@example.com,2025-01-28
331,Angie Grimes,Germany,rowejoel@example.net,2026-02-04
332,Shannon Bishop,United States,imartin@example.org,2024-06-22
333,Laura Patel,United States,mariopadilla@example.com,2026-01-11
334,Scott Duke,United Kingdom,taylorkaren@example.com,2023-11-06
335,Sharon Martinez DVM,United States,dustinmorris@example.org,2026-06-21
336,Charles Chen,Canada,ebrooks@example.net,2023-12-28
337,Paul Neal,Japan,shawn75@example.net,2023-08-09
338,Sarah Davis,Australia,sreid@example.com,2023-11-12
339,Jennifer Donaldson,Japan,troymorris@example.com,2025-01-11
340,Bianca Phelps,Canada,patricia00@example.org,2026-04-04
341,Julia Martinez,Australia,scottsmith@example.com,2024-06-15
342,Susan Khan MD,United Kingdom,clarence54@example.org,2025-03-05
343,Mariah Williams,Canada,jessica36@example.net,2023-12-25
344,April Woods,Canada,brittneystone@example.com,2023-08-20
345,Greg Martinez,Japan,ebenson@example.org,2024-07-26
346,Nicholas Garcia,Germany,michael42@example.com,2024-02-28
347,Megan Jones,Japan,bishopfrank@example.com,2024-07-01
348,Brittany Jenkins,Japan,fheath@example.org,2024-03-10
349,Leah Cruz,United States,iedwards@example.org,2024-10-09
350,Danielle Burke,Canada,kimberly04@example.org,2025-10-18
351,Chelsea Myers,Japan,bowerslaura@example.org,2025-09-12
352,David Little,Canada,ricetiffany@example.com,2024-12-09
353,Scott Carroll,United States,amy27@example.org,2023-08-31
354,Alexis Lewis,Canada,fryraymond@example.com,2026-04-08
355,Pamela Henderson,Japan,imiller@example.net,2026-03-19
356,Bradley Miller,Canada,terrimoore@example.com,2025-04-03
357,Pamela Santos,Australia,collinssamuel@example.org,2023-11-03
358,Tim Wilson,United States,parkerjudith@example.net,2024-05-04
359,Michael Miles,Germany,tylerreed@example.net,2024-09-11
360,Cameron Norman,Canada,jessica10@example.com,2025-06-02
361,Austin Joseph,Japan,crawfordwilliam@example.org,2025-09-20
362,Carol Moore,United States,shannonemily@example.org,2024-07-25
363,April Trevino,Japan,sanchezthomas@example.com,2024-03-26
364,Tyler Johnson,Japan,pwalker@example.com,2024-12-15
365,Blake Watson,Canada,whitelinda@example.org,2025-04-19
366,John Campbell,Japan,mark87@example.org,2025-03-01
367,Justin Torres,Canada,stevenvargas@example.com,2024-06-04
368,Kimberly Flynn,Germany,,2025-11-24
369,Ryan Wiley,Australia,aaron64@example.org,2024-06-19
370,Cynthia Vasquez,Japan,kaufmandouglas@example.com,2023-12-28
371,David Bruce,Japan,xhaynes@example.com,2023-12-15
372,Kathy Walsh,Japan,kjones@example.org,2025-06-11
373,Bianca Carter,United Kingdom,sara65@example.com,2025-07-09
374,Benjamin Harris,United Kingdom,moorefrank@example.com,2024-12-05
375,Joshua Oconnell,United States,shannonford@example.org,2023-12-24
376,Michael Mckenzie,Australia,,2023-12-25
377,Tracy Foster,Australia,byrdjorge@example.org,2023-09-23
378,Sarah Hawkins,United Kingdom,codygarcia@example.org,2024-02-10
379,Ronald Haas,United States,jamesmorales@example.net,2026-04-11
380,Angela Willis,United Kingdom,johnsoncaleb@example.net,2025-06-24
381,Anna Boone,Germany,david70@example.org,2026-01-13
382,Nathaniel Crawford,United States,lvega@example.com,2024-07-04
383,Denise Griffin,Australia,austinharvey@example.org,2026-05-07
384,Jason Pierce,Australia,millerpatrick@example.com,2024-06-10
385,Rebecca Wright,United Kingdom,mayokimberly@example.com,2025-08-20
386,Kari Durham,Germany,paul20@example.com,2026-02-18
387,Steven Osborne,United Kingdom,stokesthomas@example.com,2026-01-29
388,Dr. Ariel Sandoval MD,Canada,gallagherstacie@example.net,2025-03-31
389,Ryan Bruce,Canada,joelstewart@example.net,2026-07-24
390,Kevin Warner,Germany,stacey92@example.net,2024-05-24
391,Rita Waller,Japan,gregory01@example.org,2024-08-01
392,Alicia Woods,Japan,samantha32@example.com,2024-05-07
393,Sarah Morris,Canada,hernandezjanet@example.org,2024-01-25
394,Shannon Yu,Canada,janet69@example.org,2025-01-09
395,Chad Moore,Japan,fconner@example.net,2024-12-10
396,Wayne Steele,United States,jeffrey92@example.com,2024-11-24
397,Elizabeth Thompson,Japan,rushstacy@example.com,2026-01-03
398,Lance Mccall,United Kingdom,daniellegarcia@example.com,2024-03-11
399,Blake Reed,United States,gary15@example.com,2023-08-23
400,David Jones,United Kingdom,kristin00@example.com,2025-06-16
401,Tracy Wilkerson,Canada,wmacias@example.net,2025-03-11
402,John Shields,United States,franciscojones@example.org,2024-11-06
403,Dean Garcia,United Kingdom,george62@example.net,2023-11-30
404,Stephanie Davis,United Kingdom,bbush@example.net,2024-04-18
405,Jessica Brown,United States,jamie36@example.net,2025-12-13
406,Monica Baker,Germany,kenneth10@example.com,2026-01-10
407,Katherine Brown,Japan,pattersonkelly@example.net,2026-04-03
408,Christina Johnson,Australia,daniellerowland@example.com,2024-02-01
409,James Burns,United Kingdom,christopher86@example.org,2025-03-04
410,Jaclyn Griffin,Japan,scott43@example.com,2025-12-29
411,Paul Contreras,Australia,barnettlindsey@example.com,2026-02-07
412,Antonio Hughes,Japan,rsheppard@example.com,2026-01-11
413,Karen Miller,Canada,shawrachel@example.net,2026-06-23
414,Mrs. Tiffany Cole,Australia,teresastokes@example.org,2023-10-11
415,William Graham,Japan,maryscott@example.net,2023-11-18
416,Justin Arnold,United Kingdom,april09@example.net,2025-10-25
417,Ashley Hernandez,Australia,buckleyanna@example.org,2024-10-23
418,Sheryl Humphrey,Canada,patrick79@example.net,2025-08-09
419,Donald Thomas,United States,vwilliams@example.net,2024-08-09
420,John Adams,United Kingdom,andrew44@example.com,2025-09-07
421,Melinda Compton,Canada,dennismccann@example.com,2024-12-16
422,Jason Brewer,Canada,scottmcintyre@example.com,2025-08-27
423,Sharon Nicholson,Australia,cameronmckinney@example.com,2024-03-03
424,Kelly Carroll,Japan,jameswhitaker@example.org,2024-08-27
425,Anthony Ward,United States,joshuacolon@example.net,2025-04-13
426,Becky Johnson,United Kingdom,tracy72@example.com,2026-02-02
427,Hailey Monroe,United Kingdom,kaitlyn14@example.org,2025-03-28
428,Scott Chan,Japan,mercedesholland@example.net,2024-06-22
429,Jason Smith,United States,wellsdavid@example.org,2026-02-24
430,Courtney Franklin,Australia,jennifer46@example.com,2025-01-28
431,Daniel Turner,United Kingdom,asilva@example.net,2026-05-30
432,Sara Hoffman,United States,kenneth17@example.org,2025-01-09
433,Margaret Hensley MD,Australia,jacob83@example.org,2026-02-23
434,Francisco Taylor,Australia,rioswhitney@example.com,2025-05-17
435,Norman Aguilar,United Kingdom,matthewreeves@example.net,2025-11-13
436,Karen Shepard,Japan,william28@example.org,2024-11-04
437,Carl Green,Germany,staceylam@example.net,2023-12-22
438,Daniel Savage,United Kingdom,vfrench@example.com,2024-09-13
439,Julie Wilson,Canada,delacruzbrandy@example.net,2023-11-24
440,Cory Wilson,Canada,amoreno@example.org,2024-03-27
441,Curtis Ortiz,Australia,tthomas@example.org,2023-12-09
442,Mr. Christopher Walters,Germany,hayesjason@example.org,2026-01-17
443,Katherine Gallagher,United Kingdom,,2025-04-23
444,John Smith,Canada,jessicadodson@example.com,2025-11-07
445,Michael Sims,Canada,jeremywiley@example.com,2024-02-22
446,Jonathan Torres,United Kingdom,colonkenneth@example.com,2025-07-14
447,Linda Morgan,United States,matthewvalenzuela@example.com,2024-05-24
448,Terry Burnett,Australia,,2024-06-29
449,Leah Jackson,United Kingdom,jennifer06@example.net,2024-09-06
450,Lisa Wheeler,United States,stanleydesiree@example.org,2023-10-19
451,Jennifer James,Australia,thomas23@example.net,2026-07-06
452,Elizabeth Stanley,Germany,cindy26@example.org,2025-10-08
453,Autumn Wilson,Japan,jimenezchelsea@example.com,2025-10-26
454,Heather Ortiz,Australia,benjamincrawford@example.org,2026-07-10
455,Erin Smith,Germany,meadowsmary@example.net,2025-09-11
456,Brandon Hunt,Japan,conwaydawn@example.com,2024-11-07
457,Anthony Li,Canada,phelpsmichael@example.net,2024-12-03
458,Brian York,Canada,smithdevon@example.net,2024-04-26
459,Steven Friedman,Canada,natalie15@example.com,2024-05-16
460,James Bryant,Australia,evaughn@example.com,2026-05-09
461,Carol Anderson,United States,jarvismegan@example.org,2025-05-13
462,Karen Carroll,Japan,ywhite@example.com,2026-03-12
463,Michael Roberson,Canada,timothyfreeman@example.com,2025-06-20
464,Dennis Edwards,United Kingdom,tiffanysantiago@example.com,2025-10-20
465,Mercedes Davis,Japan,timothyalvarado@example.net,2025-03-25
466,Ronald Mcclain,Japan,smithsarah@example.net,2025-08-04
467,Sheila Jones,United States,vflores@example.com,2023-10-23
468,Krista Gray,Germany,christianwallace@example.net,2025-07-02
469,Jonathan Stewart,United States,bmcgee@example.org,2025-04-23
470,Justin Smith,Canada,connersylvia@example.net,2024-11-21
471,Kristina Pena,United Kingdom,xclements@example.org,2024-07-17
472,Evelyn Saunders,United Kingdom,xmoran@example.net,2025-07-08
473,Peter Walker,Canada,michael48@example.net,2025-03-08
474,Amber Martin,United Kingdom,lydianewton@example.com,2024-01-19
475,Craig Martinez,United States,ylewis@example.org,2025-01-11
476,Jason House,Australia,bartonshannon@example.net,2026-02-06
477,Brandy Porter,United States,tranryan@example.net,2025-08-25
478,Priscilla Kent,Australia,jessicaanderson@example.com,2026-05-23
479,Sonya Gordon,Canada,mbarnes@example.net,2024-08-25
480,Victor Waller,United Kingdom,iballard@example.com,2026-02-26
481,Nicole Evans,Japan,jennifer83@example.org,2024-06-26
482,Donna Reed,Germany,tinasantos@example.org,2025-09-26
483,Mallory Page,Japan,anna99@example.net,2025-05-15
484,Stephanie Ferguson,Australia,hstokes@example.org,2023-09-14
485,Anthony Brown,United States,karen24@example.net,2024-08-29
486,Antonio Mueller,United States,karenjohnson@example.com,2024-01-12
487,Megan Hoffman,United States,juliahoffman@example.org,2025-10-07
488,Rebecca Roberts,United States,housepaul@example.net,2024-12-03
489,Amy Manning,Germany,christinenorman@example.com,2024-07-21
490,Michele Holland,Canada,kimberlybrandt@example.com,2025-07-03
491,Michael Lopez,United States,jillwilson@example.org,2025-06-01
492,Dennis Martin,Australia,adam72@example.org,2024-03-31
493,Linda Ayala,United Kingdom,tracy98@example.com,2023-11-27
494,Emily Robinson,Germany,abigailhartman@example.org,2025-05-13
495,Jennifer Bailey,Australia,elizabethrivera@example.com,2024-07-10
496,Lisa Wells,Australia,wilsonmichael@example.org,2026-04-29
497,Lisa Haley,United States,patrick16@example.com,2025-11-22
498,Allison Black,United Kingdom,willie87@example.com,2023-10-13
499,Matthew Flores,United States,vaughangary@example.net,2025-11-11
500,Austin Santiago,Australia,michellecoleman@example.org,2024-06-20
501,Michele Cherry,Canada,elucas@example.net,2026-07-06
502,Joe Rivera,Germany,jonesgregory@example.com,2025-12-19
503,Roberto Bartlett,Canada,ohughes@example.com,2025-06-08
504,James Wilson,Germany,maychristine@example.net,2026-01-31
505,Ryan Howard,United States,robertsgina@example.net,2023-12-18
506,Timothy James,United States,wellsamanda@example.org,2025-04-04
507,Sarah Phillips,Germany,kennetheaton@example.net,2026-05-08
508,Travis Spencer,United Kingdom,davidsmith@example.net,2025-04-09
509,Theresa Torres,United Kingdom,jason82@example.org,2024-05-17
510,Ruben Lee,United States,emilybradley@example.org,2025-12-05
511,Joshua Roberts,United States,kingjames@example.net,2025-08-31
512,Heather Lambert,Canada,craigharvey@example.org,2024-12-11
513,Mr. Matthew Steele,Australia,arianadiaz@example.com,2025-06-01
514,Erik Floyd,United States,xhill@example.org,2026-06-26
515,Sherry Ford,Germany,kim78@example.org,2024-05-05
516,Angela Ramirez,United Kingdom,patriciagonzalez@example.net,2026-04-05
517,Bernard Smith,United Kingdom,hessbeth@example.net,2024-07-01
518,Kristen Stephens,Canada,jvaldez@example.com,2025-04-06
519,Raymond Quinn,United Kingdom,dennis88@example.org,2025-04-13
520,Adam Allen,United Kingdom,katherinetaylor@example.org,2024-05-10
521,Krystal Brennan,Australia,jillwebb@example.com,2023-10-07
522,John Brown,Japan,jim38@example.com,2025-03-30
523,Jesse Williams,Germany,dakota84@example.net,2024-09-18
524,Laura Bennett,Australia,pdiaz@example.org,2025-10-16
525,William Walker,Japan,wgomez@example.com,2025-08-23
526,Adriana Macias,United Kingdom,emartin@example.net,2026-05-01
527,Chris Moore,Canada,guerrerorobert@example.com,2024-01-29
528,Mr. Daniel Martin,Canada,cjohnson@example.org,2026-01-12
529,Brandy Hunt,United Kingdom,brianscott@example.org,2025-10-16
530,Linda Elliott,United States,johnsjessica@example.com,2023-12-17
531,Lawrence Ruiz,Japan,ajackson@example.net,2024-03-14
532,Samantha White,United Kingdom,gary57@example.net,2026-02-08
533,James Anderson,Canada,harrismichele@example.net,2026-07-04
534,Chase Davis,Canada,mvalenzuela@example.org,2025-11-08
535,Autumn Olson,Japan,rachelryan@example.org,2026-06-25
536,Kelly Wood,Germany,wolferoy@example.com,2025-03-20
537,Robert Velez,United Kingdom,colemanjonathan@example.org,2023-12-14
538,Shawn Ortiz,Australia,adammanning@example.org,2026-01-19
539,Kelly Brooks,United Kingdom,gwendolynstewart@example.com,2024-01-18
540,Matthew King,Germany,ncunningham@example.com,2026-06-28
541,Dalton Arnold,Japan,jwhite@example.net,2025-08-26
542,Eric Cooper,Japan,qfitzgerald@example.org,2024-07-27
543,Michael Martin,Canada,williamhartman@example.net,2026-03-16
544,Michelle Martin,Germany,brockmadeline@example.com,2026-02-23
545,Austin Walker,Japan,lynchjenny@example.com,2026-03-16
546,Donna Stuart,United States,bautistalori@example.net,2025-09-11
547,Dakota Sandoval,United Kingdom,james98@example.net,2026-07-26
548,Christopher Johnson,Canada,dianacantrell@example.org,2024-10-07
549,Heather Foster,Australia,aprilmclaughlin@example.org,2023-12-24
550,Molly Hansen,Germany,michael43@example.net,2024-06-03
551,Jared Smith,Canada,richardrodriguez@example.org,2025-09-25
552,Travis Pratt,Japan,nancy94@example.net,2025-06-23
553,Kristine Carrillo,Japan,susan77@example.net,2023-09-17
554,Mr. James Kramer,Australia,ericahall@example.com,2025-05-07
555,Kelli Smith,Australia,john16@example.net,2025-01-18
556,Timothy Woods,Australia,jeffery94@example.org,2026-07-02
557,Cheryl Mclaughlin,Australia,jillsalas@example.org,2024-07-27
558,David Montgomery,Australia,kimberlywilson@example.org,2026-06-20
559,Katherine Smith,United States,,2025-09-08
560,Sierra Andrews,United Kingdom,travis84@example.com,2024-07-16
561,Bethany Fox,Germany,imendoza@example.org,2025-09-24
562,Scott Parsons,Canada,sbray@example.net,2025-07-20
563,Adam Craig,Australia,ucarpenter@example.com,2026-03-14
564,Chelsea Baker,United Kingdom,thomas95@example.com,2024-05-17
565,Mr. Michael Watson PhD,Japan,shannon92@example.net,2026-07-06
566,Brett Nelson,United Kingdom,angelachase@example.org,2024-03-19
567,Nancy Kennedy,Australia,thompsonvictor@example.net,2025-10-17
568,Emily Tucker,Canada,anna90@example.com,2024-01-06
569,Amy Cervantes,Australia,gcombs@example.com,2025-01-06
570,Isaac Grant,United Kingdom,maurice61@example.com,2026-06-26
571,Christina Johnston,Japan,tiffanymitchell@example.com,2026-06-16
572,Patricia Griffin,United Kingdom,jamesjustin@example.net,2024-03-18
573,Margaret Mcfarland,Australia,kwelch@example.com,2023-11-24
574,Greg Edwards,Germany,,2025-06-27
575,Teresa Adkins,United Kingdom,lgutierrez@example.org,2024-02-16
576,Mary Shepard,Germany,clarkrandy@example.org,2023-11-13
577,Kara Brown,Australia,fwarren@example.org,2024-09-16
578,Angela Huynh,United Kingdom,,2024-10-20
579,Cameron Rose,Japan,anthonyalvarado@example.com,2025-08-14
580,Seth Donovan,United States,staylor@example.net,2024-05-07
581,Joyce Curry,United States,omills@example.net,2024-11-29
582,Karen Perez,Germany,ramosmichael@example.com,2024-04-03
583,Aaron Ochoa,Australia,mauriceharrison@example.org,2026-07-09
584,Theresa Woods,Germany,cannonlauren@example.net,2024-07-30
585,Kimberly Lopez,Australia,kfoster@example.net,2026-05-05
586,James Baker,Australia,hgarrett@example.net,2026-07-18
587,Dominique Paul,United States,robert12@example.org,2024-10-28
588,Jesse Chavez,Japan,,2023-10-22
589,Alison Compton,Japan,joseph70@example.org,2023-12-24
590,Johnny Peterson,United Kingdom,kristi75@example.com,2026-07-23
591,Erin Bridges,Germany,brianrowe@example.org,2025-11-26
592,Corey Skinner,Japan,hclayton@example.net,2024-08-26
593,William Wright,Canada,gonzalezjill@example.org,2025-10-23
594,Christine Price,United Kingdom,sharon20@example.net,2025-12-06
595,Dawn Little,United Kingdom,michaelwilliams@example.net,2024-07-09
596,Cynthia Hamilton,United States,jacksonjoshua@example.org,2025-04-11
597,Alexa Williams,Germany,jbarker@example.com,2023-12-23
598,Jonathan Parks,Japan,sarah00@example.com,2026-05-03
599,Joshua Rodriguez,Japan,jhall@example.net,2025-01-26
600,Jessica Lee,Australia,ihoward@example.com,2023-10-06
601,Mr. Edward Terry,United Kingdom,ashleystephens@example.com,2025-08-02
602,Ronald Rocha,Germany,caseymoore@example.com,2024-09-18
603,Jordan Parsons,Germany,bgross@example.net,2025-02-21
604,Cynthia Le,Germany,rlee@example.com,2025-12-09
605,Douglas Ortiz,Australia,daniel81@example.org,2024-02-23
606,Andre Rodriguez,United States,coreyduncan@example.com,2026-05-24
607,Marcus Garza Jr.,Japan,catherinejones@example.org,2026-05-20
608,Steve Miller PhD,Germany,wardjulia@example.com,2025-03-01
609,Amy Jensen,Australia,navarromary@example.org,2024-07-06
610,Anne Hardy,United States,hlopez@example.net,2024-08-26
611,Theresa Hansen,Australia,xreese@example.net,2026-01-17
612,Jimmy Ortega,Canada,jacksonhenry@example.com,2025-09-28
613,Christopher Murillo,United Kingdom,umahoney@example.net,2024-12-22
614,Jennifer Schultz,Japan,,2025-03-10
615,Tammy King,Australia,zwest@example.org,2023-09-28
616,Ms. Kelly Holder,Australia,adam33@example.com,2023-09-08
617,Terri Short,Japan,clintonstevens@example.org,2024-03-08
618,Steve Wright,United Kingdom,lisa19@example.com,2026-01-06
619,Morgan Cummings,Canada,sthompson@example.net,2026-01-17
620,Anna May,United States,crossbarbara@example.org,2023-10-31
621,Felicia Hobbs,Australia,hbutler@example.org,2026-05-16
622,Tanya Walters,United Kingdom,hbrown@example.org,2024-12-14
623,Brittany Shaw,United States,ericnunez@example.com,2025-06-28
624,Laura Davis,United States,zroberts@example.org,2024-02-27
625,John Mcgee,United States,zbaker@example.net,2025-06-10
626,Bianca Taylor,Canada,tonypearson@example.org,2025-12-24
627,Nancy Sanchez,Canada,adamsrussell@example.net,2026-01-16
628,Michael Henderson,United States,james59@example.net,2023-09-12
629,Caroline Bailey,Germany,chanson@example.org,2024-08-02
630,James Todd,Japan,rodriguezbrian@example.net,2024-03-22
631,Samantha Smith,Canada,torresthomas@example.com,2024-06-25
632,Christy Payne,Germany,,2026-07-26
633,Jamie Escobar,Germany,scottbrian@example.org,2026-07-23
634,Amy Pena,Australia,jonesdonna@example.net,2026-05-27
635,Brian Carter,Japan,yhall@example.net,2024-01-07
636,Kari Harper,United States,lopezvincent@example.com,2025-12-23
637,Alison Wright,Australia,matthew62@example.org,2025-01-25
638,Heather Turner,Australia,lisa46@example.org,2025-12-15
639,Courtney Peterson,Germany,fsandoval@example.net,2025-03-21
640,Megan Salas,Germany,robertberry@example.com,2024-12-03
641,Erin Daniels,Germany,denisecarpenter@example.net,2024-06-15
642,Ellen Thornton,United States,russellstout@example.org,2026-05-21
643,Sylvia Stewart,United States,whitemary@example.org,2023-09-20
644,Sheryl Gutierrez,Australia,vturner@example.net,2024-10-04
645,Cole Anderson,Australia,farmercheryl@example.com,2026-03-03
646,Crystal Hall,Canada,howardhailey@example.com,2024-03-01
647,Lisa Joseph,Canada,jack67@example.com,2024-03-06
648,Darrell Ortiz,Germany,schaeferstephanie@example.org,2026-06-13
649,Norma Jones DVM,United States,fcamacho@example.net,2024-12-22
650,Stacy Patterson,United States,franklinmadison@example.net,2024-12-04
651,Todd Armstrong,Australia,meyershannon@example.org,2024-08-21
652,Jennifer Moss,Japan,oblack@example.org,2024-05-26
653,James Torres,Germany,steven64@example.net,2023-10-29
654,Stephanie Ford,Canada,gdavis@example.org,2024-05-11
655,Teresa Horton,Japan,,2024-05-09
656,Steven Huang,United States,udavis@example.net,2026-05-09
657,Rebecca Higgins,Canada,davisjasmin@example.net,2025-02-19
658,Michael Acosta,Germany,nicholasjames@example.org,2025-01-07
659,Mary Hernandez,United States,haroldjoseph@example.com,2024-11-26
660,Randy Griffin,Germany,davidanderson@example.org,2023-08-11
661,Dawn Ellis,Australia,astephens@example.net,2025-09-10
662,Kevin Alvarez,Japan,mramos@example.net,2023-08-16
663,Joshua Harvey,Japan,brandonhernandez@example.net,2025-01-29
664,Scott Estrada,Japan,mark10@example.org,2025-05-14
665,Candace Mitchell DDS,United Kingdom,tammycurry@example.com,2023-09-30
666,Edwin Richardson,Germany,wwilkins@example.com,2025-12-08
667,John Martinez,Japan,mark68@example.org,2026-07-21
668,Anthony Duncan,Australia,webbhaley@example.net,2024-10-25
669,Ryan Green,Japan,sara99@example.com,2025-10-21
670,Kathleen Morton,Germany,jeanettekrause@example.org,2024-02-05
671,Mario Wilson,Japan,laurenduarte@example.com,2023-10-15
672,Justin Walsh,Germany,,2023-11-19
673,Jonathon Nguyen,United States,wilsonmathew@example.com,2026-01-05
674,Alyssa Thompson,Australia,martha77@example.org,2026-05-04
675,Christopher Murray,Germany,,2024-11-13
676,Megan Peters,Germany,,2023-11-16
677,Diana Johnson,United Kingdom,ksims@example.net,2026-03-03
678,Kurt Hancock,United States,janet50@example.com,2025-05-09
679,Shawn Watson,Australia,javier42@example.org,2025-03-09
680,Paula Gentry,United Kingdom,zhunter@example.com,2025-09-20
681,Gerald Webb,Japan,kimberly21@example.net,2026-06-22
682,Christine Johnson MD,Germany,smithsarah@example.net,2026-02-14
683,Felicia Small,Australia,meyerdonna@example.com,2023-09-09
684,Emily Mcclain,United States,james44@example.net,2024-12-13
685,Megan Nelson,United Kingdom,joshuasmith@example.net,2025-12-22
686,Christine Bell,Germany,joseph49@example.org,2024-04-28
687,Louis Morgan,Canada,bwilliams@example.com,2026-06-20
688,James Miller,Australia,mwhite@example.net,2026-04-09
689,Melissa Jensen,United Kingdom,martin38@example.org,2025-07-29
690,Anna Lang,United States,tdavis@example.net,2026-05-03
691,Julie Hall,United Kingdom,douglashuang@example.com,2025-02-20
692,Michael Ortega,United Kingdom,shawn01@example.com,2024-01-28
693,Joel Jackson,United Kingdom,cassandra28@example.org,2025-04-27
694,Rebecca Nguyen,Japan,,2026-02-08
695,Marc Kelley,Canada,vreyes@example.org,2026-07-19
696,Rachel Graham,United States,amy32@example.net,2026-06-11
697,Timothy Andrews,United States,mwilson@example.com,2024-12-23
698,Samantha Thompson,United States,gjones@example.net,2026-02-17
699,Jamie Snyder,Germany,davislisa@example.net,2026-04-20
700,Nicole Guerrero,Australia,yschmidt@example.net,2026-01-19
701,Daniel Rich,United States,ashley46@example.net,2025-01-21
702,Lauren Carr DDS,Australia,melissabrown@example.net,2023-10-27
703,Justin Irwin,United States,callahanmichelle@example.org,2025-06-06
704,Jennifer Flores,Canada,bsullivan@example.net,2024-06-29
705,Karen Lopez,Germany,xbridges@example.com,2024-04-01
706,Shane Martinez,Germany,jonesalfred@example.net,2025-08-31
707,Vanessa Taylor,United Kingdom,dawnperry@example.com,2026-07-21
708,Jessica White,Japan,carnold@example.com,2025-02-07
709,Jeff Smith,Germany,pbradford@example.net,2025-09-23
710,Timothy Johnston,Germany,goodashley@example.net,2025-02-28
711,John Vaughn,Canada,jessicafox@example.com,2025-07-28
712,Kelly Bishop,United States,thomasharmon@example.net,2023-12-05
713,Kimberly Riley,Germany,bergeramanda@example.org,2025-08-03
714,Taylor Berry,Germany,robert44@example.org,2023-09-29
715,Linda Torres,Japan,bryan79@example.org,2026-01-11
716,William Lamb,Australia,mitchellchristopher@example.net,2023-12-03
717,Diana Anderson,Canada,joshua40@example.net,2024-01-26
718,Susan Stevenson,Japan,lwood@example.com,2026-07-29
719,Christopher Rose,Germany,,2026-02-16
720,Brittany Crawford,Germany,ptownsend@example.net,2025-06-19
721,Carol Lane,Canada,brian41@example.org,2024-04-22
722,John Alvarez,United Kingdom,noahthornton@example.com,2024-09-16
723,Seth Smith,United Kingdom,ureyes@example.net,2026-07-01
724,Anne Schmidt,Germany,stephanie69@example.net,2024-10-02
725,Derek Garcia,Germany,rmurray@example.net,2024-08-15
726,Leah Lee,Japan,erica25@example.net,2023-08-22
727,Sandra Smith,Australia,foxgina@example.com,2024-07-11
728,Darlene Johnson,Australia,brownbrooke@example.org,2026-02-22
729,Michelle Wilson,Japan,nicholasgallagher@example.net,2026-01-01
730,Cathy Rodriguez,Japan,jonowens@example.org,2026-04-24
731,Zachary Hammond,United States,,2025-03-22
732,Zachary Scott,Germany,gregory17@example.org,2026-03-11
733,Matthew Rodriguez,United States,probinson@example.org,2025-06-21
734,Ashley Jones,United Kingdom,kimberly07@example.org,2026-05-16
735,Tasha Ortega,Germany,edward56@example.net,2023-08-11
736,Teresa Henry,Germany,upowell@example.org,2025-11-22
737,James Norris,Canada,imartinez@example.com,2025-01-04
738,Jennifer Chen,Germany,diazmelissa@example.com,2023-12-08
739,Paige Roberts,United Kingdom,gregorywilliams@example.com,2026-05-28
740,Michael Mosley,Australia,tom73@example.org,2023-09-30
741,Nathan Watkins,Australia,yprice@example.net,2026-05-01
742,Joseph Flowers,Germany,blevy@example.org,2025-01-14
743,Richard Williams,Australia,lewisdesiree@example.net,2025-07-18
744,Sheila Herrera,United States,sandyjohnson@example.org,2025-09-03
745,Kaitlin Hardin,Germany,sanchezdeborah@example.org,2024-04-29
746,Summer Hoover,United States,bryantgeorge@example.net,2023-11-13
747,Ashley Crawford,Japan,bryanharris@example.com,2026-06-24
748,Bryan Sutton,Japan,marcoconnell@example.org,2023-10-15
749,Gabriela Martinez,Canada,katherinejackson@example.com,2025-12-12
750,David Perkins,Germany,craigboone@example.net,2025-03-12
751,Alexis Tucker,Japan,smithsara@example.net,2026-05-14
752,Diane Steele,Japan,nschwartz@example.org,2026-04-25
753,Jerry Allen,Australia,cheryljohnson@example.org,2025-09-20
754,Anita Serrano,Canada,michael08@example.org,2024-05-30
755,Joseph Davis,Canada,michelle88@example.org,2025-07-27
756,Mary Hill,Australia,danielhernandez@example.com,2025-09-16
757,Michael Williams,Germany,justin64@example.com,2026-03-21
758,Olivia Williams,United States,buckleygregory@example.org,2025-08-28
759,Andrea Young,Germany,uwatkins@example.com,2024-06-09
760,Stephanie Hall,United States,nguyencorey@example.net,2025-05-07
761,Jaime Walker,Canada,drichards@example.com,2024-03-18
762,Leon Thompson,United Kingdom,derek35@example.com,2024-06-15
763,Andrew Carroll,Germany,derek77@example.com,2024-04-27
764,Colleen Phillips,United Kingdom,kristinelittle@example.net,2024-04-25
765,Kristen Hall,United States,,2026-02-09
766,Joel Smith,Germany,pfitzgerald@example.org,2024-12-26
767,Daniel Pennington,United Kingdom,robinvillanueva@example.com,2023-10-13
768,John Mack,United Kingdom,simmonsphillip@example.net,2024-01-05
769,David Hansen,Germany,steelerichard@example.org,2024-02-28
770,David Duarte,United Kingdom,castillokevin@example.net,2025-07-19
771,Nicole Johnson,Germany,iford@example.net,2025-04-26
772,Seth Sims,United Kingdom,daltonchad@example.net,2025-01-04
773,Elizabeth Mullins,Canada,kristinmiller@example.com,2023-10-30
774,Susan Cox,Germany,rodriguezmichael@example.net,2023-10-08
775,Christopher Hansen,Canada,castrokim@example.org,2025-01-07
776,Brian Mendoza,Australia,karenhodges@example.com,2025-02-03
777,Kathy Henderson,Japan,brownmichael@example.com,2025-09-22
778,Barbara Mckinney,Canada,shannon51@example.org,2025-07-17
779,James White,United Kingdom,rodriguezjoshua@example.net,2024-03-22
780,Shaun Meyer DDS,United States,robert82@example.com,2025-01-25
781,Oscar Smith,Australia,bryanwiggins@example.org,2025-10-21
782,Jennifer Cooper,Canada,todd88@example.com,2025-07-17
783,Carlos Clarke,Australia,kristinaperez@example.com,2024-10-26
784,Amber Gomez,Canada,nhuber@example.org,2025-11-14
785,William Franco,Canada,evanwilson@example.com,2026-01-14
786,David Lopez,United States,wadetiffany@example.org,2025-03-07
787,William Ferguson,United States,knapprichard@example.com,2024-03-18
788,Tanya Moore,Canada,deborah47@example.com,2026-01-13
789,Rebecca Chandler,Japan,hmorgan@example.net,2025-08-19
790,Brenda Pierce,United States,angel93@example.com,2025-02-11
791,Anthony Davidson,United States,kimberlywang@example.org,2023-09-10
792,Samuel Rhodes,United States,daughertypreston@example.com,2024-12-11
793,Kayla Brown,Germany,raymond65@example.com,2025-03-07
794,Gregory Parker,Australia,fsawyer@example.org,2025-06-26
795,Jennifer Ramos,Canada,lindawaller@example.com,2025-05-10
796,Kevin Miller,Japan,kevinmcneil@example.net,2025-01-08
797,Tyler Avila,United States,smithdanielle@example.com,2025-05-10
798,Joel Bradley,Germany,jamescollier@example.com,2025-12-13
799,Rodney Turner MD,Australia,dhansen@example.org,2023-09-16
800,Brittany Evans,United Kingdom,qmartinez@example.com,2025-05-15
801,Terry Newman,United Kingdom,wilsonjoshua@example.org,2026-02-21
802,Lauren Cunningham,United States,courtney71@example.com,2025-10-10
803,Alicia Green,Japan,thomassteven@example.net,2024-03-03
804,Anthony Ward,Japan,brandon48@example.net,2023-12-03
805,Pamela White,Australia,georgegary@example.com,2024-12-09
806,Melinda Turner,Australia,cody95@example.org,2023-08-26
807,Douglas Maxwell,Canada,kpeterson@example.org,2024-07-09
808,Daniel Lopez,United States,butlersabrina@example.org,2024-02-25
809,Karen Collins,United Kingdom,,2025-01-18
810,Eric Garner,Canada,walkermelissa@example.org,2026-07-09
811,Calvin Anderson,Japan,colemankathryn@example.org,2023-12-04
812,John Reynolds,Canada,danielmcguire@example.net,2026-02-12
813,Bryan King,United Kingdom,turneralex@example.org,2024-02-14
814,Christine Santana,Japan,ellenjohnson@example.org,2024-10-09
815,Hannah Martin,Australia,williamjones@example.net,2023-08-27
816,Michelle Brandt,Germany,rachelmedina@example.net,2024-01-06
817,Tami York,Germany,lrichardson@example.org,2025-06-18
818,Ashley Davenport,Australia,gcoleman@example.org,2025-04-30
819,William Martinez,United States,stonetyler@example.com,2026-08-04
820,Nathan Miller,Canada,swilson@example.com,2026-02-23
821,Melissa Randall,Japan,angelaroberts@example.com,2024-05-25
822,Stephanie Lang,Australia,harry71@example.com,2025-06-16
823,Megan Wilson,Australia,lmorales@example.org,2024-04-24
824,William Morgan,United States,bmartinez@example.net,2025-09-19
825,Micheal Perkins,Canada,katelyn65@example.com,2026-06-06
826,Jennifer Washington,Australia,dylan71@example.org,2024-08-29
827,David Dunlap Jr.,United Kingdom,greertyrone@example.org,2024-05-10
828,Michael Hernandez,Australia,wolfdonna@example.net,2025-09-08
829,Christina Bates,Japan,iwagner@example.com,2025-11-22
830,Tiffany Johnson,Canada,hbeard@example.com,2025-07-05
831,James Stevens,Japan,thompsondonna@example.com,2024-04-16
832,Chad Baldwin MD,Canada,carrolltracy@example.net,2026-07-05
833,Julie Hart,United Kingdom,williammyers@example.com,2026-02-09
834,Lisa Gomez,Japan,luke09@example.org,2024-02-21
835,Hannah Harmon,Germany,hubbardcolleen@example.com,2024-01-04
836,William Jenkins,Australia,stanleyjohn@example.net,2024-12-02
837,Susan Jones,United Kingdom,danny20@example.net,2024-12-24
838,Matthew Henderson,Canada,sadams@example.com,2026-02-04
839,Eugene Hudson,Japan,ashley71@example.net,2026-06-19
840,Jonathan Cain,Australia,garrett45@example.com,2024-06-14
841,Ryan Cobb PhD,United Kingdom,karlwilliams@example.net,2025-04-21
842,Lori Rubio,Canada,vargasjoshua@example.net,2025-11-07
843,Daniel Flynn,Germany,william46@example.net,2025-11-21
844,Jason King,Germany,jpowers@example.org,2023-09-03
845,Kelli Lopez,Canada,vlewis@example.com,2024-09-25
846,Kim Mendez,Germany,umichael@example.net,2023-11-07
847,Helen Hernandez,United Kingdom,juliecannon@example.com,2025-05-04
848,Ronald Brown,Australia,meghanadams@example.com,2026-05-05
849,Michael Young,Germany,daniellee@example.org,2024-11-30
850,Justin Graham,Australia,harrisjoseph@example.org,2024-09-10
851,Diana Pierce,United States,stuarttodd@example.org,2023-10-30
852,Angela Guzman,Germany,lesterrichard@example.com,2026-06-14
853,Ann Hahn,United States,joelduncan@example.net,2024-02-09
854,Sandra Herring,Australia,tyler13@example.net,2024-02-11
855,Emily Collier,Japan,vshaffer@example.org,2025-05-23
856,Brian Lewis,Australia,scott49@example.org,2025-09-05
857,Melissa Rodriguez,United Kingdom,pwells@example.com,2024-03-18
858,Mike Underwood,Japan,brewerrebecca@example.org,2026-05-30
859,Amy Lowery,Japan,,2026-07-29
860,Robert Martinez,Germany,miaprice@example.com,2024-09-05
861,Timothy Sherman,Germany,jason27@example.net,2024-12-10
862,Pamela Sullivan,Germany,hillchristopher@example.com,2025-08-06
863,Tammy Cook,Australia,gmcdowell@example.org,2026-07-26
864,Austin Fisher,Japan,shawn00@example.net,2026-04-28
865,Jeremy Davidson,United Kingdom,moralescourtney@example.com,2026-01-16
866,Christopher Black,United Kingdom,melaniejennings@example.com,2025-07-07
867,Nicholas Green,United States,lauren31@example.com,2025-02-27
868,Shawn Duffy,Canada,andrewjohnson@example.net,2026-05-07
869,Crystal Davis,United Kingdom,,2023-10-22
870,Jeffrey Green,Germany,rubiogeorge@example.net,2024-02-04
871,Joseph Ayala,United States,fwilcox@example.org,2024-07-19
872,Cheryl Atkins,Germany,keith76@example.org,2025-06-06
873,Lindsay Carney,Japan,jessica36@example.org,2025-05-01
874,Alyssa Cherry,Japan,christinesolomon@example.com,2026-01-27
875,Judith Smith,Australia,,2026-07-07
876,James Henderson,Germany,charles80@example.org,2025-01-04
877,Kaitlin Gomez,United Kingdom,smithwilliam@example.com,2024-11-17
878,Megan Anderson,Canada,carpenterjorge@example.net,2025-09-09
879,Sherry Anderson,Germany,jennifer62@example.com,2024-02-03
880,William Porter,United Kingdom,julie64@example.com,2026-03-15
881,Tammy Black,United States,ustafford@example.net,2025-09-07
882,Brittany Farrell,Germany,,2024-07-28
883,John Martin,United States,fgraham@example.org,2025-06-21
884,Michael Washington,United Kingdom,urodriguez@example.org,2024-02-14
885,Dalton Mitchell,United Kingdom,karencarson@example.net,2026-06-01
886,Lauren Bonilla,United Kingdom,robertjones@example.com,2026-06-22
887,Gary Mitchell,United Kingdom,longbrittany@example.org,2024-12-20
888,Brad Rivas,Japan,rgibson@example.net,2026-05-24
889,Wayne Douglas,Australia,unguyen@example.net,2026-01-06
890,Scott Solis,United Kingdom,marcus01@example.net,2026-02-26
891,James Thompson,Japan,ndavis@example.org,2025-03-31
892,Dominique Goodwin,Canada,davidhenry@example.com,2024-11-29
893,Lindsey Howard,Japan,collierwilliam@example.com,2025-06-27
894,Karen Hart,United States,bdavis@example.com,2026-03-16
895,Mark Davis,Canada,teresa32@example.com,2025-11-02
896,Kelly Roberts,United States,zmiller@example.com,2024-11-14
897,Carl Leach,Australia,alexandraphillips@example.org,2025-12-08
898,Andrew Rodriguez,Germany,dgutierrez@example.net,2026-01-05
899,Heather Richards,Germany,wilsondorothy@example.org,2024-05-15
900,Amber Butler,Japan,,2024-09-20
901,Thomas Patrick,United States,jacobburgess@example.net,2024-09-11
902,Ashley Ferguson,Australia,fosteralexander@example.net,2025-08-16
903,Jared Sandoval,Germany,nturner@example.com,2026-07-13
904,Melissa Foster,Australia,christopher20@example.org,2024-01-26
905,Melissa Lopez,Australia,clarkdeborah@example.net,2024-08-15
906,Mark Tyler,Germany,christophercarrillo@example.org,2025-08-11
907,Bruce Barrera,Germany,emaynard@example.org,2025-07-04
908,Christina Hudson,Canada,awilliams@example.org,2026-04-11
909,Jessica Perry,Canada,mmclaughlin@example.net,2025-12-14
910,Mrs. Jennifer Palmer DDS,United Kingdom,dhall@example.net,2023-09-04
911,Ethan Brown,United States,hsmall@example.com,2026-03-30
912,Hannah Terry,Germany,martinjessica@example.com,2025-01-21
913,Jordan Matthews,Australia,sandra72@example.com,2025-04-03
914,Sandra Nunez,United States,laura29@example.org,2024-10-17
915,Angelica Webb,United Kingdom,jamesobrien@example.org,2025-05-13
916,Katherine Young,Australia,kiddmichael@example.com,2025-02-10
917,Carrie Villarreal,Japan,romanmatthew@example.org,2026-03-22
918,Justin Tucker,United Kingdom,kristen08@example.com,2024-03-27
919,Shelly Munoz,Germany,mccarthysara@example.com,2025-07-16
920,Nicole Villegas,Japan,colonbobby@example.org,2024-04-21
921,Shelby Bartlett,Japan,jessicaerickson@example.net,2025-09-18
922,Annette Holland,United Kingdom,lori13@example.com,2025-05-12
923,Adriana Davenport,Germany,gpeterson@example.org,2023-12-16
924,Mike Perry,Australia,edwardmolina@example.com,2024-07-25
925,Jeffrey Hardin,Japan,hcrane@example.net,2025-02-17
926,Jessica Carrillo,United Kingdom,millerleroy@example.org,2025-06-10
927,Peter Keller,United Kingdom,rachelbrown@example.net,2026-05-27
928,Valerie Barnes,Australia,jennifer55@example.org,2024-10-13
929,Lisa Thomas,Germany,ngriffin@example.net,2026-04-01
930,Marissa Terry,United Kingdom,trowe@example.org,2023-10-02
931,Jean Higgins,United Kingdom,abigailfernandez@example.org,2023-12-28
932,Emily Peterson,United Kingdom,andrewzamora@example.net,2026-02-11
933,Ronnie Torres,United States,hbenitez@example.net,2023-11-07
934,Debbie Romero,Canada,williamsdebra@example.org,2025-07-03
935,Norman Chavez,Australia,lindazhang@example.net,2026-04-07
936,Sarah Hall,United States,justin92@example.net,2025-03-14
937,Danielle Murphy,United Kingdom,mackenzieward@example.org,2024-03-20
938,Sandra Miller,Canada,colemandavid@example.org,2025-06-29
939,Michael Powell,Australia,lwiggins@example.com,2026-04-20
940,Jeremiah Galvan,Japan,adennis@example.org,2024-03-17
941,Kari Ellis,Australia,bensonstanley@example.org,2024-04-05
942,Jaclyn Crane,United States,xrodriguez@example.net,2024-10-28
943,Christian Watson,United States,kevin70@example.org,2024-03-13
944,Jennifer Zuniga,United States,pamela32@example.net,2025-09-03
945,Joshua Jones,Australia,butlerashley@example.net,2025-07-08
946,Rachael Alvarez,Germany,kathleenwagner@example.com,2025-07-04
947,Brittany Luna,United Kingdom,marshelizabeth@example.com,2025-03-29
948,James Weaver,Australia,pfitzgerald@example.org,2024-04-19
949,Laura Hogan,Japan,ann18@example.org,2024-05-30
950,Kimberly Todd,Japan,karenshaw@example.org,2024-02-08
951,Kim Rivers,Japan,kristin39@example.com,2023-12-15
952,Lisa Morales,United Kingdom,henrysarah@example.com,2025-06-14
953,Alexander Rice,Canada,hscott@example.org,2025-11-24
954,Charles Scott,United States,moorestephanie@example.net,2024-04-24
955,Tyrone White,United Kingdom,evanscorey@example.org,2025-05-08
956,Deanna David,United States,williamsjohn@example.net,2026-02-01
957,Jordan Gordon,United Kingdom,adamslucas@example.net,2025-04-29
958,Allen Schultz,United States,adamstabitha@example.net,2024-01-10
959,Justin Glover,United Kingdom,ashley71@example.net,2025-09-21
960,Walter Brooks,Canada,kimberlymedina@example.com,2025-12-15
961,Aaron Marshall,Australia,denise20@example.org,2025-08-24
962,David Frazier,Japan,megan39@example.net,2024-10-16
963,Patrick Hart,United States,christopher12@example.net,2025-12-17
964,Dr. Christine Wagner PhD,United Kingdom,cynthia74@example.org,2026-05-30
965,Mrs. Julia Greene,Canada,sloandennis@example.org,2026-03-08
966,Steven Chambers,Canada,speters@example.net,2025-09-03
967,Kimberly Cobb,Japan,ryanpatricia@example.net,2025-06-27
968,Heather Hess,United Kingdom,paul01@example.com,2025-03-03
969,Jill Walker,Australia,changerin@example.net,2025-02-11
970,Robert Garrett,United States,jimsnyder@example.com,2023-10-02
971,Tanner Mann,Australia,adrianjoyce@example.net,2025-04-12
972,Donald Mason,Germany,andreakeller@example.net,2026-06-15
973,Krystal Jones,Canada,julieanderson@example.net,2024-07-25
974,Monica Hill,Canada,braunheather@example.net,2026-03-17
975,Justin Gibson,Japan,pdavidson@example.org,2024-12-19
976,Zachary Hill,United Kingdom,hsimpson@example.org,2024-07-19
977,Thomas Patel,Germany,adam35@example.org,2026-01-10
978,Wanda Perez,Germany,prosario@example.org,2024-04-17
979,Arthur Garrett,Germany,castillolindsey@example.net,2026-04-04
980,Sara Wright,United Kingdom,vallen@example.org,2025-01-05
981,Cynthia Jones,United States,oduran@example.com,2026-01-21
982,William Rangel,Canada,sedwards@example.org,2024-02-20
983,Robert Brown,United Kingdom,rjones@example.org,2025-12-21
984,Samuel Morales,Germany,mhall@example.net,2026-04-01
985,James Pope,Canada,morgansharon@example.org,2025-07-11
986,Leah Rodriguez,Canada,larsoncarlos@example.org,2026-01-12
987,Jordan Kelly,Germany,chardy@example.org,2024-08-17
988,Andrew Anderson,Germany,ppalmer@example.com,2024-12-01
989,Kimberly Thomas,Canada,vparker@example.com,2025-02-28
990,Kelly Sandoval,Japan,brianhunter@example.net,2023-10-29
991,Craig Gonzalez,Australia,kristenpeterson@example.net,2025-08-14
992,Vicki Greene,Australia,melissa95@example.net,2024-11-13
993,Christopher Gibson,Canada,crawfordsamantha@example.net,2024-07-17
994,Julie Lewis,United States,vnavarro@example.net,2025-03-11
995,Clinton Fritz,United States,alejandro50@example.net,2024-01-31
996,Jeremiah Welch,Japan,bradley03@example.org,2024-10-20
997,Stephen Higgins,United Kingdom,melanie32@example.org,2023-09-08
998,Dennis Garcia,Canada,nicholascobb@example.org,2025-01-12
999,Elizabeth Allen,United States,donna89@example.com,2023-11-15
1000,Stephen Anderson,Canada,jamesgray@example.com,2024-12-11
1001,Vanessa Sanchez,Japan,hinesbrenda@example.net,2024-11-04
1002,Erin Brown,Germany,monique89@example.com,2024-06-26
1003,Rachel Gibbs,Japan,jacksonpaul@example.net,2025-10-04
1004,Joseph White,Japan,alicia77@example.com,2024-09-25
1005,Margaret Gibbs,Japan,clarkpatricia@example.com,2024-08-04
1006,Eric Oneal,United States,selenabrooks@example.net,2023-12-15
1007,Bradley Wallace,Japan,jerry07@example.net,2026-03-27
1008,Jerry Reynolds,Germany,linda54@example.com,2023-09-13
1009,David Brewer,Germany,rachel48@example.net,2025-12-02
1010,Rachel House,Germany,wilsonmichael@example.net,2024-06-12
1011,Michael Wright,United Kingdom,james92@example.net,2025-11-26
1012,Alexa Evans,Japan,krista66@example.net,2026-05-19
1013,Matthew Hays,Germany,michelleperez@example.net,2024-06-27
1014,Jose Hartman,United Kingdom,dsharp@example.com,2023-12-17
1015,Cole Carrillo,Japan,cclark@example.net,2023-09-21
1016,Kenneth Anderson,Japan,porterdonna@example.com,2025-01-14
1017,Jeffery Goodwin,Canada,mark09@example.org,2024-03-09
1018,Troy Rivera,Japan,nbaird@example.com,2023-11-12
1019,Chelsea Rodriguez,Australia,tfowler@example.org,2024-04-28
1020,Juan Johnson,Canada,mjohnson@example.org,2025-03-27
1021,David Keller,United States,gibsonmiguel@example.org,2024-04-28
1022,Theodore Myers,Australia,andersonrobert@example.net,2023-11-20
1023,Steven Clark,United States,kylemeyers@example.net,2025-08-12
1024,Kenneth Collins,United Kingdom,waynecohen@example.com,2024-06-14
1025,Charles Brown,Australia,pjacobs@example.net,2024-12-28
1026,Sherry Stevens,Canada,mclaughlinkeith@example.com,2025-01-25
1027,Michelle Evans,United States,robertwhite@example.net,2025-06-07
1028,Thomas White,United States,longsonya@example.org,2024-04-07
1029,Mark Carter,United States,wolfejennifer@example.org,2025-09-10
1030,Philip Martinez,Japan,charles18@example.com,2025-05-04
1031,David Hunter,Canada,ojohnson@example.net,2026-06-20
1032,Jane Reese,United States,randysmith@example.org,2024-03-05
1033,Paul Washington,Canada,millerdiane@example.net,2025-06-15
1034,Robert Skinner,Germany,marylawson@example.org,2024-11-04
1035,Patrick Jackson,Germany,byrderic@example.com,2024-05-08
1036,Andrew Leonard,Australia,scottwilliams@example.net,2025-10-26
1037,Michelle Prince,Japan,cvaughn@example.org,2026-02-20
1038,Raymond Wang,Germany,nicholasallen@example.org,2023-08-30
1039,William Rogers,United Kingdom,erinbrown@example.org,2026-06-02
1040,Christopher Perry,Canada,ochoamarcus@example.net,2024-05-26
1041,Taylor Foster,United States,nmartinez@example.org,2025-02-09
1042,Adrian Valdez,United Kingdom,pricestephen@example.org,2026-05-24
1043,Marie Wood,Australia,mcclurerobert@example.net,2025-09-20
1044,Mrs. Kimberly Mooney,United Kingdom,johnathandavis@example.com,2026-04-12
1045,Megan Compton,Australia,,2024-12-11
1046,Mary Jones,Germany,franklinbrenda@example.com,2025-10-07
1047,Crystal Matthews,Canada,hallchristina@example.org,2024-11-27
1048,Jeffrey Sanchez,Australia,brownnicholas@example.com,2024-06-14
1049,Dan Johnson,United States,vstevenson@example.org,2024-10-11
1050,Richard Williams,United Kingdom,swong@example.org,2024-07-26
1051,Erin Allen,Australia,knoxelizabeth@example.org,2026-07-08
1052,Courtney Salas,Japan,isaiah01@example.com,2023-11-22
1053,Amy Braun,Australia,davidthompson@example.net,2024-06-18
1054,Blake Hardy,United States,frank33@example.com,2024-05-06
1055,Elizabeth Ray,Germany,josephharrington@example.org,2025-02-14
1056,Christopher Alexander,Canada,ywolf@example.com,2023-09-05
1057,Jessica Miller,Japan,brooke28@example.net,2024-05-04
1058,John Chavez,United States,ehart@example.org,2025-01-04
1059,John Moore,Australia,adamhensley@example.net,2025-03-09
1060,Timothy Bentley DVM,United States,patrick49@example.org,2025-05-02
1061,Wendy Martinez,United Kingdom,jamesgraham@example.com,2025-01-28
1062,Katherine Barker,United States,curtissara@example.net,2024-08-23
1063,Andrew Li,Canada,terrydeanna@example.com,2026-03-03
1064,Michael King,Canada,alexanderwise@example.net,2025-03-25
1065,Kevin Santana,United States,nancymartin@example.com,2024-09-01
1066,Kathryn Ferguson,United Kingdom,uwillis@example.com,2023-12-22
1067,Kenneth Salinas,Japan,josephclark@example.net,2025-04-15
1068,Abigail Jackson,Australia,esmith@example.net,2025-05-16
1069,Mary Quinn,Japan,,2024-06-08
1070,Mr. Brian Bradley,United Kingdom,jacobbrown@example.org,2024-05-30
1071,Steven Ortiz,Germany,oneillgabriel@example.com,2023-12-17
1072,Donald Peterson,Canada,,2023-08-20
1073,Paul Smith,Germany,davisalexa@example.org,2025-03-11
1074,Victoria Juarez,Australia,vkennedy@example.net,2025-06-03
1075,Michael Cooper,United Kingdom,lisa56@example.com,2026-03-11
1076,Henry Rivera,Australia,smithmonica@example.com,2024-03-08
1077,Bryce Schmidt,Germany,miguelmontgomery@example.net,2025-08-13
1078,Mary Smith,United Kingdom,allen50@example.net,2024-12-23
1079,Cynthia Washington,Japan,baileysheila@example.com,2026-05-24
1080,Susan Navarro,Japan,catherine28@example.net,2025-09-27
1081,Jonathan Miller,Germany,cjackson@example.org,2025-08-24
1082,Cynthia Lewis,Germany,garciavictoria@example.org,2024-04-10
1083,Erin Reyes,Canada,jeffrey47@example.net,2024-02-13
1084,Tammy Schultz,Japan,sdavis@example.com,2024-07-18
1085,Pamela Burke,Canada,nicholas68@example.com,2024-08-02
1086,Brian Miller,Germany,petersonbrittany@example.org,2024-02-02
1087,Bethany Edwards,Australia,aray@example.com,2023-11-10
1088,Cheryl Price,United Kingdom,xflores@example.net,2024-02-18
1089,Lindsay Walker,Japan,dsmith@example.com,2024-03-17
1090,Elizabeth Robinson,United Kingdom,shernandez@example.org,2026-06-04
1091,Samantha Johnson,Canada,kyle14@example.net,2026-01-13
1092,Ronald Simpson,Canada,zbrown@example.com,2024-03-30
1093,Christine Oconnor,United States,isabellawilliams@example.org,2025-09-01
1094,Elizabeth Briggs,Australia,vickiekelley@example.com,2025-05-23
1095,Wanda Todd,Japan,ujones@example.com,2024-10-17
1096,Chloe Chase,Japan,udavis@example.net,2023-10-29
1097,Michelle Ellis,Canada,barbararamos@example.com,2024-10-31
1098,Christine Brock,Australia,jillsmith@example.net,2026-01-16
1099,Richard Garrison,United Kingdom,bclements@example.net,2024-04-23
1100,Anne Mccann,Japan,sierrawilson@example.net,2026-05-11
1101,Jeffrey Hernandez,Canada,hsanchez@example.org,2025-04-13
1102,Michael Blevins DDS,United States,yparsons@example.net,2026-05-24
1103,John Meyers,Germany,phill@example.com,2025-02-26
1104,Bruce Martinez,Japan,andrewberry@example.net,2025-08-19
1105,Patrick Bauer,Australia,patrickcooke@example.net,2025-06-09
1106,Calvin Nguyen,Germany,richardhaynes@example.com,2025-12-16
1107,Rachel Moreno,United Kingdom,stonebrenda@example.net,2026-05-14
1108,Paul Sheppard,United States,whitecarol@example.org,2023-08-14
1109,Rebecca Martinez,Japan,baileydelgado@example.org,2025-12-26
1110,Paul Miller,Germany,huntermichael@example.net,2024-04-28
1111,Tony Smith,Australia,brandon84@example.net,2025-11-12
1112,Kenneth Neal,Germany,catherine83@example.net,2024-01-06
1113,Amanda Johnson,Canada,kevinwall@example.org,2026-02-26
1114,Leslie Ramirez,Germany,qjones@example.com,2025-03-21
1115,Carla Bryant,United Kingdom,erica28@example.org,2023-11-23
1116,Debra Schultz,Germany,jenniferelliott@example.net,2025-10-08
1117,Jennifer Hernandez,United Kingdom,mgray@example.org,2023-12-04
1118,Joseph Sutton,United Kingdom,ojones@example.org,2025-02-19
1119,Paula Thomas,Australia,joshuagarcia@example.org,2025-03-16
1120,Rachel Martinez,Canada,brianna71@example.net,2025-01-28
1121,Sharon Arnold,United States,mosleygeorge@example.com,2024-05-12
1122,Patrick Faulkner,United Kingdom,iwoods@example.com,2023-08-20
1123,Michelle Sandoval,Germany,nicholasmoss@example.org,2026-04-24
1124,Michelle Wright,Australia,lmann@example.com,2025-02-05
1125,Kathryn Hill,Germany,tmeyer@example.org,2024-11-22
1126,Angie Torres,United Kingdom,megan11@example.net,2024-08-12
1127,Carmen Brown,Australia,angela70@example.com,2026-06-22
1128,Monica Castillo,Germany,sullivanchristina@example.net,2023-08-17
1129,Michele Brady,Japan,virginiaguerrero@example.net,2026-07-03
1130,Lisa Oconnell,Canada,gregoryrichardson@example.org,2025-10-11
1131,Anthony Simpson,Germany,nathanielwilson@example.net,2024-08-27
1132,Sarah Hodge,Canada,,2023-08-09
1133,Laura Robinson,United Kingdom,sarah80@example.com,2026-03-22
1134,Amy Smith,United Kingdom,wmurphy@example.org,2023-08-14
1135,Nathan Morales,United Kingdom,garciatravis@example.org,2025-11-04
1136,Brittany Martinez,Canada,xsmith@example.net,2024-08-28
1137,James Evans,Germany,imcclain@example.com,2024-01-21
1138,Mary Gonzales MD,Japan,tsmith@example.org,2024-01-24
1139,Andrew Foster,Canada,,2026-06-04
1140,Mrs. Katherine Simpson,Australia,markduran@example.com,2025-09-23
1141,Natalie Petersen,Japan,danielrodriguez@example.org,2024-02-17
1142,Jonathan Saunders,Germany,brettgallegos@example.com,2026-02-18
1143,Jessica Roberts,Germany,bmiller@example.org,2026-03-22
1144,Jorge Wright,Canada,linvirginia@example.org,2026-06-06
1145,Christina Mccarthy,United States,hayneswayne@example.org,2024-05-25
1146,Leslie Walters MD,Japan,richardhill@example.org,2024-03-20
1147,Luis Davis,United Kingdom,jamesalicia@example.net,2026-04-15
1148,Courtney Simmons,Japan,hicksdawn@example.com,2024-01-23
1149,Douglas Bell,Germany,dwright@example.org,2023-10-08
1150,Matthew Morris,Australia,,2024-05-19
1151,John Cook,Germany,davisalexander@example.net,2024-02-24
1152,Patrick Ward,Canada,john43@example.net,2025-03-24
1153,Brian Soto,United States,williamstanya@example.net,2024-05-27
1154,Jeremy Garcia,United Kingdom,kevin73@example.net,2024-03-31
1155,Corey Pierce,Japan,patricia85@example.com,2025-07-02
1156,Autumn Graham,United States,gbarnes@example.org,2024-04-21
1157,Melissa Anderson,United Kingdom,sosabruce@example.net,2024-05-27
1158,Jennifer Cohen,Germany,martinkaren@example.com,2025-12-26
1159,Jennifer Nelson,Australia,adamarmstrong@example.net,2026-07-23
1160,Timothy Hunt,Germany,kevin34@example.net,2024-09-26
1161,Carolyn Williams,Canada,kellybowman@example.com,2024-02-28
1162,Richard Day,Canada,veronicaclark@example.org,2023-08-08
1163,Mackenzie Compton,Australia,christopher84@example.net,2024-02-29
1164,Logan Nguyen,Japan,garrettalex@example.com,2024-07-11
1165,Diana Scott,United States,medinatiffany@example.net,2024-01-18
1166,Melissa Bautista,Australia,molly98@example.org,2025-06-22
1167,Derrick Perkins,United States,omoore@example.net,2025-06-10
1168,Steven Davis,United Kingdom,stephenochoa@example.org,2024-05-25
1169,Terri White,Japan,andrew22@example.com,2026-07-08
1170,Andrea Jones,Canada,spencerbrewer@example.com,2024-01-08
1171,Breanna Christensen,Japan,morrisonnicholas@example.org,2024-01-23
1172,Pamela Newman,Germany,andersonkayla@example.com,2024-03-14
1173,Linda Sparks,Canada,rosariodaniel@example.net,2025-01-12
1174,Angela Taylor,United States,tochoa@example.com,2025-08-18
1175,Anthony Holt,Canada,smithbradley@example.net,2024-11-08
1176,Stephen Perry,Germany,barrandrew@example.com,2025-03-26
1177,Matthew Perez,Canada,tmcdaniel@example.org,2025-09-08
1178,Brian Garcia,Australia,michael95@example.org,2025-02-16
1179,Tamara Huang,United States,gregorymoreno@example.net,2024-05-13
1180,Brittany Contreras,Germany,colleen45@example.org,2024-09-30
1181,Mary Cantu,Australia,mccormickmichelle@example.org,2026-05-20
1182,Charles Griffin,United Kingdom,hbriggs@example.net,2025-05-31
1183,Diana Davis,Japan,huntercruz@example.com,2025-09-11
1184,Michael Gutierrez,Australia,devon36@example.com,2025-12-06
1185,Joseph Patel PhD,United Kingdom,tmiller@example.com,2025-11-01
1186,Melissa Goodman,Germany,youngaaron@example.org,2025-02-18
1187,Tina Mccall,Germany,pruittmichael@example.org,2024-11-05
1188,Russell Arnold,Germany,osanchez@example.org,2024-03-07
1189,Michael Thomas,United States,hortonroger@example.org,2026-07-30
1190,Kevin Woods,Germany,anthonydiaz@example.org,2024-08-20
1191,Keith Cervantes,Japan,kathyharrison@example.org,2025-11-02
1192,Elizabeth Jenkins,United States,scott04@example.org,2024-04-04
1193,Marvin Munoz,Germany,wesleysmith@example.com,2026-06-27
1194,Jordan Dawson,United States,samantha84@example.net,2024-07-24
1195,Christopher Dudley,Japan,ispence@example.net,2024-06-30
1196,Anthony Long,Japan,velasqueztaylor@example.com,2026-05-15
1197,Samantha Martin,Australia,deborah34@example.org,2024-01-15
1198,Larry Bradford,United States,allenfrancisco@example.org,2023-11-15
1199,Adam Browning,Canada,andrealittle@example.org,2024-08-13
1200,William Cunningham,United Kingdom,uwilliams@example.org,2024-11-27
1201,Howard Campbell,Germany,uporter@example.com,2025-02-08
1202,Michele Davis,United Kingdom,gmosley@example.org,2025-09-24
1203,Brittany Matthews,Japan,cwoods@example.com,2024-04-12
1204,Joel Mcclure,United Kingdom,cisnerosjesse@example.org,2026-06-29
1205,Patricia Martin,Canada,seth25@example.com,2025-02-15
1206,Teresa Williams,United Kingdom,nallen@example.net,2023-11-30
1207,Latasha Gamble,Australia,ballarddouglas@example.com,2025-12-02
1208,Rebecca Jacobson,United Kingdom,udavis@example.org,2024-11-07
1209,Douglas Cox,Japan,jonesjennifer@example.com,2024-09-09
1210,Dr. Pamela Ramos,Japan,shelbybonilla@example.com,2023-10-06
1211,Dustin Ortiz,Australia,,2024-12-05
1212,Michael Hunter,Germany,natalie09@example.net,2023-11-02
1213,Danielle Nicholson,United States,mooredaniel@example.com,2024-04-07
1214,Sarah Walker,Germany,wcaldwell@example.com,2025-08-02
1215,Stephanie Marshall,Japan,whitedaniel@example.com,2025-06-08
1216,Gary Stewart,Germany,vlewis@example.com,2024-01-30
1217,Andrew Moore,United Kingdom,nthomas@example.com,2026-01-04
1218,Kyle James,United Kingdom,kristine73@example.org,2024-06-29
1219,Tiffany Sutton,Japan,johnny21@example.org,2023-11-21
1220,Brad Russo,Japan,hsavage@example.org,2026-06-11
1221,Cathy Brown,Germany,wpeterson@example.com,2024-04-17
1222,Tom Olson,Germany,tammykim@example.net,2026-01-07
1223,Adam Logan,United Kingdom,christiancontreras@example.net,2024-03-17
1224,William Mcmillan,United States,alexis72@example.com,2024-12-09
1225,Wayne Russell,Australia,mcneilsherry@example.org,2026-04-17
1226,Wayne Davis,United States,julielopez@example.net,2025-12-01
1227,Lindsay Robinson,Japan,stephaniebonilla@example.net,2023-08-28
1228,Jack Turner,Germany,wayne17@example.net,2025-07-14
1229,Guy Clayton,United States,wmills@example.com,2024-01-29
1230,Judy Brooks,Germany,amyjames@example.net,2026-07-10
1231,Madison Park,Canada,cowanlinda@example.org,2023-12-23
1232,Lisa Jenkins,United Kingdom,nbrady@example.net,2024-01-07
1233,Kathy Shaffer,Australia,melissa33@example.com,2025-12-09
1234,Craig Harrison,Germany,belllaura@example.com,2025-05-08
1235,Maria Mueller,Australia,xsmith@example.org,2025-10-02
1236,Shawn Baker,Germany,anunez@example.com,2023-09-25
1237,Christian Brooks,Germany,matthew96@example.org,2025-12-16
1238,Cheryl Newman,Australia,solisbecky@example.org,2026-04-20
1239,Nicholas Powell,Australia,zachary63@example.org,2024-02-18
1240,Lynn Mueller,United States,mary25@example.org,2023-12-28
1241,Jeffrey Fuller,Germany,anthonyzimmerman@example.org,2026-01-10
1242,Patrick Anderson,Canada,xwalters@example.com,2024-05-21
1243,Steven Phillips,United States,jessicaroman@example.com,2024-09-13
1244,Denise Donovan,Japan,littlebeth@example.org,2024-01-25
1245,Kyle Rodriguez,Japan,jose21@example.org,2025-09-11
1246,Susan Clark,United Kingdom,henryandrew@example.org,2025-08-30
1247,Angela Mcdaniel,Canada,opreston@example.com,2024-04-12
1248,Adam White,Germany,wilsonmatthew@example.com,2025-08-26
1249,Lindsay Smith DDS,Canada,sara39@example.org,2025-11-15
1250,Jorge Hernandez,Japan,danny30@example.com,2024-03-08
1251,Nicholas Case,Germany,joshua31@example.com,2025-12-09
1252,Julie Lamb,Canada,zhunt@example.org,2024-08-28
1253,Michael Clay,Australia,suzanne19@example.net,2024-12-02
1254,Daniel Bowen,United States,bandrade@example.net,2024-10-01
1255,Lisa Lawson,Germany,wgonzalez@example.com,2026-04-14
1256,Joanna Preston,Australia,brenda49@example.net,2025-11-07
1257,Allen White,United States,ruben25@example.org,2023-11-26
1258,Jacob Thomas,Canada,david50@example.net,2024-12-28
1259,Keith Morris,Germany,annacruz@example.net,2024-06-30
1260,Ashley Ramirez,United Kingdom,berrydebbie@example.net,2025-06-12
1261,Francisco Gonzalez,United Kingdom,rjimenez@example.com,2024-02-07
1262,Christopher Murphy,Japan,byoung@example.com,2023-09-02
1263,Savannah Travis,Australia,zmitchell@example.org,2025-11-11
1264,Amanda Newman,Germany,harrisonmaria@example.com,2024-11-15
1265,Paul Ross,Australia,,2026-07-22
1266,Mrs. Margaret Lozano,Canada,sharon10@example.org,2023-10-19
1267,Brenda Holder,United Kingdom,fperez@example.org,2025-03-01
1268,Kimberly Smith,Australia,greenkristen@example.org,2023-10-19
1269,Angela Murphy,Japan,knelson@example.org,2026-01-28
1270,Cameron Atkins,Germany,qwalsh@example.org,2025-10-24
1271,Laura Stanley,United Kingdom,marc73@example.org,2024-09-18
1272,Michelle Gomez,Australia,donnamoss@example.org,2026-07-20
1273,Wesley Brown,Australia,santiagotaylor@example.com,2024-05-23
1274,Gilbert Cervantes DDS,Germany,kathleen47@example.net,2024-04-01
1275,Ashley Anderson,Japan,paul79@example.net,2024-06-16
1276,Chelsea Ramirez,Canada,ginalynn@example.net,2026-05-09
1277,Joel Rodriguez,Japan,allenpatricia@example.org,2024-09-23
1278,Matthew Chavez,Canada,david81@example.com,2025-06-06
1279,James Jordan,United States,brian45@example.org,2023-10-21
1280,Monique Henderson,Australia,jaime29@example.com,2025-11-05
1281,Kelly Rodriguez,Australia,lucassusan@example.org,2024-01-31
1282,Andrew Adams,United Kingdom,pateljoshua@example.net,2026-07-27
1283,Jenna Garcia,United States,,2026-04-21
1284,Kyle Gross,Australia,lopezrebecca@example.net,2025-08-15
1285,Sarah Watts,Canada,lesliejones@example.org,2025-01-02
1286,Brenda Smith,Germany,bpatterson@example.org,2024-09-18
1287,Carolyn Wolf,Canada,wheelertara@example.net,2023-08-07
1288,David Rodriguez PhD,Australia,mary88@example.org,2024-03-20
1289,Ariel Lara,Australia,shaun58@example.com,2026-06-01
1290,Mr. Adam Gomez,Canada,patricia97@example.org,2024-09-28
1291,Monica Smith,Germany,qchase@example.org,2025-02-10
1292,Mr. Patrick Mcpherson MD,United States,leestephanie@example.net,2024-01-20
1293,Sherry Shelton,Australia,harcher@example.org,2024-09-21
1294,Hannah Rivera,United Kingdom,rlandry@example.com,2024-05-28
1295,Joseph Cooper,Canada,hamiltonspencer@example.com,2024-10-27
1296,Adam Ho,Canada,stevenhernandez@example.com,2026-04-01
1297,Carla Tucker,United Kingdom,marshalexis@example.org,2024-07-08
1298,Kevin Brown,Canada,adam50@example.org,2024-08-30
1299,Shawn Glover,United Kingdom,stephaniereeves@example.org,2024-06-06
1300,Thomas Carter,United Kingdom,kennedymichael@example.net,2026-04-21
1301,James Strong,United Kingdom,samantha94@example.org,2025-12-28
1302,Shawn Brock,Germany,feliciagonzalez@example.org,2025-05-13
1303,Elizabeth Miller,United States,ygardner@example.com,2024-01-02
1304,Jeremy Edwards,United States,taylor67@example.com,2025-05-04
1305,Thomas Johnson,Japan,idavis@example.net,2024-11-17
1306,Lauren Watson,Germany,brian62@example.com,2026-06-11
1307,Robert Golden,Japan,fcombs@example.org,2024-09-28
1308,Marie Cook,Australia,shortariana@example.net,2025-01-01
1309,Barbara Richards,United States,mileszachary@example.net,2025-09-13
1310,Steven Bowman,United States,kevincollins@example.org,2025-08-28
1311,Christina Jones,United States,cassandramartinez@example.org,2024-08-24
1312,John Wall,Canada,hmyers@example.com,2025-04-25
1313,Mr. David Abbott,Japan,lorraine79@example.org,2025-06-07
1314,Alex Thomas,Germany,georgeharmon@example.net,2024-06-12
1315,Dylan Contreras,Japan,rrichardson@example.com,2025-03-27
1316,Ashley Butler,Australia,,2024-02-08
1317,Alexandra Turner,United States,wwilliams@example.org,2025-08-01
1318,Judy Smith,Germany,michaelfoley@example.net,2024-06-28
1319,Michael Myers,Japan,thompsonedward@example.net,2025-12-27
1320,Mike Buchanan,United States,kristen46@example.org,2026-05-04
1321,Dr. Larry White,United States,david59@example.net,2025-01-27
1322,Sandra Jones,Germany,christianerik@example.org,2026-06-04
1323,Timothy Alvarez,Australia,tinastokes@example.net,2024-08-07
1324,Spencer Chandler,United Kingdom,acampos@example.org,2023-11-10
1325,Ashley Bradford,Germany,alexandernicholas@example.net,2023-09-20
1326,Erica Hale,United Kingdom,oanderson@example.net,2025-12-17
1327,David Kim,Australia,jeremiah26@example.net,2024-05-30
1328,Alexander Moyer,Canada,harrislisa@example.org,2025-02-14
1329,Laura Lin,Germany,jacob87@example.org,2024-06-23
1330,Kara Bell,United Kingdom,lauriegonzales@example.net,2025-03-12
1331,Laura Martinez,Australia,craig73@example.org,2026-02-25
1332,Alison Nicholson,Japan,sandra46@example.net,2025-02-11
1333,Seth Donaldson,United States,fergusonjohn@example.net,2026-03-12
1334,Jennifer Brown,Canada,aguilarsharon@example.com,2026-05-16
1335,George Green,Germany,pamela02@example.org,2025-12-02
1336,Erin Todd,United Kingdom,youngcharles@example.net,2026-03-10
1337,Pamela Johnson,Japan,dodsoncarly@example.net,2023-12-09
1338,Karen Anderson,United Kingdom,garciatyler@example.org,2026-05-12
1339,John Harrington,Australia,andrewbrown@example.org,2025-11-12
1340,Jamie Sutton,Germany,tranbrett@example.com,2026-07-21
1341,Michael Dunn,Australia,kimpenny@example.com,2025-02-02
1342,Jeffrey Brown,United Kingdom,christophersmith@example.com,2025-11-15
1343,Wendy Smith,Germany,lisajones@example.org,2025-06-17
1344,Andrew Bailey,United Kingdom,whitneyanderson@example.com,2025-08-18
1345,Mary Jones,United States,troymoss@example.com,2024-07-13
1346,Eric Richardson,Germany,misty38@example.com,2024-12-13
1347,Kathy Brown,Germany,nthornton@example.com,2024-10-13
1348,Thomas Skinner,Canada,kevintran@example.org,2025-03-06
1349,Rachel Johnson,United States,hollysantos@example.com,2024-01-30
1350,Russell Nelson,Germany,fevans@example.org,2024-10-12
1351,Janet Smith,Japan,ccruz@example.org,2024-06-20
1352,Matthew Patel,United Kingdom,anthony50@example.net,2025-01-09
1353,Susan Patrick,Japan,katherinepeterson@example.net,2025-06-10
1354,Rachel Mcfarland,United Kingdom,aguirreangela@example.net,2026-06-24
1355,William Nichols,Australia,karmstrong@example.net,2024-09-13
1356,James Reese,United Kingdom,davidsmith@example.net,2024-10-05
1357,David Daniels,Canada,ashley09@example.com,2025-02-17
1358,David Delgado,Australia,martinezashley@example.com,2024-09-19
1359,Jill Smith,Germany,owenstammy@example.com,2026-04-22
1360,Claudia Brown,United Kingdom,hillcheryl@example.com,2023-11-13
1361,David Buchanan,Canada,misty23@example.net,2024-05-03
1362,Luke Williams,Japan,penajack@example.net,2025-06-19
1363,Amanda Love,Australia,lynnvictoria@example.com,2023-08-31
1364,Shannon Gomez,Australia,burkemichael@example.org,2025-10-01
1365,Jorge Young,Canada,ashley61@example.net,2025-05-29
1366,Briana Nguyen,Japan,matthew65@example.com,2024-11-04
1367,Caitlin Williams,Australia,rhondajohnson@example.net,2024-06-29
1368,Kayla Norman,Germany,shelby69@example.org,2026-05-22
1369,Jane Cuevas,United Kingdom,friedmansusan@example.org,2025-12-31
1370,Laura Kelley,United States,hryan@example.net,2023-10-24
1371,Mary Meyer,Japan,joseph94@example.org,2024-12-28
1372,Randall Cox,United Kingdom,hedwards@example.net,2024-08-14
1373,Tyler Ortiz,United States,bellwilliam@example.com,2026-05-16
1374,Mr. Richard Hall,Australia,sarasanchez@example.com,2026-06-18
1375,Brenda Green,United States,matthew11@example.com,2025-05-21
1376,Brittany Snyder,Japan,rachelwalter@example.org,2024-04-21
1377,Dennis Spencer,United Kingdom,inewton@example.org,2025-06-06
1378,Christopher Jones,Australia,wstrong@example.org,2025-04-21
1379,Dana Carter,Australia,phyllis59@example.net,2026-03-20
1380,Nathan Jones,Australia,stephanie67@example.net,2025-06-12
1381,John Taylor,Australia,jenniferlawrence@example.net,2023-12-14
1382,Adam Watkins,United States,cgray@example.org,2025-10-04
1383,Diana Mejia,Australia,kennethpeterson@example.net,2025-10-18
1384,Lauren Anthony,Canada,ymitchell@example.com,2024-05-09
1385,Amanda Landry,Australia,russellramirez@example.net,2024-12-06
1386,Dustin Wilson,Australia,tommy32@example.com,2024-09-12
1387,Nicole Middleton DDS,Canada,codyarnold@example.net,2024-04-24
1388,Steven Moyer,United Kingdom,adamwall@example.org,2025-03-02
1389,Tom Duncan,Germany,dmeyer@example.com,2024-01-23
1390,Tamara Wilson,Canada,fsnyder@example.org,2024-10-11
1391,Audrey Gomez,Japan,garnerjeffrey@example.org,2024-12-26
1392,George Chavez,United Kingdom,mannleroy@example.org,2025-06-09
1393,Michael Boyd,Australia,mckenzieguerrero@example.net,2023-09-30
1394,Lori Sanchez,United States,owiggins@example.net,2024-06-04
1395,Christian Cervantes,Canada,mcampbell@example.net,2023-12-21
1396,Shannon Curry,United Kingdom,hamiltontravis@example.net,2024-06-24
1397,Amanda Watts,United Kingdom,pwelch@example.net,2025-01-28
1398,Mr. Christopher Evans,Australia,nancycontreras@example.com,2026-04-10
1399,Howard Castillo,Germany,robinsonsydney@example.com,2025-05-18
1400,Erika Bates,United States,thompsonstephanie@example.net,2024-01-29
1401,James Anderson,United States,flarsen@example.net,2025-05-07
1402,Alyssa Adams,United States,pamelapatton@example.org,2025-12-26
1403,Deborah Stewart,Japan,blamb@example.com,2024-09-13
1404,Debra Chandler,United Kingdom,daisy04@example.com,2025-05-03
1405,Shawn Herrera,Japan,gouldchristina@example.com,2024-02-22
1406,Alicia Bowen,Japan,tdavis@example.com,2025-02-03
1407,Kristen Pena,United Kingdom,michaelgonzalez@example.org,2025-11-15
1408,Mitchell Roberts,United States,reneerivera@example.org,2025-12-11
1409,Teresa Johnson,United Kingdom,fischeralisha@example.net,2025-04-15
1410,Amanda Campbell,Germany,hallkelsey@example.org,2023-09-27
1411,Caleb Bowers,United Kingdom,vanderson@example.com,2023-12-15
1412,Jonathan Warner,Australia,vsmith@example.net,2026-03-02
1413,Anna Chapman,United Kingdom,mlee@example.com,2024-12-20
1414,Patrick Turner,Canada,qharris@example.net,2026-01-17
1415,Eddie Davis,Germany,ehoffman@example.com,2026-08-01
1416,Dana Smith,Canada,xluna@example.net,2024-01-21
1417,Kenneth Johnson,United States,sergiowoods@example.org,2026-04-30
1418,Charles Soto,United States,davisgary@example.com,2026-02-12
1419,Charles Jensen,Australia,,2023-11-05
1420,Darlene Collins,Australia,mary05@example.net,2025-12-31
1421,Shelby Adams,Australia,karinorton@example.net,2025-09-20
1422,Matthew Morris,Germany,vrobertson@example.net,2023-12-10
1423,Jessica Jones,Japan,katherinemartin@example.net,2024-02-10
1424,Jeffrey Stanton,United Kingdom,mccluretyler@example.net,2025-10-28
1425,Dr. Joshua Ross,Canada,david44@example.net,2024-12-18
1426,Jacqueline Santos,Germany,kellycohen@example.net,2025-03-04
1427,Danielle Ford,Canada,sara22@example.net,2025-08-11
1428,Jason Hernandez,United Kingdom,holderadam@example.net,2024-05-23
1429,Brandon Ellis,Japan,browntaylor@example.org,2023-11-17
1430,Justin Perez,Canada,reillyjoshua@example.com,2026-01-29
1431,Holly Wang,Germany,ann31@example.net,2024-03-29
1432,Daniel White,United Kingdom,martinezalexa@example.net,2025-03-22
1433,Raymond Vargas,Australia,tammy97@example.org,2024-04-23
1434,David Robinson,Australia,douglasalvarez@example.org,2024-12-20
1435,Wayne Taylor,Australia,ecoleman@example.com,2024-11-18
1436,Autumn Castro,United Kingdom,tschroeder@example.com,2025-02-07
1437,Joseph Schmidt,Japan,stephaniedougherty@example.com,2024-03-14
1438,Kristina Henry,Germany,gina86@example.net,2025-01-27
1439,Sean Wyatt,Australia,jessica39@example.net,2024-05-28
1440,Christopher Adkins,United Kingdom,gonzalezmichael@example.org,2023-08-14
1441,Erin Bartlett,Canada,wesley09@example.com,2023-09-27
1442,Maria Sanders,Australia,joshua09@example.org,2025-08-06
1443,Lynn Henry DDS,United States,johnsonanthony@example.net,2024-03-30
1444,Cassandra Rosales,Germany,barnesmegan@example.org,2025-06-24
1445,Amy Davis,Canada,tonya39@example.net,2023-08-31
1446,Michael Yoder,Japan,rebeccamatthews@example.com,2025-10-16
1447,Matthew Butler,Japan,brownmandy@example.net,2024-03-22
1448,Angela Ramos,United Kingdom,charlotte86@example.org,2026-04-18
1449,Sara Smith,Japan,ann15@example.com,2026-01-04
1450,Angelica Conrad,United States,wilsonchristopher@example.net,2023-12-18
1451,Kevin Sheppard,Australia,kristinarobinson@example.com,2025-07-21
1452,Nathaniel Wright,Canada,julierojas@example.com,2023-10-27
1453,Dustin Ramirez,Australia,robert34@example.org,2024-05-07
1454,Deanna Gonzales,Germany,burnsbeth@example.com,2026-04-29
1455,Sandra Mcdaniel,Australia,benjamindavenport@example.com,2024-04-03
1456,Christine Park,United Kingdom,debbie43@example.com,2026-07-27
1457,Kristen Paul,Australia,christopher34@example.org,2025-08-01
1458,Thomas Holmes,Germany,thomasmcdonald@example.com,2025-03-06
1459,Mary Valenzuela,Canada,jacqueline50@example.org,2025-05-21
1460,George Leach,United States,robintorres@example.com,2025-12-02
1461,Alex Lamb,Canada,swatkins@example.com,2025-04-17
1462,David Cummings,Canada,timothy64@example.org,2024-08-03
1463,Stephanie Hunter,United Kingdom,rsimmons@example.net,2025-04-19
1464,Carly Jackson,Germany,olivia83@example.net,2024-03-09
1465,Gary Choi,Canada,parkerkatie@example.com,2025-07-18
1466,Joe Hopkins,Canada,nicoleturner@example.org,2024-05-18
1467,Dalton Davis,United States,ericpeters@example.com,2023-08-13
1468,Gregory Ruiz,Japan,ehale@example.net,2025-03-12
1469,Michelle Hines,United States,,2025-04-18
1470,Stephanie Weiss,Germany,icarlson@example.org,2025-01-25
1471,Patrick Willis II,Germany,katrinawood@example.com,2025-09-22
1472,Lisa Walton,United Kingdom,brewerdevin@example.org,2023-10-13
1473,Jeffrey Morgan,Australia,ronaldmitchell@example.com,2026-06-19
1474,Amanda Mullen,Australia,zwhite@example.net,2025-10-17
1475,Julie Miller,Australia,riosrichard@example.org,2024-04-11
1476,Kenneth Cruz,Japan,psmith@example.net,2025-04-21
1477,Anthony Coleman,Germany,munozleah@example.com,2025-09-23
1478,John Rogers,Japan,daniel26@example.net,2025-03-23
1479,Angela Smith,Australia,james97@example.com,2023-10-20
1480,Andrew Parrish,Australia,mrichardson@example.net,2025-03-01
1481,George Phillips,United States,danielsguy@example.com,2025-05-14
1482,Frederick Fields,Germany,howardbenjamin@example.net,2025-04-12
1483,Bradley Davis,Australia,,2025-01-23
1484,Melissa Sanchez,Canada,uwilliams@example.com,2023-10-04
1485,William Little,Germany,reyestina@example.org,2025-01-11
1486,Nicole Henderson,Japan,whitejulie@example.net,2026-05-16
1487,Angela Gaines,Germany,leonashley@example.com,2026-03-19
1488,Sarah Sanchez,United Kingdom,brooksthomas@example.com,2024-10-05
1489,Paula Hill,Canada,jacobsrenee@example.net,2024-10-21
1490,Jason Smith,Australia,rsandoval@example.com,2025-07-24
1491,Vanessa Flores,United Kingdom,jeffreyfletcher@example.org,2023-11-12
1492,Monica Lynch,United States,omatthews@example.net,2024-12-28
1493,Karen Grant,Germany,matthew57@example.org,2025-07-23
1494,Kathryn Patel,Germany,emilyscott@example.org,2026-05-28
1495,Tracy Welch,United States,christopher85@example.com,2024-11-01
1496,Jocelyn Mcdonald,United Kingdom,colleenjackson@example.com,2025-12-30
1497,Zachary Johnson,Canada,,2025-11-18
1498,Lawrence Atkinson,Australia,fosterjason@example.org,2026-01-08
1499,Sean Wang,United Kingdom,wpierce@example.org,2025-05-16
1500,Diana Townsend,Japan,beckgloria@example.net,2026-04-20
1501,Joseph Myers,Australia,dsimpson@example.com,2025-07-04
1502,Shane Ross,United Kingdom,patelmatthew@example.com,2026-05-21
1503,Terry Reyes,Canada,amccann@example.org,2026-04-20
1504,Danny Lynch,Germany,greenejessica@example.org,2024-12-22
1505,Carol Garrett,United Kingdom,craneandrew@example.net,2026-05-18
1506,Jorge Lee,United States,stephensharp@example.org,2024-05-04
1507,Micheal Gonzalez,Canada,kellykline@example.org,2026-01-19
1508,David Morrison,Germany,laurakaufman@example.net,2026-04-28
1509,Larry Rivera,Canada,johnbowen@example.org,2023-08-16
1510,Melanie Russell,Australia,eatkins@example.com,2024-09-12
1511,Kimberly Baldwin,United States,gonzalesmaria@example.org,2024-11-03
1512,Sandra Hardy,Australia,coxjennifer@example.net,2026-04-09
1513,Jessica Martinez,Australia,melaniechang@example.net,2024-01-26
1514,Holly Douglas,Japan,robinpope@example.org,2024-09-19
1515,Martin Jones,Canada,wgoodwin@example.com,2025-01-18
1516,Jeremy Cobb,Canada,ashley90@example.org,2024-03-22
1517,Allison Beard,United Kingdom,jennifer42@example.net,2026-04-16
1518,Micheal Nunez,United States,julianeal@example.org,2026-03-06
1519,James Walsh,United States,rosalesbrandy@example.org,2026-01-29
1520,Jackson Romero,Japan,kwoods@example.com,2026-05-02
1521,Samuel Edwards,United States,nicholas72@example.net,2025-08-23
1522,Steven Smith,Canada,petersonkyle@example.org,2024-03-26
1523,Richard Mccormick,Japan,michaelstevens@example.net,2023-08-24
1524,Sarah Logan,United States,judithcox@example.org,2025-04-16
1525,Tiffany Romero,Japan,angela88@example.org,2023-10-31
1526,Joseph Sanchez,United States,hannahcurtis@example.org,2024-07-25
1527,Joy Williams,United States,andrea13@example.net,2023-11-12
1528,Brandi Turner,United Kingdom,jeremywillis@example.net,2025-08-16
1529,Joshua Harrington,United States,kristy13@example.com,2024-02-02
1530,John Garcia,Japan,carmenevans@example.org,2026-01-25
1531,Taylor Cortez,Canada,mwaters@example.net,2026-04-18
1532,Joy Smith,United Kingdom,fguzman@example.net,2024-05-06
1533,John Campbell,United States,joseph83@example.com,2024-10-06
1534,Kathryn Garrett,United States,rowlandsonya@example.com,2023-08-16
1535,William Ruiz,Japan,haroldhodges@example.net,2024-11-21
1536,Scott Peterson,United Kingdom,jamesrodriguez@example.org,2024-07-02
1537,Eric Miranda,United States,tgarcia@example.net,2024-06-27
1538,Brittney Moore,Canada,kfloyd@example.net,2026-05-31
1539,Tyler Zavala,Australia,rchan@example.org,2024-09-17
1540,Scott Torres,Canada,kevinacosta@example.net,2024-12-07
1541,Jeffery Long,United States,zsmith@example.org,2025-05-02
1542,Robert Proctor,Canada,andrew33@example.net,2024-09-06
1543,James Morris,United Kingdom,jnguyen@example.net,2024-06-10
1544,Lisa Alexander,United States,daniel32@example.com,2025-08-20
1545,Leslie Crane,Japan,harringtonpeter@example.net,2025-08-31
1546,William Willis,United Kingdom,garciadanielle@example.com,2025-11-18
1547,Thomas Rodriguez,Canada,nicolejones@example.net,2025-05-09
1548,Shelly Lawrence,United States,annagonzales@example.com,2026-01-11
1549,Mary Hawkins,United Kingdom,hannah21@example.net,2024-12-05
1550,Heather Mejia,Canada,jackmcdonald@example.com,2025-02-18
1551,Michael Padilla,United States,cassandra02@example.org,2026-04-29
1552,James Tucker,Australia,deckerbrian@example.net,2025-03-08
1553,Jeffrey Johnson,Germany,kristy74@example.net,2025-01-05
1554,Morgan Cunningham,Japan,schmidtlauren@example.org,2026-01-13
1555,Lisa Kaiser,Canada,wangryan@example.com,2025-07-29
1556,Spencer Stevenson,Australia,charles95@example.com,2025-11-02
1557,Nancy Fry,Canada,moraleskelly@example.net,2025-04-02
1558,Danny Simmons,Germany,melissa95@example.net,2025-07-17
1559,Christina Underwood,Germany,patricia92@example.org,2024-03-23
1560,Christopher Johnson,United Kingdom,chanamber@example.org,2024-12-26
1561,Tanya Barrett,Japan,kevincoleman@example.com,2024-08-01
1562,Claudia Kelly,Japan,natalieblackburn@example.org,2025-03-10
1563,Sean Dickerson,Canada,omargriffin@example.com,2024-06-09
1564,James Olsen,Germany,costawilliam@example.net,2025-10-16
1565,Peter Martinez,Japan,wyang@example.net,2024-12-10
1566,Daniel Davis,United States,timothy81@example.com,2023-08-31
1567,Robert Ross,Japan,gomezsonya@example.org,2025-06-10
1568,Marissa Perez,Canada,santoslisa@example.com,2023-08-30
1569,Denise Holland,Australia,brandon32@example.net,2023-08-20
1570,Christopher Neal,Australia,brownleah@example.net,2026-05-28
1571,Luke Morrow,Japan,hthompson@example.org,2026-06-09
1572,Shawn Rodriguez,United Kingdom,anthonyharris@example.com,2026-04-03
1573,Ryan Howell,Germany,loganmartin@example.com,2023-09-28
1574,Brianna Russell,Australia,ufarmer@example.net,2024-04-25
1575,Adrian Prince,Canada,barnescarl@example.com,2025-07-27
1576,Dr. Kimberly Taylor,Canada,collinsterrance@example.com,2024-02-21
1577,Joshua Krueger,Germany,woodskaitlyn@example.net,2024-06-05
1578,Jose Trujillo,Germany,jeremiahmiller@example.org,2025-04-24
1579,Lucas Wright,Germany,jack45@example.net,2025-07-23
1580,Kelly Ray,Australia,kathleen25@example.com,2025-03-10
1581,Lauren Michael,Canada,adkinslauren@example.net,2023-10-19
1582,Veronica Smith,Germany,conleyjohn@example.com,2024-12-19
1583,John Mathews,Australia,courtneymontoya@example.net,2025-04-27
1584,Daniel Howell,Germany,rwilson@example.net,2025-10-13
1585,Gabrielle Stafford,Canada,matthew78@example.com,2026-06-01
1586,Scott Hines,Canada,bryan56@example.net,2023-09-14
1587,Beth Perez,United Kingdom,hgreer@example.net,2024-11-07
1588,Gregory Chavez,Japan,burchteresa@example.org,2025-04-14
1589,Stacey Dixon,United States,marywalker@example.org,2024-06-09
1590,Heather Burke,Canada,annaschmidt@example.org,2025-11-11
1591,David Valentine,United States,nicholasgarcia@example.org,2026-04-18
1592,Lisa Bridges,United Kingdom,amberfriedman@example.com,2024-06-15
1593,Tyler Rush,Japan,peter86@example.com,2025-08-02
1594,Nathan Evans,Australia,kingangela@example.com,2024-06-25
1595,Lisa Chung,Japan,fischerdonald@example.com,2024-04-10
1596,Renee Tapia,Japan,petermoore@example.com,2025-04-04
1597,Danielle Bell,Australia,tabithahill@example.com,2024-02-13
1598,Laurie Chambers,United Kingdom,scottchambers@example.com,2023-08-22
1599,Kelly Warren,Germany,chall@example.com,2024-02-15
1600,Lisa Hernandez,Japan,nancy06@example.com,2024-01-28
1601,Jessica Jackson,Japan,oblake@example.net,2024-01-13
1602,Nicholas Moyer,United Kingdom,john76@example.com,2023-11-02
1603,Sharon Ramirez,Germany,rebecca85@example.com,2026-06-07
1604,Victoria Miller,Japan,marqueztodd@example.net,2025-09-12
1605,Jeffrey Baker,Japan,kcastro@example.com,2026-03-05
1606,Tammy Reyes,Germany,garzalaura@example.org,2026-01-16
1607,Vincent Allen,Canada,tochoa@example.net,2023-10-06
1608,Richard Phelps,Australia,bentleylisa@example.net,2025-06-06
1609,Allison Bradley,Canada,mccoymark@example.com,2025-05-07
1610,Monica Atkinson,Australia,michael55@example.org,2024-10-08
1611,Anthony Ellis,Australia,kayla23@example.net,2025-12-03
1612,Natalie Mullins,Japan,megangates@example.com,2025-02-02
1613,Natalie Huff,Australia,leslietorres@example.net,2023-12-24
1614,Emily Crawford,United States,katherineharris@example.net,2025-08-29
1615,Robert Huang,Germany,susanmorris@example.org,2024-05-26
1616,Susan Graves,Germany,katherine82@example.com,2026-03-23
1617,Christina Davis,United States,jphelps@example.net,2025-01-15
1618,Jennifer Morse,Germany,kirkjill@example.com,2026-03-15
1619,Angela Key,United Kingdom,pmckenzie@example.net,2024-04-02
1620,Denise Simpson,Germany,johnperez@example.net,2024-07-06
1621,Edward Oconnell,Germany,amassey@example.net,2025-12-09
1622,Mrs. Charlotte Stone MD,Germany,tfrancis@example.com,2024-09-18
1623,Jacob Schaefer,Australia,lukekelly@example.net,2024-03-01
1624,Ronald Park,Canada,colinlowery@example.net,2025-08-14
1625,Ashley Mckenzie,United Kingdom,,2025-12-13
1626,Courtney Adams,Germany,stevenssamuel@example.net,2025-06-13
1627,Zachary Johnson,United Kingdom,dhansen@example.com,2025-08-15
1628,Brittany Fleming,Australia,blevinsjoshua@example.com,2023-09-17
1629,Katherine Padilla,United Kingdom,valerielewis@example.com,2024-11-29
1630,Megan Rivera,United Kingdom,ithomas@example.net,2026-02-02
1631,Adam Lynch,United States,briana19@example.org,2025-11-05
1632,Christopher Lee,Australia,maryjohnson@example.com,2024-02-07
1633,Brandon Powell,Germany,yballard@example.net,2025-08-11
1634,Greg Davis,Canada,gregory64@example.com,2023-12-24
1635,James Perez,Canada,morgankaren@example.net,2024-09-09
1636,Larry Hendrix,Canada,flemingcody@example.org,2025-11-04
1637,Gabriel Torres,Canada,,2026-03-27
1638,Mr. William Davis DDS,Germany,carolberry@example.com,2024-05-07
1639,Robin Wallace,Canada,mcconnellpamela@example.org,2024-12-02
1640,Ashley Vega,Australia,racheljimenez@example.net,2024-04-03
1641,Tamara Pace DVM,Australia,hbowers@example.net,2025-12-14
1642,David Thomas,United Kingdom,zlopez@example.org,2025-02-12
1643,William Castillo,United States,abbottchristopher@example.net,2024-12-15
1644,Kristine Park,Japan,psherman@example.org,2024-10-17
1645,Jerome Gonzalez,Canada,ypowell@example.org,2025-09-05
1646,Brian Hoffman,Japan,ytorres@example.com,2026-07-03
1647,Kelsey Williams,Japan,parkerbriana@example.net,2025-11-26
1648,Erik Williams,Japan,williamskevin@example.org,2025-02-02
1649,Amy Bryan,United Kingdom,hrodgers@example.org,2025-10-04
1650,Michael Lozano,Australia,bryantjacob@example.org,2024-12-15
1651,Dalton Clark,Canada,williamspatrick@example.net,2024-02-02
1652,Abigail Allen,Germany,tracey63@example.com,2025-04-21
1653,Charles Sanchez,United Kingdom,nicole69@example.net,2026-04-04
1654,Todd Valdez,Australia,robert06@example.com,2025-03-13
1655,Steven Montoya,Germany,aking@example.net,2026-07-16
1656,Michael Cole,Australia,chadwilson@example.org,2025-09-02
1657,Joshua Jackson,Canada,stephanie64@example.net,2024-10-23
1658,Kelly Rodriguez,United Kingdom,fosternicole@example.org,2023-12-18
1659,Kathleen Martinez,Japan,harrisondaniel@example.org,2023-10-04
1660,Cathy Farmer,United Kingdom,allenchristina@example.com,2024-03-14
1661,Randy Bates,United Kingdom,kaylahardy@example.org,2026-01-05
1662,Christian Villarreal,Canada,sandra57@example.org,2026-05-02
1663,James Arroyo,Japan,perezcourtney@example.com,2026-05-24
1664,Allison Alexander,Japan,carolynroberts@example.org,2024-03-15
1665,Emily Rodriguez,United States,ortizamanda@example.net,2024-04-25
1666,Erica Johnson,United States,suttonadam@example.org,2025-12-27
1667,James Bradley,Australia,kathleenjohnson@example.net,2023-11-28
1668,Roger Alvarez,Germany,ncampbell@example.com,2025-07-04
1669,Cynthia Henry,United States,michael77@example.org,2025-07-11
1670,Heather Thomas,Canada,sylviaprice@example.com,2024-04-11
1671,Alex Trujillo,United Kingdom,bradjenkins@example.net,2024-07-23
1672,Mrs. Lori Clark,Japan,afisher@example.com,2025-07-08
1673,James Cox,United Kingdom,elizabeth28@example.org,2024-08-22
1674,Connor Lee,Canada,rachel86@example.com,2026-05-02
1675,James Harrison,United Kingdom,xevans@example.net,2025-05-07
1676,Daniel Arnold,Japan,donnagiles@example.com,2024-05-12
1677,Allison Clark,United States,joshuareese@example.net,2024-04-04
1678,Laura Owen,Germany,robertmcdonald@example.net,2024-02-24
1679,Katelyn Bishop,Japan,,2023-09-08
1680,Scott Brown,Japan,edwardsrachel@example.org,2024-03-26
1681,Elizabeth Jones,Japan,brandy77@example.com,2026-08-03
1682,Eric Lang,Australia,rachelhernandez@example.com,2024-02-05
1683,Lisa Moore,Australia,,2024-08-27
1684,Mary Thomas,Japan,cdavis@example.org,2025-03-19
1685,John Wang,Canada,sarah99@example.org,2025-06-30
1686,Tracy Potts,Japan,nicole15@example.org,2024-05-07
1687,Eric Long,Australia,danieldonovan@example.net,2024-06-07
1688,Erica Dawson,Australia,gomeztonya@example.com,2023-08-30
1689,Leslie Frey,United Kingdom,,2025-10-22
1690,Allison Flores,Canada,brettallen@example.com,2024-09-17
1691,Jeffrey Williams,United States,vhopkins@example.net,2023-09-23
1692,William Weber,United Kingdom,turnerjames@example.com,2025-03-18
1693,Michael Nelson,Australia,zrogers@example.net,2025-05-26
1694,Gordon Hahn,United Kingdom,andrea74@example.com,2023-12-13
1695,Tamara Miller,United Kingdom,michelle10@example.org,2024-01-19
1696,Christopher Brown,United Kingdom,kimberlyshields@example.org,2023-08-26
1697,Glenda Stout,Canada,mooreconnie@example.com,2026-04-12
1698,Rachel Rodriguez,United States,browndominic@example.net,2023-12-10
1699,Nathan Davis,United States,omoody@example.org,2023-10-22
1700,Jasmine Garrett,Japan,,2026-03-03
1701,Julie Dennis,Australia,ramoswilliam@example.org,2024-05-05
1702,Deborah Humphrey,Germany,,2024-05-24
1703,Frank Braun,Canada,ralphhuff@example.com,2026-02-25
1704,Martin Robinson,United States,madison38@example.org,2026-05-19
1705,Melinda Campbell,Australia,calvinbrown@example.com,2023-11-07
1706,Sabrina Miller,Australia,vsmith@example.net,2023-12-21
1707,Raymond Rocha,Canada,carrolljessica@example.com,2025-07-06
1708,Robert Wood,Canada,kathryn58@example.net,2024-05-27
1709,Christopher Vazquez,Australia,dmarshall@example.com,2025-04-23
1710,Steven Hayes,Japan,joanncruz@example.org,2024-03-09
1711,Jane Berg,United States,reginaldsmith@example.net,2024-04-30
1712,Tracy Robinson,Germany,myersedward@example.com,2024-06-08
1713,James Torres,Germany,jeremy79@example.net,2025-09-19
1714,Travis Moore,Germany,gomezdaniel@example.com,2025-08-15
1715,Brenda Stone,United Kingdom,alara@example.com,2023-08-26
1716,Lynn Morgan,United States,gabriella69@example.org,2026-02-21
1717,Douglas Hardy,United Kingdom,mikewaller@example.org,2023-09-02
1718,Jason Clark,United Kingdom,haley57@example.com,2025-12-15
1719,Riley Hale,Australia,tammyharrington@example.net,2024-07-26
1720,Lisa Li,United Kingdom,tracyharrison@example.org,2024-12-04
1721,Anna Christensen,Japan,christopher77@example.net,2024-09-22
1722,James Lee,Japan,jennifer50@example.com,2024-08-23
1723,Aaron Kelly,Canada,yhoffman@example.com,2024-12-15
1724,Mr. Stephen Gonzalez,Canada,susanharper@example.org,2024-11-07
1725,Nancy Lee,United States,john66@example.net,2023-08-22
1726,Dan Phillips,United States,pearsonkathryn@example.org,2025-02-28
1727,Theodore Hernandez,Japan,mpeters@example.com,2024-12-05
1728,Donald Hill,Canada,lmitchell@example.org,2024-12-19
1729,Becky Parrish,Australia,,2025-03-10
1730,Lori Lucas,Canada,nthompson@example.org,2026-05-01
1731,Keith Carroll,United Kingdom,sharpjennifer@example.com,2023-11-13
1732,Brenda Garcia,Germany,shelbyyoung@example.com,2025-02-10
1733,Jason Potter,Australia,dmorales@example.net,2025-05-13
1734,Jennifer Moore,Germany,olsenshane@example.org,2024-09-14
1735,Anthony Vega,Germany,williamsmegan@example.org,2025-08-18
1736,Daniel Hall,Japan,stephanietaylor@example.com,2024-12-19
1737,Mark Foster,Germany,travis68@example.org,2023-10-07
1738,Andrew Perez,Germany,ssmith@example.org,2026-01-25
1739,Katrina Calderon,United Kingdom,ilewis@example.org,2026-04-07
1740,Diana Hawkins,United States,mmoore@example.net,2024-09-07
1741,Gabriel Green,Japan,santosshannon@example.com,2026-02-28
1742,Megan Carrillo,Canada,jackwilliams@example.org,2024-06-20
1743,Kelly Burgess,United Kingdom,oliviameyers@example.com,2025-07-26
1744,Mark Knight,Germany,jay04@example.org,2024-07-07
1745,Shannon Clark,Canada,dcortez@example.com,2026-02-25
1746,Tammie Castillo,United Kingdom,laura31@example.net,2024-01-19
1747,Sarah Harvey,Australia,arroyosarah@example.com,2025-06-27
1748,Keith Moore,Australia,richardsondebbie@example.com,2025-03-07
1749,Jason Johnson,Japan,roachkevin@example.com,2025-07-15
1750,Stacy Mcbride,Germany,davidfields@example.net,2023-09-22
1751,Tara Thompson,Japan,millerjimmy@example.net,2026-07-20
1752,Debra Warner,Australia,sbrown@example.org,2024-07-05
1753,Michael Johnson,United Kingdom,dreynolds@example.com,2024-05-03
1754,Laura Williams,Canada,chungnancy@example.net,2024-10-16
1755,Christina Adams,United States,sylvia33@example.net,2025-07-01
1756,Whitney Williams,Germany,shansen@example.com,2024-07-30
1757,Natalie Mitchell,Japan,georgestephen@example.com,2025-11-28
1758,Matthew Watson,Canada,malikfowler@example.com,2024-05-02
1759,Jacqueline Lucero,Canada,dylan78@example.com,2025-02-15
1760,Angelica King,United States,marvinhoward@example.com,2025-07-06
1761,Shannon Martin,United Kingdom,coopersamantha@example.net,2024-03-18
1762,Kimberly Collier,United States,,2026-07-17
1763,Rodney Gilmore,United States,stonebarbara@example.com,2025-12-08
1764,Carmen Perez,United Kingdom,tracy55@example.net,2025-04-10
1765,Sabrina Robinson,United Kingdom,kara13@example.net,2026-05-02
1766,Ruben Woodard,United Kingdom,jenniferbarry@example.net,2024-01-20
1767,Thomas Neal MD,Canada,nturner@example.net,2026-04-23
1768,Robert Johnson,Canada,phillipsjamie@example.net,2023-11-24
1769,Jesse Wilson,Germany,dorothy09@example.com,2025-01-20
1770,Daniel Patterson,Australia,lreid@example.org,2026-06-25
1771,Andre Flores Jr.,Germany,ycallahan@example.net,2024-01-05
1772,Kevin Gilmore,United States,yvang@example.org,2025-09-01
1773,Angie King,United States,millerjennifer@example.net,2026-04-12
1774,Jordan Curry,Germany,cassandraharrison@example.com,2024-11-29
1775,Michele Hayes,Japan,rdavis@example.org,2026-02-12
1776,Phyllis Walls,Australia,ljones@example.com,2024-10-05
1777,Jasmine Buckley,United States,kingdavid@example.net,2025-09-06
1778,Jesse Nash,Japan,robertsmark@example.org,2026-07-07
1779,Ryan Gonzalez,Japan,ywright@example.net,2026-05-17
1780,Patricia Williams,Australia,jeffreyglenn@example.net,2025-09-10
1781,Jeremy Haynes,United Kingdom,garciadonald@example.net,2026-03-03
1782,Jessica Richardson,Canada,hsmith@example.net,2025-02-28
1783,Ashley Wells,Germany,samuel61@example.org,2023-12-19
1784,Travis Howard,Australia,phunter@example.org,2024-02-09
1785,Brandon Lopez,Canada,seanbarajas@example.com,2025-12-18
1786,Austin Tyler,Germany,brandiwilson@example.org,2024-07-31
1787,Eric Francis,Canada,dsmith@example.net,2023-08-24
1788,Maxwell Richards,Germany,turnerlisa@example.com,2024-08-18
1789,Rebecca Lopez,Canada,nmendoza@example.org,2024-04-29
1790,Mark Weaver,United Kingdom,thomasdavid@example.net,2024-03-18
1791,Andrea Palmer,Japan,knightjohn@example.com,2026-04-03
1792,Darin Baker,Germany,goodwinbrad@example.com,2025-04-10
1793,Michael Galvan,Japan,ocole@example.net,2024-02-19
1794,Travis Hicks,Germany,wlucas@example.net,2024-04-06
1795,Joseph Crawford,Australia,reynoldsanthony@example.org,2025-12-25
1796,Steven Thomas,Australia,woodphillip@example.com,2026-05-11
1797,Sylvia Turner,Germany,samantha78@example.com,2025-03-27
1798,Sara Lawrence,United Kingdom,taylordavis@example.com,2025-01-18
1799,Lisa Brown,Canada,sarah49@example.net,2024-07-24
1800,Taylor Solomon,Germany,michaeltorres@example.com,2025-10-18
1801,Diana Harper,Canada,kaylazamora@example.org,2026-07-10
1802,Michael Ward,United Kingdom,james79@example.net,2024-05-01
1803,Nathan Carter,United States,jamietyler@example.com,2024-05-16
1804,Rhonda Brooks,Japan,rwashington@example.net,2025-07-19
1805,Brianna Obrien,Germany,david68@example.com,2023-08-11
1806,Robert Scott,Australia,jgibson@example.net,2024-10-09
1807,Jennifer Baker,United Kingdom,ffuller@example.net,2024-01-20
1808,James Wilson,Canada,davidwolf@example.org,2023-10-08
1809,Destiny Dunn,Germany,david16@example.org,2023-10-07
1810,Lacey Smith,Canada,tiffany44@example.com,2024-08-13
1811,Luke Duncan,United States,sarah53@example.org,2023-09-10
1812,Emily Robinson,Germany,nharris@example.org,2024-04-11
1813,Patrick Irwin,Japan,lisa11@example.org,2025-04-28
1814,Joe Martin,Germany,,2024-08-10
1815,Jessica Valencia,Japan,ogriffin@example.org,2023-12-11
1816,Jeremy Hernandez,Canada,wjefferson@example.com,2023-09-10
1817,Denise Macias,Germany,hkim@example.com,2024-12-18
1818,Jordan Hughes,United Kingdom,xobrien@example.org,2026-08-02
1819,Russell Vega,Australia,kristinclark@example.com,2025-02-04
1820,David Roberts,United Kingdom,nicolasrich@example.org,2026-07-07
1821,Dana Wolfe,United States,bmarquez@example.com,2026-01-10
1822,James Henry,United Kingdom,,2024-09-05
1823,Derrick Buck,United States,timothy23@example.net,2026-05-03
1824,Kiara Gonzalez,Canada,wernermichael@example.org,2023-12-23
1825,Caitlin Gilbert,Japan,,2025-07-09
1826,Charles Graham,Australia,jeremycollins@example.net,2023-11-17
1827,Brandon Williams,Canada,keithharrison@example.com,2024-04-22
1828,Robert Gonzalez,Japan,jonescraig@example.org,2025-11-12
1829,Joel Hodges,Japan,ericfrederick@example.org,2023-08-19
1830,Christopher Nelson,United States,masonpatricia@example.com,2024-03-02
1831,John Bradford,United Kingdom,michelleflowers@example.net,2024-10-12
1832,Jesse Mckinney,United Kingdom,fernandoobrien@example.org,2023-11-18
1833,Mrs. Donna Rice,Australia,zbyrd@example.net,2025-11-24
1834,Stacy Owens,Australia,kristin96@example.com,2025-10-27
1835,Carol Hodge,United States,lindaclark@example.net,2025-02-26
1836,Ashley Strong,United States,xbennett@example.org,2024-12-06
1837,Dr. Daniel Hampton,Canada,shannongarza@example.net,2024-03-10
1838,Elizabeth Sanchez,United States,lesterrebecca@example.com,2025-08-31
1839,Micheal Watson,United Kingdom,stevenperry@example.org,2024-08-21
1840,Stephanie Livingston,United States,nathaniel57@example.com,2026-05-17
1841,Angela Carter,United States,ewilliams@example.org,2025-02-03
1842,Eric Hunter,Japan,gaydustin@example.net,2025-12-25
1843,Alexander Robinson,United States,andrew65@example.net,2025-07-21
1844,Gabriel Richardson,Australia,stephensonkatherine@example.com,2025-10-12
1845,Richard Chandler,Canada,lutzeric@example.com,2024-12-30
1846,Jessica Sharp,United States,douglas31@example.net,2025-03-24
1847,Daniel Williams,Australia,mckayjames@example.net,2024-06-01
1848,Roger Hernandez,Germany,veronica30@example.org,2024-04-15
1849,Deborah Webb,Germany,robinsonrose@example.org,2026-06-15
1850,Bobby Stevens PhD,Japan,melissa49@example.net,2025-12-04
1851,Robin Rivera,Japan,alison98@example.net,2024-10-12
1852,Paula Sanchez,Germany,hamiltonjoseph@example.net,2024-11-14
1853,Dr. Jared Crane MD,Australia,daniel28@example.org,2024-07-11
1854,Danielle Stein,Japan,terrywilliam@example.com,2025-04-18
1855,Gary Miller,Australia,cindyfry@example.net,2023-11-17
1856,Tammy Brown,Australia,jbriggs@example.com,2025-08-10
1857,Felicia Wood,Japan,joe76@example.net,2024-07-03
1858,Samuel Mitchell,United Kingdom,matthewharper@example.net,2025-03-13
1859,Ashlee Miller,Australia,hernandezroy@example.org,2026-07-24
1860,Wendy Smith,United Kingdom,antoniocarter@example.com,2026-06-25
1861,Samantha Howard,United States,williamspatricia@example.com,2024-01-08
1862,Kevin Mcneil,Germany,underwoodjames@example.org,2025-04-04
1863,Katherine Adams,Canada,christina81@example.net,2024-10-20
1864,Joel Phelps,Germany,dawngraves@example.org,2025-09-15
1865,Melissa Johnson,Germany,elizabeth77@example.com,2025-10-04
1866,Matthew Briggs,Australia,proman@example.com,2026-06-05
1867,David Hernandez,United Kingdom,benjaminbrown@example.org,2024-03-22
1868,Jerry Hernandez,United Kingdom,campbellmarvin@example.com,2026-01-21
1869,John Ortiz,Japan,sharon37@example.net,2023-09-27
1870,James Reed,Canada,johnsonmelissa@example.com,2025-04-02
1871,Jonathan Barrett,United Kingdom,ubowers@example.com,2024-02-28
1872,Nichole Zimmerman,Japan,susan92@example.org,2024-04-17
1873,Jennifer Tucker,Canada,eddie23@example.net,2026-03-01
1874,Donald Harris Jr.,United Kingdom,townsendcrystal@example.net,2025-01-19
1875,Jacqueline Smith,Germany,gingram@example.org,2024-06-28
1876,Michael Hodge,Germany,alyssa89@example.net,2026-03-14
1877,Randy Simon,Canada,gibsonjennifer@example.net,2024-10-29
1878,Nicole Williams,Canada,andrew91@example.com,2025-05-15
1879,Suzanne Lynch,United Kingdom,sandradavenport@example.org,2025-07-03
1880,Steven Phelps,United Kingdom,elizabethriley@example.com,2024-09-21
1881,Daryl Walker,Canada,aallen@example.com,2023-10-19
1882,Rebekah Hill,Australia,usmith@example.net,2024-11-23
1883,Mary Crawford,Canada,amandatran@example.org,2024-08-04
1884,Jasmine Swanson,Japan,amygonzalez@example.net,2025-06-03
1885,Matthew Potts,Japan,garciasarah@example.net,2024-09-10
1886,Eduardo Scott,Japan,rebeccaharris@example.org,2025-02-17
1887,Timothy Collins,Germany,,2023-08-11
1888,Andrea Townsend,Germany,tammy17@example.com,2024-02-10
1889,Sandy Nichols,Japan,olsonchristina@example.org,2025-02-09
1890,Heather Hughes,Japan,amywright@example.org,2026-03-26
1891,Rebecca Miller,Australia,martinmatthew@example.net,2026-07-12
1892,Karen Middleton,Canada,anthony66@example.org,2025-10-10
1893,Jennifer Jackson,Germany,vayala@example.net,2023-11-17
1894,Natasha Davenport,Japan,dgrant@example.com,2024-12-18
1895,Christina Williams,Australia,klopez@example.com,2023-09-01
1896,Taylor Wong MD,United States,montesmichelle@example.org,2024-03-01
1897,Linda Hoffman,United Kingdom,watkinsthomas@example.net,2025-12-09
1898,Gina Weber,Japan,hartmandanielle@example.org,2024-12-02
1899,Jessica Williams,Germany,brownkevin@example.org,2026-07-22
1900,James Hernandez,Japan,melissa18@example.com,2023-11-30
1901,Dr. Jason Johnson IV,United States,jenniferkane@example.net,2026-02-27
1902,Ariel Wilson,Canada,katrina51@example.org,2026-01-17
1903,Robert Hall,Germany,larry88@example.org,2025-12-05
1904,Sheila Payne,Canada,craig60@example.com,2025-05-19
1905,Gary Figueroa,United Kingdom,caseyrush@example.net,2023-08-12
1906,John Harrison,Australia,richard14@example.org,2026-02-08
1907,Stephanie Wright,Canada,gary91@example.net,2023-09-01
1908,Nicholas Martinez,Japan,veronicasmith@example.net,2024-10-03
1909,Monica Wilkinson,Australia,dkelley@example.com,2024-06-28
1910,Jasmine Bryan,United States,max69@example.com,2026-01-20
1911,David Chase,Canada,mannjonathan@example.net,2025-09-17
1912,Brian Garza,United States,hayley92@example.net,2026-01-23
1913,Michael Anderson,Australia,halljohn@example.org,2023-11-26
1914,Brandi Robinson,Germany,andrewsdenise@example.net,2024-01-25
1915,Alexis Rodriguez,Germany,sergiothomas@example.net,2024-02-13
1916,Erika Jenkins,Japan,scott32@example.org,2025-04-01
1917,Sergio Hodge,Japan,tracyavery@example.com,2023-10-21
1918,Jeffrey Moore,Japan,goodmanalice@example.org,2025-05-09
1919,Dustin Campbell,United States,ronaldsmith@example.net,2023-11-15
1920,Hannah Newman,United Kingdom,rharris@example.com,2025-04-03
1921,John Kim,United Kingdom,andreyoung@example.com,2025-03-25
1922,Travis Hicks,United Kingdom,danielgriffith@example.net,2024-09-04
1923,Denise Barrett,Germany,julie01@example.net,2024-01-19
1924,Douglas Pacheco,Germany,courtneymadden@example.org,2024-03-24
1925,Erin Norris,United Kingdom,abradley@example.com,2024-06-01
1926,Nicholas Le,Australia,zking@example.com,2026-02-01
1927,James Wilkinson,Japan,,2024-08-20
1928,Scott Kelly,Canada,amandasnyder@example.com,2025-12-26
1929,Billy Cunningham,Australia,jessedelacruz@example.org,2025-07-31
1930,Zachary Jones,Australia,ohiggins@example.net,2024-07-04
1931,Brent Scott,United Kingdom,rmartinez@example.net,2026-02-05
1932,Stephanie Davis,Canada,cheryldavis@example.com,2026-02-20
1933,Lori Hodges,United Kingdom,alvarezjoshua@example.org,2026-05-23
1934,Monica Howe,Canada,nmontoya@example.com,2024-12-31
1935,Jonathan Perez,Japan,aaron55@example.com,2025-12-17
1936,Alyssa Davis,Australia,contrerasjames@example.org,2024-08-03
1937,Morgan Gonzalez,Germany,jamesphillips@example.org,2026-05-29
1938,Luke Johnson,United Kingdom,michaelsherman@example.com,2026-07-07
1939,Michael Bass,United Kingdom,thomassmith@example.com,2023-09-29
1940,Melinda Orozco,Australia,millereric@example.org,2024-03-31
1941,Jeffrey Lyons,Australia,josephmeyer@example.net,2026-06-22
1942,Stephanie Vargas,Japan,olivia29@example.net,2026-05-28
1943,Tiffany Coleman,United States,qramirez@example.net,2024-07-03
1944,Rebecca Houston,United Kingdom,richardbennett@example.net,2025-07-28
1945,Shelly Wilson,Canada,rachelhall@example.net,2025-11-11
1946,Ashley Mendoza,Japan,brianwhite@example.org,2024-02-18
1947,Anthony Garrison,Australia,allenandrea@example.com,2025-10-29
1948,Debbie Rivera,United States,mariawilliams@example.com,2024-06-19
1949,Richard Hale,United Kingdom,holmescolleen@example.org,2025-05-22
1950,Kimberly Rojas,United Kingdom,steven45@example.org,2023-09-26
1951,Penny Rowe,Australia,royjennifer@example.org,2024-12-18
1952,Patrick Walsh,Australia,millerjames@example.org,2025-06-17
1953,Kimberly Watson,Australia,ballvanessa@example.com,2025-03-16
1954,Rebecca Gordon,Germany,karen42@example.org,2025-11-30
1955,Lindsay Ray,United States,hmitchell@example.org,2024-03-26
1956,Phillip Mason,Japan,edwardstaylor@example.net,2025-06-11
1957,Andrew Williams,Australia,nina65@example.net,2025-01-17
1958,Nathaniel Hill,Canada,richardhart@example.org,2025-05-08
1959,Derrick Perez,United Kingdom,mike05@example.com,2024-04-26
1960,Jaime Williams,Japan,weberbrian@example.org,2024-08-13
1961,Scott Grant,Germany,,2025-10-30
1962,Austin Adams,Australia,hebertmichelle@example.com,2025-11-04
1963,Justin Moreno,United Kingdom,greenjessica@example.net,2024-05-07
1964,Kara Gilmore,United States,zacharygray@example.org,2025-11-03
1965,Jennifer Allen,Australia,thomasricardo@example.net,2024-11-06
1966,Kelly Brewer,Australia,rickey20@example.org,2025-05-19
1967,Bianca Bowen,Australia,tlewis@example.com,2023-12-11
1968,Andrew Price,Australia,wmoore@example.com,2024-10-30
1969,Amanda Powell,Japan,jenniferwood@example.net,2026-07-02
1970,Corey Grimes,Canada,barnettterry@example.com,2025-05-05
1971,Sharon Palmer,Australia,ingramjessica@example.com,2024-08-15
1972,Kathryn White,Australia,martin27@example.net,2026-07-24
1973,Michael Johnson,Germany,kaiserkelly@example.org,2024-07-06
1974,Phillip Kelly,Japan,brenda16@example.net,2024-07-15
1975,Renee Davis,United Kingdom,ufox@example.org,2025-11-28
1976,William Allen,Canada,mccoyjames@example.org,2024-03-02
1977,Frank Perez,United Kingdom,ubond@example.org,2023-12-14
1978,Lisa Wagner,United Kingdom,,2025-04-29
1979,Michelle Warren,United States,smithjack@example.org,2023-09-20
1980,Felicia Perry,United States,marywarren@example.org,2024-08-19
1981,Felicia Walsh,United Kingdom,sbaker@example.net,2024-02-07
1982,Susan Rangel,Germany,peterlynch@example.com,2024-03-01
1983,Angela Munoz,United States,pittsdanielle@example.net,2024-10-24
1984,Eduardo Hall,United States,bcooper@example.net,2024-03-09
1985,Jennifer Jackson,United States,shellyobrien@example.net,2024-03-22
1986,Jerry Rogers,United States,qjones@example.org,2026-07-21
1987,Monica Anderson,Canada,cshepard@example.com,2026-04-11
1988,Ricky Young,United Kingdom,ypatterson@example.net,2023-10-17
1989,Anne Francis,Canada,bdeleon@example.org,2024-05-31
1990,Amy Dyer,Japan,peter91@example.org,2025-03-28
1991,Jesus Flores,Japan,corythompson@example.org,2024-09-03
1992,Heather Roth,Australia,ryanrodriguez@example.net,2025-08-28
1993,Justin Barrera,Japan,traceyguerra@example.com,2023-10-07
1994,Eric Spencer,Canada,vdeleon@example.com,2024-08-08
1995,Michael Pierce,Australia,ricklewis@example.net,2025-03-09
1996,Becky Garcia,United Kingdom,shannon09@example.org,2025-10-02
1997,Justin Zimmerman,Japan,justin20@example.net,2025-07-09
1998,Lauren Martin PhD,United States,kwang@example.com,2026-05-22
1999,Juan Jacobs,Japan,hdavis@example.com,2024-03-18
2000,Holly Cruz,Germany,dylancunningham@example.com,2023-09-08
279,Roy Porter,Australia,jonathan77@example.com,2024-04-23
493,Linda Ayala,United Kingdom,tracy98@example.com,2023-11-27
1267,Brenda Holder,United Kingdom,fperez@example.org,2025-03-01
558,David Montgomery,Australia,kimberlywilson@example.org,2026-06-20
872,Cheryl Atkins,Germany,keith76@example.org,2025-06-06
1623,Jacob Schaefer,Australia,lukekelly@example.net,2024-03-01
892,Dominique Goodwin,Canada,davidhenry@example.com,2024-11-29
1750,Stacy Mcbride,Germany,davidfields@example.net,2023-09-22
1868,Jerry Hernandez,United Kingdom,campbellmarvin@example.com,2026-01-21
1799,Lisa Brown,Canada,sarah49@example.net,2024-07-24
548,Christopher Johnson,Canada,dianacantrell@example.org,2024-10-07
1897,Linda Hoffman,United Kingdom,watkinsthomas@example.net,2025-12-09
841,Ryan Cobb PhD,United Kingdom,karlwilliams@example.net,2025-04-21
1921,John Kim,United Kingdom,andreyoung@example.com,2025-03-25
1438,Kristina Henry,Germany,gina86@example.net,2025-01-27
1318,Judy Smith,Germany,michaelfoley@example.net,2024-06-28
1144,Jorge Wright,Canada,linvirginia@example.org,2026-06-06
1307,Robert Golden,Japan,fcombs@example.org,2024-09-28
1149,Douglas Bell,Germany,dwright@example.org,2023-10-08
582,Karen Perez,Germany,ramosmichael@example.com,2024-04-03
