order_id,customer_id,product_id,quantity,amount,order_date,discount
1,571.0,110,2,1447.22,2026-05-31,
2,209.0,33,5,773.65,2026-02-15,
3,750.0,275,2,1343.98,2026-07-15,
4,938.0,167,2,862.56,2025-12-03,
5,1374.0,59,3,186.87,2026-03-14,
6,1979.0,251,5,4366.35,2026-04-02,
7,796.0,161,5,1849.35,2026-06-08,
8,,201,5,1955.5,2026-07-03,
9,1732.0,179,3,1612.05,2025-10-19,
10,354.0,235,5,4458.0,2025-10-12,
11,1209.0,153,5,4453.15,2026-07-16,
12,642.0,44,2,933.46,2025-10-17,
13,626.0,61,2,1290.94,2025-09-16,
14,765.0,60,2,1651.3,2025-10-15,
15,796.0,73,5,738.9,2026-06-26,
16,283.0,215,5,1526.2,2026-06-04,
17,867.0,295,4,1667.28,2026-06-14,
18,1302.0,96,4,1158.32,2026-06-19,
19,1137.0,276,2,640.52,2025-10-30,
20,592.0,86,4,2798.32,2025-11-27,
21,645.0,72,2,984.2,2026-06-04,
22,110.0,231,5,3666.5,2025-09-28,
23,993.0,184,1,363.06,2026-06-02,
24,1670.0,70,2,883.94,2026-01-18,
25,1036.0,197,5,1978.3,2026-01-08,
26,1403.0,254,4,2498.16,2026-03-12,
27,1455.0,252,4,2855.4,2026-03-10,
28,,228,4,2427.92,2026-08-04,
29,64.0,43,5,3396.2,2025-08-26,
30,67.0,113,3,1961.07,2026-01-10,
31,,141,2,316.1,2026-04-03,
32,1599.0,148,2,1000.46,2026-05-03,
33,1521.0,235,5,4458.0,2025-08-13,
34,1047.0,254,5,3122.7,2026-03-09,
35,234.0,58,5,1911.55,2026-02-04,
36,1687.0,138,5,1436.8,2025-10-04,
37,,188,5,2487.3,2026-01-06,
38,1119.0,22,4,542.48,2026-04-10,
39,210.0,112,4,1880.28,2025-09-19,
40,1792.0,127,3,2371.86,2026-01-29,
41,539.0,17,4,3046.76,2026-05-28,
42,900.0,179,1,537.35,2026-01-14,
43,,61,2,1290.94,2026-07-17,
44,1296.0,180,5,3211.65,2025-08-16,
45,1262.0,220,2,733.32,2026-04-11,
46,1667.0,72,2,984.2,2026-01-23,
47,1168.0,106,1,84.0,2025-10-11,
48,576.0,180,5,3211.65,2026-05-22,
49,663.0,276,2,640.52,2025-10-27,
50,1173.0,150,3,2152.95,2025-12-03,
51,1844.0,137,5,3719.0,2026-03-11,
52,1972.0,49,2,366.62,2026-05-13,
53,568.0,211,1,222.15,2025-11-01,
54,512.0,65,2,1228.68,2026-02-22,
55,1697.0,75,3,2385.15,2026-03-28,
56,1003.0,127,4,3162.48,2025-10-29,
57,1296.0,73,5,738.9,2025-12-09,
58,769.0,138,4,1149.44,2026-04-22,
59,1298.0,232,1,490.97,2026-04-19,
60,1056.0,48,4,1214.36,2026-03-26,
61,932.0,143,3,255.42,2026-07-23,
62,1192.0,250,3,1247.7,2025-12-23,
63,1497.0,2,1,660.22,2026-04-14,
64,1742.0,235,3,2674.8,2025-11-07,
65,815.0,33,5,773.65,2026-07-19,
66,1690.0,112,4,1880.28,2026-02-23,
67,550.0,109,4,602.6,2025-09-27,
68,692.0,166,3,685.35,2026-04-17,
69,268.0,281,5,798.45,2026-07-19,
70,1615.0,290,4,1693.48,2026-03-10,
71,95.0,176,1,432.85,2026-05-25,
72,34.0,51,4,1104.48,2025-08-11,
73,904.0,64,2,1625.72,2026-06-25,
74,1963.0,234,1,360.82,2026-06-18,
75,1411.0,220,2,733.32,2025-11-23,
76,326.0,68,3,2661.63,2026-06-22,
77,1341.0,141,1,158.05,2025-08-06,
78,169.0,185,3,426.06,2026-07-19,
79,107.0,191,2,493.94,2025-12-16,
80,1487.0,203,3,895.89,2026-01-10,
81,1343.0,120,4,2900.84,2026-07-15,
82,3.0,47,1,316.24,2026-04-19,
83,160.0,110,4,2894.44,2025-09-19,
84,464.0,68,5,4436.05,2025-09-29,
85,20.0,266,4,1856.36,2026-07-21,
86,1674.0,5,3,918.42,2026-05-01,
87,1422.0,62,4,2547.28,2026-03-12,
88,146.0,68,4,3548.84,2026-03-29,
89,,118,4,2598.08,2026-01-20,
90,642.0,53,1,769.86,2025-12-15,
91,281.0,189,3,1013.1,2025-08-16,
92,1314.0,196,2,487.48,2026-03-06,
93,,74,1,426.98,2026-06-13,
94,1250.0,289,1,49.07,2026-06-30,
95,720.0,85,4,-113.48,2026-06-05,
96,1884.0,110,2,1447.22,2025-10-01,
97,1407.0,211,5,1110.75,2026-01-09,
98,178.0,227,2,949.86,2026-03-22,
99,1542.0,52,2,704.9,2026-05-28,
100,1496.0,64,5,4064.3,2025-12-22,
101,1973.0,197,3,1186.98,2026-03-04,
102,1621.0,220,3,1099.98,2026-04-24,
103,568.0,72,2,984.2,2025-09-30,
104,1134.0,44,2,933.46,2026-01-20,
105,1737.0,146,1,690.08,2026-04-18,
106,1061.0,155,2,549.28,2025-11-16,
107,1532.0,261,2,257.66,2025-09-10,
108,1324.0,201,3,1173.3,2026-06-05,
109,1014.0,28,2,980.4,2026-03-06,
110,494.0,198,1,578.35,2025-12-31,
111,146.0,256,5,863.15,2026-03-15,
112,740.0,271,1,763.79,2025-12-29,
113,793.0,163,2,1204.34,2025-12-16,
114,749.0,292,4,1176.28,2026-01-10,
115,1563.0,280,2,1509.8,2026-04-06,
116,35.0,242,1,80.04,2025-09-02,
117,537.0,35,1,883.5,2026-07-29,
118,1890.0,111,1,689.27,2026-06-23,
119,1038.0,31,4,1388.4,2025-10-28,
120,1572.0,147,5,2977.35,2025-08-10,
121,1438.0,213,4,1524.4,2026-03-11,
122,1312.0,206,1,596.17,2026-02-08,
123,1262.0,275,5,3359.95,2026-06-15,
124,172.0,79,3,1012.74,2026-01-17,
125,1048.0,159,1,114.59,2025-09-12,
126,1099.0,105,2,1393.84,2026-04-22,
127,1202.0,168,4,2574.68,2026-06-23,
128,1431.0,34,3,2218.86,2026-04-28,
129,119.0,224,2,981.18,2026-07-13,
130,1894.0,126,1,170.23,2025-09-30,
131,929.0,223,1,659.47,2026-05-29,
132,1365.0,29,3,1127.37,2025-10-17,
133,26.0,90,1,397.43,2026-06-14,
134,336.0,71,1,96.54,2026-02-26,
135,1072.0,255,3,2178.99,2025-12-04,
136,342.0,265,3,557.31,2026-03-14,
137,1536.0,191,2,493.94,2025-12-13,
138,1580.0,138,1,287.36,2026-07-29,
139,1653.0,16,3,1087.26,2026-05-23,
140,1073.0,220,3,1099.98,2025-09-20,
141,1459.0,33,3,464.19,2025-11-10,
142,1017.0,296,1,298.23,2026-06-28,
143,738.0,234,5,1804.1,2025-10-18,
144,1760.0,29,4,1503.16,2026-06-02,
145,754.0,291,2,673.34,2025-11-16,
146,1584.0,81,3,1732.56,2026-01-06,
147,1381.0,53,5,3849.3,2026-03-03,
148,1518.0,60,2,1651.3,2025-10-01,
149,91.0,261,1,128.83,2025-11-06,
150,95.0,7,2,1403.44,2026-03-21,
151,785.0,242,3,240.12,2026-06-10,
152,1908.0,77,2,1510.0,2026-06-01,
153,1645.0,19,5,3463.0,2025-12-03,
154,660.0,215,2,610.48,2026-07-01,
155,1876.0,128,4,1944.28,2026-02-18,
156,1692.0,164,0,1320.72,2025-11-18,
157,764.0,40,5,357.45,2026-04-05,
158,1379.0,62,5,3184.1,2026-07-20,
159,458.0,27,2,493.78,2025-08-20,
160,1954.0,265,1,185.77,2026-07-02,
161,1797.0,206,1,596.17,2025-08-16,
162,1585.0,239,3,2300.94,2026-06-24,
163,177.0,160,3,1351.83,2025-10-07,
164,17.0,284,4,1998.24,2026-02-06,
165,598.0,189,2,675.4,2026-05-24,
166,1515.0,289,3,147.21,2025-10-30,
167,755.0,125,4,816.28,2025-08-05,
168,1501.0,253,2,692.0,2025-08-07,
169,309.0,280,2,1509.8,2026-04-21,
170,49.0,4,4,2748.24,2026-07-01,
171,710.0,120,5,3626.05,2026-02-20,
172,3.0,5,3,918.42,2026-01-20,
173,213.0,193,3,1157.85,2026-03-26,
174,488.0,106,5,420.0,2026-01-03,
175,1969.0,215,4,1220.96,2026-07-23,
176,1458.0,31,2,694.2,2026-07-14,
177,90.0,144,1,126.47,2026-01-03,
178,846.0,119,5,1783.95,2025-08-29,
179,1996.0,191,4,987.88,2025-08-26,
180,196.0,44,5,2333.65,2025-09-19,
181,1306.0,259,2,255.84,2026-06-24,
182,1213.0,202,1,688.8,2026-05-28,
183,891.0,291,1,336.67,2026-01-02,
184,598.0,67,2,1445.16,2026-02-16,
185,1897.0,134,3,1900.83,2025-10-22,
186,652.0,202,3,2066.4,2025-09-03,
187,479.0,232,3,1472.91,2025-09-05,
188,279.0,39,2,1781.3,2026-04-21,
189,319.0,300,1,581.59,2025-10-19,
190,921.0,55,2,1713.08,2026-06-17,
191,833.0,239,3,2300.94,2026-03-30,
192,734.0,62,5,3184.1,2025-12-13,
193,632.0,107,4,2063.08,2026-06-20,
194,1746.0,238,3,1762.8,2026-06-20,
195,323.0,62,1,636.82,2026-07-02,
196,83.0,156,5,3343.8,2025-08-14,
197,304.0,111,3,2067.81,2025-08-23,
198,1984.0,47,2,632.48,2025-08-30,
199,1052.0,183,4,1448.16,2025-12-28,
200,533.0,26,3,871.47,2026-02-25,
201,1950.0,90,1,397.43,2025-08-26,
202,1139.0,208,4,1457.44,2026-03-30,
203,194.0,282,2,1212.9,2026-04-13,
204,1647.0,237,1,366.17,2025-11-21,
205,25.0,72,1,492.1,2025-09-05,
206,268.0,32,2,-364.42,2025-11-26,
207,763.0,102,4,327.4,2026-09-07,
208,1201.0,44,5,2333.65,2026-03-28,
209,45.0,133,1,233.39,2025-09-02,
210,1849.0,34,2,1479.24,2026-07-04,
211,189.0,228,2,1213.96,2026-05-18,
212,,170,1,494.23,2025-12-07,
213,345.0,237,1,366.17,2025-08-26,
214,1683.0,294,4,1952.64,2026-01-27,
215,61.0,203,4,1194.52,2026-01-10,
216,354.0,196,4,974.96,2026-06-01,
217,1861.0,182,2,783.26,2025-10-12,
218,574.0,96,3,868.74,2026-07-06,
219,71.0,229,2,100.38,2026-04-06,
220,1022.0,126,3,510.69,2026-02-23,
221,982.0,211,5,1110.75,2025-10-20,
222,573.0,32,1,-182.21,2026-07-09,
223,859.0,197,2,791.32,2026-03-19,
224,511.0,103,5,1428.7,2026-01-24,
225,784.0,279,1,850.96,2026-04-11,
226,1116.0,184,4,1452.24,2026-01-11,
227,1870.0,249,3,1412.04,2026-04-05,
228,659.0,290,5,2116.85,2025-09-29,
229,369.0,199,3,240.96,2025-08-24,
230,1223.0,14,3,2520.63,2026-05-15,
231,1835.0,113,1,653.69,2025-12-26,
232,1657.0,144,1,126.47,2025-10-29,
233,733.0,242,5,400.2,2026-04-09,
234,1995.0,300,2,1163.18,2025-11-21,
235,508.0,82,1,472.21,2025-11-17,
236,1093.0,124,3,2239.89,2025-08-11,
237,1180.0,29,2,751.58,2026-07-18,
238,1916.0,199,3,240.96,2026-02-13,
239,485.0,89,2,205.52,2026-01-23,
240,1872.0,163,3,1806.51,2026-01-23,
241,1941.0,15,3,1415.19,2026-03-25,
242,292.0,291,5,1683.35,2025-11-22,
243,1714.0,289,2,98.14,2026-01-03,
244,633.0,253,5,1730.0,2025-10-07,
245,78.0,90,4,1589.72,2025-08-27,
246,477.0,47,1,316.24,2026-05-09,
247,1079.0,113,1,653.69,2026-01-26,
248,680.0,245,1,544.85,2026-07-14,
249,698.0,104,2,310.36,2025-09-28,
250,122.0,91,3,1685.19,2026-05-13,
251,1202.0,12,2,1637.12,2026-01-08,
252,1734.0,73,1,147.78,2026-05-28,
253,1968.0,270,3,469.56,2026-07-06,
254,1443.0,38,3,2405.34,2026-01-11,
255,207.0,203,5,1493.15,2026-04-22,
256,661.0,173,3,2324.58,2025-09-24,
257,1500.0,70,2,883.94,2026-03-24,
258,1330.0,224,4,1962.36,2025-09-27,
259,1449.0,163,2,1204.34,2025-12-16,
260,1612.0,288,5,4357.3,2025-08-12,
261,1364.0,183,2,724.08,2026-03-08,
262,629.0,90,4,1589.72,2026-06-11,
263,364.0,151,2,1588.0,2025-09-09,
264,802.0,1,5,863.3,2026-05-21,
265,373.0,291,1,336.67,2026-07-09,
266,453.0,163,5,3010.85,2026-02-12,
267,1919.0,290,1,423.37,2026-05-13,
268,679.0,255,2,1452.66,2026-04-04,
269,711.0,40,2,142.98,2026-06-21,
270,1303.0,164,2,880.48,2026-02-05,
271,915.0,46,3,1674.33,2026-07-29,
272,430.0,6,3,1870.02,2026-01-01,
273,718.0,128,1,486.07,2026-07-29,
274,1476.0,132,1,205.35,2025-08-23,
275,791.0,1,1,172.66,2025-10-06,
276,1985.0,225,4,2789.32,2026-03-12,
277,1010.0,86,4,2798.32,2026-05-03,
278,1119.0,194,3,2066.31,2026-08-02,
279,1698.0,193,1,385.95,2026-03-26,
280,1334.0,246,5,898.55,2025-08-30,
281,925.0,116,2,1783.86,2026-09-14,
282,604.0,38,1,801.78,2026-06-03,
283,535.0,11,3,855.45,2025-11-15,
284,701.0,54,1,97.82,2025-08-13,
285,330.0,88,4,1821.32,2026-01-06,
286,1929.0,39,5,4453.25,2026-08-03,
287,1217.0,48,3,910.77,2026-02-24,
288,884.0,248,1,689.82,2026-04-24,
289,1823.0,85,5,-141.85,2026-02-28,
290,110.0,223,2,1318.94,2025-11-15,
291,421.0,52,3,1057.35,2025-08-31,
292,1428.0,98,4,813.04,2025-10-19,
293,544.0,284,5,2497.8,2025-10-21,
294,487.0,145,3,1169.82,2025-10-22,
295,805.0,50,1,76.43,2026-01-28,
296,1721.0,293,5,1697.8,2025-11-03,
297,112.0,252,2,1427.7,2025-09-08,
298,876.0,185,1,142.02,2026-08-03,
299,1688.0,45,3,2186.97,2025-09-25,
300,199.0,246,2,359.42,2026-08-01,
301,350.0,14,2,1680.42,2025-12-05,
302,970.0,150,1,717.65,2025-12-21,
303,,60,3,2476.95,2026-05-09,
304,1002.0,204,4,2094.6,2026-08-01,
305,1315.0,136,1,533.19,2025-10-10,
306,379.0,279,4,3403.84,2025-10-22,
307,757.0,190,4,270.84,2025-12-16,
308,92.0,96,4,1158.32,2026-07-26,
309,953.0,135,4,-138.4,2026-01-07,
310,1715.0,135,2,-69.2,2025-09-16,
311,127.0,138,5,1436.8,2026-02-02,
312,176.0,78,1,181.61,2026-03-04,
313,848.0,177,5,3092.9,2026-07-31,
314,125.0,117,5,2381.45,2025-09-04,
315,858.0,199,5,401.6,2026-02-01,
316,1173.0,275,4,2687.96,2025-08-09,
317,613.0,121,4,1073.44,2025-10-23,
318,1849.0,41,4,3125.76,2026-06-30,
319,1170.0,18,5,364.7,2026-07-20,
320,1388.0,265,5,928.85,2026-07-23,
321,1945.0,76,1,700.29,2025-10-07,
322,1944.0,230,2,1001.46,2026-04-25,
323,1656.0,86,2,1399.16,2025-09-13,
324,88.0,99,2,937.86,2025-09-04,
325,,217,1,358.81,2026-03-27,
326,1685.0,223,2,1318.94,2025-10-07,
327,529.0,76,5,3501.45,2025-08-05,
328,179.0,164,1,440.24,2025-12-30,
329,814.0,199,5,401.6,2025-09-17,
330,1755.0,283,3,1278.6,2025-10-29,
331,939.0,142,5,1242.55,2026-05-23,
332,1204.0,7,5,3508.6,2026-01-15,
333,231.0,268,4,1402.28,2025-11-05,
334,304.0,213,2,762.2,2026-06-21,
335,1194.0,291,5,1683.35,2026-02-20,
336,1153.0,52,1,352.45,2026-04-22,
337,1777.0,52,3,1057.35,2025-12-06,
338,1798.0,275,3,2015.97,2025-09-25,
339,785.0,211,3,666.45,2026-02-02,
340,1248.0,249,5,2353.4,2026-02-13,
341,353.0,243,1,813.41,2026-03-05,
342,295.0,142,4,994.04,2026-03-15,
343,811.0,206,1,596.17,2025-12-16,
344,101.0,170,2,988.46,2025-12-29,
345,1838.0,244,3,582.72,2025-09-21,
346,692.0,191,1,246.97,2025-10-17,
347,575.0,156,3,2006.28,2025-10-28,
348,1992.0,252,1,713.85,2026-01-25,
349,616.0,117,2,952.58,2025-09-02,
350,552.0,227,3,1424.79,2026-07-17,
351,1323.0,214,5,3534.7,2026-04-21,
352,905.0,46,2,1116.22,2026-03-04,
353,1518.0,109,4,602.6,2025-11-28,
354,1777.0,249,5,2353.4,2026-10-18,
355,1056.0,192,1,423.94,2025-11-15,
356,638.0,82,1,472.21,2026-03-23,
357,278.0,260,4,1704.04,2025-08-24,
358,60.0,269,5,2753.35,2026-05-13,
359,1793.0,89,2,205.52,2025-10-09,
360,511.0,103,1,285.74,2026-07-06,
361,104.0,17,4,3046.76,2026-03-17,
362,562.0,185,2,284.04,2025-12-08,
363,1035.0,189,4,1350.8,2025-08-23,
364,1396.0,204,1,523.65,2025-09-28,
365,763.0,16,2,724.84,2026-07-06,
366,914.0,251,5,4366.35,2026-01-05,
367,1202.0,91,4,2246.92,2025-11-27,
368,706.0,283,3,1278.6,2026-02-19,
369,1534.0,84,3,2293.74,2025-08-21,
370,57.0,47,3,948.72,2026-06-18,
371,334.0,198,1,578.35,2025-09-10,
372,1756.0,293,2,679.12,2026-01-19,
373,1388.0,114,2,336.18,2025-11-19,
374,1335.0,106,3,252.0,2025-11-23,
375,42.0,210,5,2261.4,2025-08-25,
376,1867.0,5,4,1224.56,2025-11-04,
377,1232.0,68,2,1774.42,2026-01-27,
378,517.0,5,2,612.28,2025-10-23,
379,868.0,157,3,156.33,2026-04-26,
380,941.0,193,3,1157.85,2025-11-10,
381,956.0,130,2,1648.86,2026-06-24,
382,1689.0,155,5,1373.2,2025-09-13,
383,210.0,204,5,2618.25,2026-01-06,
384,,4,5,3435.3,2026-02-03,
385,1326.0,192,5,2119.7,2026-02-28,
386,1402.0,145,3,1169.82,2025-09-16,
387,131.0,56,4,2495.96,2026-07-31,
388,1312.0,173,3,2324.58,2025-09-29,
389,535.0,167,3,1293.84,2026-07-22,
390,308.0,153,2,1781.26,2026-01-31,
391,1843.0,265,2,371.54,2026-05-19,
392,828.0,30,5,4418.45,2026-06-08,
393,1478.0,164,2,880.48,2026-02-15,
394,606.0,14,4,3360.84,2026-04-21,
395,829.0,133,4,933.56,2026-02-20,
396,1195.0,199,1,80.32,2026-08-31,
397,703.0,293,2,679.12,2026-07-26,
398,1308.0,114,5,840.45,2025-10-16,
399,1039.0,244,3,582.72,2025-09-03,
400,1722.0,154,2,1609.52,2025-08-10,
401,,286,2,268.12,2026-06-24,
402,263.0,50,4,305.72,2025-10-06,
403,1563.0,133,5,1166.95,2026-04-10,
404,1341.0,94,3,943.32,2025-09-09,
405,728.0,46,2,1116.22,2026-07-12,
406,862.0,115,3,2522.94,2026-02-11,
407,534.0,170,3,1482.69,2026-07-18,
408,950.0,300,3,1744.77,2026-06-19,
409,110.0,61,4,2581.88,2026-03-21,
410,1934.0,299,5,2607.35,2026-03-01,
411,1822.0,37,4,287.24,2026-06-22,
412,246.0,100,5,587.2,2025-10-14,
413,612.0,196,5,1218.7,2025-09-13,
414,1784.0,212,1,-309.25,2026-04-05,
415,411.0,78,2,363.22,2026-09-09,
416,1167.0,176,4,1731.4,2025-11-14,
417,648.0,235,2,1783.2,2026-02-22,
418,999.0,93,1,694.17,2026-08-01,
419,642.0,171,2,186.22,2026-01-15,
420,926.0,30,1,883.69,2025-10-10,
421,1559.0,141,2,316.1,2026-03-15,
422,1566.0,87,5,2341.55,2026-03-05,
423,1609.0,82,4,1888.84,2025-12-15,
424,1259.0,46,2,1116.22,2026-05-17,
425,827.0,223,4,2637.88,2026-06-23,
426,786.0,220,4,1466.64,2026-02-11,
427,1094.0,3,1,621.67,2026-06-05,
428,1946.0,103,3,857.22,2026-05-15,
429,1551.0,8,3,2612.97,2026-04-28,
430,37.0,272,2,655.74,2026-03-28,
431,464.0,3,2,1243.34,2026-01-22,
432,265.0,177,3,1855.74,2025-11-03,
433,1031.0,53,4,3079.44,2026-05-26,
434,134.0,157,2,104.22,2026-01-17,
435,1943.0,24,3,282.03,2026-07-07,
436,1491.0,149,4,3194.92,2026-06-21,
437,1074.0,267,5,1386.65,2025-11-02,
438,1819.0,173,4,3099.44,2026-07-10,
439,1847.0,69,3,187.8,2026-06-20,
440,1537.0,251,3,2619.81,2026-03-02,
441,1942.0,97,-2,507.02,2025-11-07,
442,468.0,207,1,500.65,2026-07-11,
443,,115,2,1681.96,2025-09-18,
444,1034.0,12,5,4092.8,2026-06-30,
445,751.0,87,1,468.31,2026-02-21,
446,1796.0,20,4,3276.16,2025-10-12,
447,1277.0,131,5,3106.25,2026-03-04,
448,99.0,25,5,2917.4,2026-04-26,
449,99.0,56,1,623.99,2025-12-06,
450,910.0,60,4,3302.6,2026-01-10,
451,1121.0,195,1,241.38,2025-08-16,
452,1438.0,130,4,3297.72,2025-12-14,
453,1424.0,79,2,675.16,2025-11-01,
454,862.0,5,3,918.42,2026-03-15,
455,553.0,52,5,1762.25,2026-05-23,
456,1702.0,71,4,386.16,2026-01-26,
457,1473.0,54,5,489.1,2026-05-18,
458,234.0,61,3,1936.41,2025-08-13,
459,407.0,55,4,3426.16,2026-02-12,
460,1703.0,103,3,857.22,2026-06-06,
461,734.0,268,2,701.14,2026-05-04,
462,329.0,210,3,1356.84,2026-03-21,
463,1017.0,21,5,3790.35,2026-03-04,
464,678.0,107,4,2063.08,2026-05-11,
465,27.0,121,1,268.36,2026-04-09,
466,1711.0,46,1,558.11,2026-01-18,
467,306.0,294,4,1952.64,2026-01-08,
468,154.0,47,5,1581.2,2026-04-26,
469,1320.0,52,3,1057.35,2026-07-31,
470,607.0,119,4,1427.16,2025-09-20,
471,103.0,136,4,2132.76,2026-01-28,
472,1791.0,52,2,704.9,2026-02-06,
473,738.0,21,3,2274.21,2026-05-03,
474,1513.0,161,4,1479.48,2025-08-28,
475,1744.0,60,1,825.65,2026-01-08,
476,1745.0,24,1,94.01,2026-07-05,
477,674.0,71,2,193.08,2026-08-04,
478,1957.0,184,4,1452.24,2026-02-13,
479,764.0,138,1,287.36,2025-11-04,
480,234.0,176,2,865.7,2026-07-20,
481,1971.0,206,4,2384.68,2026-01-09,
482,1712.0,234,3,1082.46,2026-02-22,
483,1639.0,198,4,2313.4,2026-06-03,
484,232.0,216,2,881.52,2026-06-14,
485,1931.0,68,1,887.21,2025-09-30,
486,853.0,82,1,472.21,2026-07-05,
487,1390.0,248,5,3449.1,2026-06-08,
488,1252.0,225,2,1394.66,2025-08-11,
489,1253.0,195,3,724.14,2025-12-24,
490,990.0,15,2,943.46,2026-05-28,
491,1818.0,250,1,415.9,2025-08-05,
492,95.0,211,4,888.6,2025-12-29,
493,1342.0,33,3,464.19,2026-03-02,
494,1443.0,161,1,369.87,2025-09-29,
495,1483.0,269,5,2753.35,2025-09-06,
496,1958.0,290,2,846.74,2026-04-17,
497,1072.0,174,-5,3282.75,2026-06-27,
498,1356.0,49,4,733.24,2025-10-10,
499,709.0,128,4,1944.28,2025-10-14,
500,1719.0,198,2,1156.7,2025-10-30,
501,112.0,286,5,670.3,2026-04-06,
502,1036.0,6,2,1246.68,2025-12-18,
503,1781.0,241,4,3260.36,2025-12-10,
504,1539.0,85,1,-28.37,2026-04-23,
505,494.0,252,3,2141.55,2025-10-05,
506,104.0,170,3,1482.69,2025-09-07,
507,1128.0,260,2,852.02,2026-01-04,
508,1674.0,194,4,2755.08,2026-04-25,
509,941.0,121,1,268.36,2026-07-10,
510,918.0,228,5,3034.9,2026-04-18,
511,916.0,46,4,2232.44,2025-12-25,
512,1019.0,162,1,299.67,2025-08-10,
513,827.0,10,1,791.74,2026-06-02,
514,1142.0,212,1,-309.25,2025-12-13,
515,1692.0,282,1,606.45,2026-03-02,
516,1973.0,47,5,1581.2,2026-01-25,
517,1152.0,156,5,3343.8,2026-08-03,
518,1947.0,106,4,336.0,2025-09-14,
519,1691.0,175,3,2206.44,2026-04-28,
520,1730.0,28,2,980.4,2025-11-15,
521,1148.0,233,3,2223.24,2026-01-09,
522,1467.0,243,3,2440.23,2026-03-14,
523,200.0,232,1,490.97,2025-10-02,
524,700.0,114,1,168.09,2026-05-16,
525,1122.0,182,3,1174.89,2025-09-02,
526,1438.0,268,3,1051.71,2026-02-24,
527,1837.0,55,1,856.54,2026-04-14,
528,288.0,85,4,-113.48,2026-05-31,
529,521.0,210,1,452.28,2026-08-03,
530,248.0,101,2,1742.7,2025-10-11,
531,937.0,202,2,1377.6,2025-09-02,
532,221.0,98,3,609.78,2026-03-14,
533,1898.0,213,1,381.1,2025-09-27,
534,937.0,64,4,3251.44,2025-12-10,
535,1974.0,259,2,255.84,2026-03-13,
536,1087.0,256,1,172.63,2026-01-06,
537,1916.0,25,5,2917.4,2026-01-29,
538,990.0,222,5,2181.55,2026-05-25,
539,1417.0,261,2,257.66,2026-03-23,
540,1497.0,297,2,1194.5,2025-08-20,
541,794.0,66,1,806.55,2026-03-09,
542,1806.0,165,5,3168.25,2026-03-22,
543,1248.0,197,4,1582.64,2026-02-28,
544,815.0,128,3,1458.21,2026-06-01,
545,928.0,176,3,1298.55,2026-04-26,
546,846.0,69,2,125.2,2025-11-17,
547,1727.0,263,3,872.97,2025-11-04,
548,1458.0,281,3,479.07,2026-01-18,
549,412.0,284,2,999.12,2026-04-04,
550,1464.0,108,5,3486.95,2026-03-29,
551,1887.0,149,3,2396.19,2026-03-03,
552,1032.0,68,2,1774.42,2025-11-25,
553,1455.0,278,3,1878.81,2026-06-05,
554,1152.0,60,3,2476.95,2026-03-05,
555,1169.0,246,5,898.55,2026-07-08,
556,586.0,214,5,3534.7,2025-08-11,
557,1071.0,217,1,358.81,2025-10-05,
558,781.0,55,1,856.54,2025-09-23,
559,1373.0,75,1,795.05,2026-07-17,
560,547.0,29,2,751.58,2026-07-27,
561,1400.0,83,3,561.69,2025-08-19,
562,1720.0,129,2,983.82,2026-07-01,
563,418.0,32,3,-546.63,2025-12-11,
564,,278,1,626.27,2026-06-11,
565,1262.0,232,1,490.97,2025-08-18,
566,1521.0,288,2,1742.92,2026-03-28,
567,487.0,288,4,3485.84,2026-04-30,
568,1420.0,262,3,1660.08,2026-05-15,
569,794.0,25,4,2333.92,2025-11-02,
570,1979.0,214,3,2120.82,2026-04-19,
571,27.0,283,1,426.2,2026-06-27,
572,1271.0,129,2,983.82,2026-03-03,
573,1867.0,227,2,949.86,2026-01-20,
574,1120.0,189,5,1688.5,2026-05-11,
575,603.0,101,2,1742.7,2026-03-25,
576,1399.0,230,2,1001.46,2026-05-10,
577,1972.0,39,2,1781.3,2026-04-30,
578,245.0,89,5,513.8,2025-11-10,
579,878.0,194,1,688.77,2026-02-18,
580,542.0,143,5,425.7,2025-11-26,
581,1197.0,67,2,1445.16,2026-04-13,
582,677.0,131,1,621.25,2025-09-24,
583,82.0,239,2,1533.96,2025-11-28,
584,1223.0,79,3,1012.74,2026-07-13,
585,1727.0,27,5,1234.45,2026-03-28,
586,1618.0,155,4,1098.56,2025-12-14,
587,734.0,294,5,2440.8,2026-06-29,
588,1077.0,38,3,2405.34,2026-05-17,
589,1067.0,113,2,1307.38,2026-03-29,
590,327.0,35,5,4417.5,2026-02-19,
591,1100.0,213,5,1905.5,2026-03-07,
592,716.0,207,1,500.65,2026-04-06,
593,1359.0,114,2,336.18,2025-08-30,
594,739.0,170,3,1482.69,2026-04-13,
595,1947.0,151,2,1588.0,2025-09-06,
596,1150.0,272,4,1311.48,2025-11-23,
597,1370.0,5,1,306.14,2025-12-17,
598,493.0,178,4,1522.08,2026-01-27,
599,1398.0,125,1,204.07,2026-04-05,
600,1876.0,165,-4,2534.6,2026-03-04,
601,526.0,59,4,249.16,2026-02-18,
602,51.0,277,3,413.82,2026-01-29,
603,1054.0,265,3,557.31,2026-06-15,
604,997.0,261,4,515.32,2026-05-23,
605,1840.0,23,3,434.37,2026-07-25,
606,1053.0,99,3,1406.79,2025-08-18,
607,343.0,43,1,679.24,2026-10-21,
608,16.0,276,5,1601.3,2026-04-16,
609,1373.0,34,2,1479.24,2026-01-23,
610,1712.0,110,4,2894.44,2026-11-02,
611,1102.0,54,2,195.64,2025-12-21,
612,1530.0,223,1,659.47,2026-07-29,
613,941.0,79,1,337.58,2025-10-13,
614,180.0,170,1,494.23,2025-11-04,
615,365.0,38,1,801.78,2026-07-18,
616,145.0,129,5,2459.55,2026-03-04,
617,1866.0,295,2,833.64,2026-01-07,
618,795.0,133,4,933.56,2026-01-25,
619,887.0,231,4,2933.2,2026-01-03,
620,798.0,162,1,299.67,2026-02-06,
621,13.0,61,5,3227.35,2025-10-20,
622,94.0,33,5,773.65,2026-03-02,
623,1901.0,38,-3,2405.34,2026-05-30,
624,594.0,258,1,850.95,2026-04-17,
625,178.0,155,5,1373.2,2026-10-31,
626,782.0,145,4,1559.76,2025-08-15,
627,971.0,203,1,298.63,2026-08-02,
628,451.0,81,5,2887.6,2026-04-01,
629,1632.0,70,4,1767.88,2026-01-27,
630,1967.0,280,3,2264.7,2025-11-19,
631,1388.0,74,3,1280.94,2025-12-30,
632,1134.0,192,1,423.94,2026-06-04,
633,253.0,285,2,1440.04,2025-09-04,
634,1173.0,22,1,135.62,2026-03-31,
635,1122.0,202,5,3444.0,2025-08-29,
636,431.0,44,3,1400.19,2026-05-11,
637,846.0,177,2,1237.16,2026-04-05,
638,330.0,263,2,581.98,2026-04-19,
639,1264.0,95,2,853.3,2026-01-31,
640,235.0,130,2,1648.86,2026-02-13,
641,1746.0,93,5,3470.85,2026-03-30,
642,945.0,28,5,2451.0,2026-02-27,
643,596.0,282,1,606.45,2026-02-12,
644,202.0,35,3,2650.5,2026-01-01,
645,998.0,102,5,409.25,2026-03-03,
646,263.0,170,3,1482.69,2025-10-02,
647,584.0,121,0,268.36,2026-07-03,
648,651.0,36,2,1475.78,2026-04-04,
649,673.0,249,4,1882.72,2026-03-16,
650,313.0,157,5,260.55,2026-07-26,
651,747.0,290,5,2116.85,2026-01-21,
652,346.0,162,4,1198.68,2026-02-17,
653,505.0,3,3,1865.01,2026-02-14,
654,567.0,114,4,672.36,2026-05-11,
655,1392.0,185,2,284.04,2026-06-29,
656,948.0,170,4,1976.92,2025-10-03,
657,1587.0,229,3,150.57,2026-06-26,
658,1130.0,157,4,208.44,2026-06-24,
659,1323.0,56,2,1247.98,2025-09-24,
660,1759.0,42,3,824.91,2025-12-07,
661,403.0,72,5,2460.5,2026-02-21,
662,1490.0,135,1,-34.6,2026-03-17,
663,1740.0,39,1,890.65,2025-10-20,
664,1665.0,260,1,426.01,2026-02-12,
665,830.0,298,5,2418.75,2026-05-23,
666,1130.0,109,1,150.65,2025-08-19,
667,1831.0,134,5,3168.05,2026-06-08,
668,1340.0,277,4,551.76,2026-04-11,
669,804.0,77,3,2265.0,2026-02-27,
670,1502.0,115,5,4204.9,2025-12-06,
671,952.0,149,2,1597.46,2026-04-26,
672,186.0,257,5,1561.7,2026-02-24,
673,1029.0,204,3,1570.95,2025-08-05,
674,1737.0,6,2,1246.68,2026-01-06,
675,288.0,85,5,-141.85,2026-04-11,
676,367.0,229,2,100.38,2025-10-16,
677,1351.0,290,5,2116.85,2026-04-26,
678,1924.0,75,4,3180.2,2026-04-04,
679,449.0,184,1,363.06,2026-06-08,
680,129.0,250,2,831.8,2025-11-05,
681,480.0,136,3,1599.57,2025-12-26,
682,1061.0,22,2,271.24,2025-08-25,
683,,185,4,568.08,2026-05-02,
684,82.0,233,1,741.08,2025-11-17,
685,1442.0,166,1,228.45,2026-07-13,
686,1710.0,267,3,831.99,2025-08-16,
687,1115.0,135,5,-173.0,2026-04-19,
688,772.0,292,2,588.14,2026-07-18,
689,1204.0,194,3,2066.31,2026-07-08,
690,516.0,40,5,357.45,2025-12-22,
691,1058.0,193,2,771.9,2026-05-25,
692,1674.0,208,3,1093.08,2026-01-03,
693,1624.0,177,4,2474.32,2025-12-30,
694,14.0,247,5,3111.25,2026-05-14,
695,901.0,257,2,624.68,2026-04-02,
696,158.0,85,0,-56.74,2025-12-11,
697,434.0,264,3,1595.67,2026-04-28,
698,323.0,77,2,1510.0,2026-08-14,
699,1470.0,186,5,3329.8,2026-03-14,
700,850.0,61,2,1290.94,2025-08-19,
701,987.0,170,1,494.23,2025-08-16,
702,432.0,246,4,718.84,2026-04-23,
703,46.0,83,4,748.92,2025-09-22,
704,262.0,125,1,204.07,2025-10-09,
705,330.0,294,5,2440.8,2025-11-21,
706,81.0,69,5,313.0,2026-07-20,
707,115.0,294,2,976.32,2026-03-03,
708,1890.0,86,3,2098.74,2025-10-12,
709,1963.0,93,5,3470.85,2026-06-03,
710,1986.0,208,5,1821.8,2026-05-21,
711,1800.0,289,1,49.07,2026-09-28,
712,444.0,146,1,690.08,2026-07-02,
713,966.0,230,5,2503.65,2025-12-28,
714,450.0,247,2,1244.5,2025-11-17,
715,293.0,211,5,1110.75,2025-11-10,
716,1277.0,299,2,1042.94,2025-10-14,
717,344.0,262,3,1660.08,2026-08-02,
718,1222.0,176,4,1731.4,2026-02-24,
719,775.0,36,2,1475.78,2026-01-04,
720,223.0,198,2,1156.7,2026-01-30,
721,1071.0,9,2,1581.56,2026-03-23,
722,1693.0,259,4,511.68,2026-01-05,
723,198.0,77,5,3775.0,2025-10-20,
724,1847.0,91,4,2246.92,2025-09-28,
725,1031.0,20,5,4095.2,2025-12-20,
726,988.0,61,1,645.47,2026-06-21,
727,1105.0,67,5,3612.9,2026-06-17,
728,1070.0,1,4,690.64,2026-03-30,
729,1792.0,216,3,1322.28,2025-11-27,
730,879.0,23,5,723.95,2025-10-16,
731,1618.0,118,4,2598.08,2026-04-09,
732,1207.0,196,3,731.22,2025-11-08,
733,,295,1,416.82,2026-04-08,
734,978.0,69,3,187.8,2025-09-25,
735,581.0,120,1,725.21,2026-04-27,
736,528.0,279,4,3403.84,2026-02-27,
737,1453.0,97,1,253.51,2026-05-19,
738,1071.0,4,5,3435.3,2026-03-16,
739,15.0,61,5,3227.35,2026-06-29,
740,1409.0,193,2,771.9,2025-11-17,
741,742.0,162,4,1198.68,2026-06-07,
742,873.0,55,2,1713.08,2026-01-03,
743,536.0,300,3,1744.77,2026-10-22,
744,1157.0,275,4,2687.96,2026-07-07,
745,565.0,188,5,2487.3,2025-10-30,
746,847.0,204,2,1047.3,2026-07-07,
747,989.0,283,5,2131.0,2026-08-05,
748,1146.0,92,3,2014.23,2025-10-19,
749,520.0,285,4,2880.08,2026-03-05,
750,706.0,158,5,954.65,2026-07-21,
751,1752.0,204,2,1047.3,2026-07-29,
752,915.0,61,2,1290.94,2026-03-15,
753,440.0,83,1,187.23,2026-08-02,
754,1610.0,261,4,515.32,2025-09-14,
755,1258.0,174,5,3282.75,2025-12-15,
756,797.0,27,2,493.78,2026-01-09,
757,1687.0,3,1,621.67,2025-10-07,
758,1897.0,75,4,3180.2,2025-11-14,
759,,223,1,659.47,2025-09-04,
760,760.0,135,2,-69.2,2026-04-27,
761,78.0,41,5,3907.2,2026-04-26,
762,1258.0,197,4,1582.64,2026-07-26,
763,1458.0,267,3,831.99,2025-12-10,
764,1312.0,30,2,1767.38,2025-10-16,
765,22.0,254,4,2498.16,2026-02-28,
766,586.0,104,5,775.9,2026-05-27,
767,1606.0,100,1,117.44,2025-12-14,
768,1431.0,262,5,2766.8,2026-05-12,
769,348.0,119,5,1783.95,2026-08-02,
770,490.0,19,3,2077.8,2026-02-08,
771,,1,2,345.32,2025-10-13,
772,724.0,142,4,994.04,2026-07-25,
773,1201.0,203,4,1194.52,2025-12-16,
774,32.0,103,5,1428.7,2026-01-03,
775,1126.0,36,1,737.89,2025-10-09,
776,1874.0,146,5,3450.4,2026-03-16,
777,712.0,299,3,1564.41,2025-10-10,
778,1242.0,142,2,497.02,2026-01-08,
779,1905.0,100,4,469.76,2026-03-21,
780,10.0,207,5,2503.25,2025-10-30,
781,834.0,134,2,1267.22,2026-07-08,
782,1145.0,260,1,426.01,2026-05-01,
783,603.0,38,5,4008.9,2025-10-30,
784,1645.0,175,1,735.48,2025-12-16,
785,1795.0,263,3,872.97,2026-02-26,
786,513.0,276,5,1601.3,2026-03-29,
787,1154.0,227,4,1899.72,2026-06-04,
788,1552.0,248,2,1379.64,2026-04-28,
789,1396.0,174,4,2626.2,2025-12-26,
790,1766.0,236,5,3011.05,2025-09-13,
791,239.0,15,4,1886.92,2025-10-30,
792,784.0,133,1,233.39,2026-07-05,
793,1639.0,113,2,1307.38,2026-08-04,
794,1957.0,162,4,1198.68,2026-02-16,
795,1098.0,181,5,4440.4,2025-09-15,
796,509.0,5,3,918.42,2026-03-10,
797,818.0,148,1,500.23,2026-05-07,
798,1136.0,176,1,432.85,2026-01-03,
799,643.0,92,4,2685.64,2025-12-26,
800,1832.0,182,2,783.26,2025-12-25,
801,375.0,294,3,1464.48,2025-08-14,
802,1510.0,98,4,813.04,2026-04-12,
803,1507.0,103,2,571.48,2026-02-11,
804,424.0,124,3,2239.89,2026-02-22,
805,1710.0,118,2,1299.04,2025-11-15,
806,730.0,128,5,2430.35,2026-01-02,
807,246.0,80,1,255.52,2026-07-01,
808,1258.0,41,4,3125.76,2026-03-09,
809,1962.0,4,5,3435.3,2025-12-08,
810,761.0,22,4,542.48,2025-08-11,
811,1840.0,162,4,1198.68,2026-03-29,
812,1006.0,295,3,1250.46,2025-12-07,
813,574.0,94,5,1572.2,2026-05-25,
814,1537.0,204,2,1047.3,2026-02-10,
815,111.0,296,2,596.46,2026-06-01,
816,980.0,270,4,626.08,2026-04-26,
817,,277,1,137.94,2025-11-24,
818,1763.0,178,4,1522.08,2026-06-21,
819,2000.0,90,4,1589.72,2025-11-14,
820,943.0,62,5,3184.1,2025-10-31,
821,25.0,162,1,299.67,2025-08-07,
822,1190.0,108,4,2789.56,2025-10-19,
823,741.0,52,3,1057.35,2025-12-02,
824,1124.0,133,2,466.78,2026-04-05,
825,552.0,135,2,-69.2,2026-04-04,
826,703.0,242,5,400.2,2025-09-20,
827,1022.0,188,2,994.92,2026-07-11,
828,859.0,218,2,-535.14,2026-04-24,
829,1750.0,191,3,740.91,2026-07-18,
830,924.0,206,3,1788.51,2026-02-19,
831,269.0,93,-5,3470.85,2026-06-21,
832,1668.0,295,2,833.64,2026-03-17,
833,1647.0,52,3,1057.35,2025-09-02,
834,886.0,121,5,1341.8,2026-07-30,
835,299.0,196,2,487.48,2026-06-24,
836,1651.0,77,4,3020.0,2025-09-17,
837,864.0,5,2,612.28,2026-07-25,
838,1830.0,256,2,345.26,2026-02-07,
839,1476.0,265,5,928.85,2026-03-25,
840,615.0,162,4,1198.68,2026-02-09,
841,1759.0,129,5,2459.55,2025-10-08,
842,816.0,291,1,336.67,2025-08-23,
843,123.0,51,2,552.24,2025-10-21,
844,976.0,111,3,2067.81,2026-02-23,
845,1525.0,50,4,305.72,2026-06-24,
846,740.0,172,3,1597.56,2026-05-05,
847,1142.0,185,5,710.1,2025-12-12,
848,41.0,132,3,616.05,2026-03-19,
849,720.0,211,1,222.15,2025-11-04,
850,1180.0,102,5,409.25,2025-11-17,
851,1599.0,276,2,640.52,2026-06-09,
852,666.0,146,3,2070.24,2025-08-19,
853,1587.0,262,4,2213.44,2025-09-07,
854,781.0,229,1,50.19,2026-06-26,
855,1294.0,147,4,2381.88,2025-12-24,
856,1312.0,75,2,1590.1,2025-10-25,
857,,173,4,3099.44,2026-01-05,
858,1739.0,293,4,1358.24,2025-12-02,
859,332.0,37,1,71.81,2025-09-08,
860,643.0,176,2,865.7,2025-12-09,
861,1455.0,163,3,1806.51,2025-11-27,
862,1321.0,137,5,3719.0,2026-01-28,
863,1818.0,203,3,895.89,2025-09-15,
864,1532.0,228,3,1820.94,2025-12-09,
865,848.0,267,4,1109.32,2026-06-22,
866,1750.0,86,2,1399.16,2025-12-10,
867,1491.0,12,2,1637.12,2025-10-22,
868,1927.0,121,3,805.08,2025-09-15,
869,342.0,41,2,1562.88,2025-10-28,
870,196.0,204,1,523.65,2026-05-15,
871,1124.0,33,4,618.92,2025-10-11,
872,1579.0,28,0,490.2,2025-12-25,
873,1567.0,204,5,2618.25,2026-04-02,
874,538.0,43,1,679.24,2026-07-15,
875,1342.0,80,-1,255.52,2025-10-27,
876,470.0,200,3,2147.37,2026-06-18,
877,908.0,127,3,2371.86,2026-01-14,
878,1079.0,65,2,1228.68,2026-02-05,
879,72.0,88,1,455.33,2026-05-14,
880,1770.0,183,3,1086.12,2026-06-29,
881,1997.0,244,4,776.96,2026-02-24,
882,,277,3,413.82,2025-09-11,
883,1986.0,228,2,1213.96,2025-11-05,
884,1211.0,277,2,275.88,2026-06-11,
885,891.0,234,5,1804.1,2026-01-17,
886,635.0,269,5,2753.35,2026-01-25,
887,1106.0,178,4,1522.08,2026-07-01,
888,905.0,117,1,476.29,2025-12-06,
889,845.0,158,3,572.79,2025-08-22,
890,622.0,134,2,1267.22,2025-08-11,
891,1072.0,6,1,623.34,2026-04-03,
892,588.0,70,3,1325.91,2025-11-16,
893,18.0,241,5,4075.45,2026-06-29,
894,614.0,252,4,2855.4,2025-10-02,
895,1635.0,5,4,1224.56,2026-05-02,
896,474.0,150,5,3588.25,2026-07-06,
897,766.0,4,5,3435.3,2026-04-11,
898,1807.0,97,4,1014.04,2026-06-12,
899,809.0,288,4,3485.84,2025-09-16,
900,1465.0,128,2,972.14,2025-11-23,
901,452.0,200,4,2863.16,2026-05-30,
902,865.0,135,1,-34.6,2026-06-08,
903,1566.0,123,5,2454.2,2025-09-07,
904,1329.0,140,3,2256.12,2025-08-18,
905,846.0,273,3,947.31,2026-06-02,
906,374.0,97,1,253.51,2025-12-20,
907,227.0,70,-3,1325.91,2025-10-12,
908,928.0,234,5,1804.1,2026-01-29,
909,1008.0,140,5,3760.2,2025-12-31,
910,40.0,97,3,760.53,2026-04-01,
911,1986.0,78,1,181.61,2026-02-26,
912,381.0,274,1,192.77,2025-09-21,
913,552.0,53,3,2309.58,2026-05-02,
914,1490.0,65,4,2457.36,2026-03-22,
915,185.0,5,2,612.28,2026-02-24,
916,1011.0,78,1,181.61,2026-02-04,
917,861.0,112,3,1410.21,2026-03-11,
918,761.0,160,4,1802.44,2025-08-28,
919,677.0,238,1,587.6,2026-03-27,
920,115.0,42,2,549.94,2026-05-16,
921,147.0,137,4,2975.2,2026-06-25,
922,372.0,279,4,3403.84,2025-09-25,
923,1674.0,99,3,1406.79,2026-05-26,
924,250.0,196,-1,243.74,2026-02-06,
925,1580.0,128,4,1944.28,2025-08-07,
926,1511.0,227,2,949.86,2025-11-18,
927,944.0,18,2,145.88,2025-12-23,
928,1364.0,49,5,916.55,2025-09-24,
929,797.0,107,4,2063.08,2025-11-04,
930,325.0,160,3,1351.83,2026-06-29,
931,1067.0,22,5,678.1,2026-02-20,
932,986.0,63,3,470.19,2026-02-25,
933,739.0,153,2,1781.26,2026-03-09,
934,1994.0,27,2,493.78,2026-07-03,
935,1297.0,58,2,764.62,2026-05-29,
936,31.0,223,3,1978.41,2025-12-18,
937,1198.0,86,3,2098.74,2026-01-08,
938,1617.0,62,-4,2547.28,2025-10-07,
939,1985.0,125,1,204.07,2026-07-16,
940,1605.0,22,5,678.1,2025-09-27,
941,318.0,244,5,971.2,2026-08-03,
942,510.0,191,1,246.97,2025-12-11,
943,188.0,81,4,2310.08,2026-03-09,
944,123.0,174,1,656.55,2026-06-15,
945,1437.0,183,2,724.08,2026-07-25,
946,258.0,275,1,671.99,2026-06-15,
947,649.0,250,2,831.8,2026-06-02,
948,1650.0,286,3,402.18,2026-01-18,
949,44.0,225,2,1394.66,2026-01-13,
950,1484.0,194,3,2066.31,2025-08-27,
951,1841.0,69,3,187.8,2025-12-09,
952,1448.0,21,4,3032.28,2026-07-06,
953,604.0,225,5,3486.65,2026-06-01,
954,389.0,278,4,2505.08,2026-03-19,
955,,291,2,673.34,2026-02-17,
956,1500.0,179,3,1612.05,2026-01-13,
957,1777.0,240,3,2428.56,2026-06-08,
958,142.0,284,2,999.12,2026-05-24,
959,921.0,272,2,655.74,2026-01-26,
960,1110.0,152,3,2515.41,2026-03-02,
961,2.0,188,4,1989.84,2026-01-23,
962,1503.0,260,4,1704.04,2025-11-21,
963,,95,1,426.65,2025-11-28,
964,490.0,187,5,4407.5,2026-07-05,
965,1349.0,165,1,633.65,2025-10-09,
966,389.0,276,4,1281.04,2025-09-27,
967,1569.0,269,4,2202.68,2026-02-12,
968,1256.0,283,2,852.4,2026-05-06,
969,840.0,145,3,1169.82,2025-12-14,
970,198.0,165,1,633.65,2026-02-19,
971,90.0,268,1,350.57,2025-12-13,
972,1789.0,67,2,1445.16,2026-05-19,
973,220.0,17,2,1523.38,2026-07-17,
974,203.0,249,2,941.36,2026-04-21,
975,1315.0,17,5,3808.45,2025-11-21,
976,1077.0,199,4,321.28,2026-03-03,
977,751.0,132,1,205.35,2026-04-07,
978,1471.0,114,5,840.45,2025-12-14,
979,1906.0,37,1,71.81,2026-05-16,
980,1902.0,107,4,2063.08,2026-03-21,
981,1641.0,41,4,3125.76,2026-01-15,
982,1143.0,32,3,-546.63,2025-12-24,
983,1627.0,213,3,1143.3,2026-06-10,
984,545.0,30,5,4418.45,2026-07-07,
985,1504.0,271,1,763.79,2025-12-06,
986,160.0,37,3,215.43,2026-06-06,
987,199.0,111,5,3446.35,2026-05-08,
988,1089.0,52,2,704.9,2026-06-27,
989,396.0,198,2,1156.7,2026-03-31,
990,1168.0,270,2,313.04,2025-11-24,
991,1535.0,92,5,3357.05,2025-10-13,
992,1529.0,286,4,536.24,2026-02-15,
993,734.0,55,5,4282.7,2025-09-24,
994,1809.0,235,4,3566.4,2025-12-01,
995,1623.0,54,2,195.64,2026-03-31,
996,823.0,93,5,3470.85,2026-07-24,
997,1347.0,259,3,383.76,2025-09-20,
998,1229.0,81,5,2887.6,2025-09-06,
999,,227,3,1424.79,2026-06-16,
1000,,162,5,1498.35,2026-05-01,
1001,1566.0,191,4,987.88,2026-01-18,
1002,1247.0,221,3,783.9,2025-12-12,
1003,1118.0,124,5,3733.15,2025-08-14,
1004,1569.0,110,4,2894.44,2025-09-26,
1005,738.0,282,3,1819.35,2026-08-02,
1006,1966.0,232,4,1963.88,2026-07-01,
1007,1488.0,204,1,523.65,2025-08-07,
1008,1221.0,18,3,218.82,2026-07-13,
1009,277.0,9,5,3953.9,2025-08-20,
1010,616.0,155,1,274.64,2025-08-21,
1011,1753.0,114,2,336.18,2025-10-04,
1012,1581.0,162,1,299.67,2026-06-12,
1013,1048.0,142,5,1242.55,2025-12-02,
1014,1897.0,285,5,3600.1,2025-12-27,
1015,194.0,293,2,679.12,2026-04-10,
1016,729.0,20,4,3276.16,2025-11-02,
1017,543.0,80,2,511.04,2026-03-20,
1018,512.0,188,5,2487.3,2026-04-13,
1019,1662.0,120,3,2175.63,2026-07-12,
1020,1169.0,154,1,804.76,2025-11-03,
1021,1880.0,205,5,1870.2,2025-09-02,
1022,1482.0,112,1,470.07,2025-11-04,
1023,355.0,167,4,1725.12,2025-09-24,
1024,1679.0,250,5,2079.5,2026-04-11,
1025,1316.0,49,5,916.55,2026-07-11,
1026,1497.0,154,1,804.76,2026-06-21,
1027,161.0,296,4,1192.92,2026-07-13,
1028,713.0,29,3,1127.37,2026-06-22,
1029,1906.0,223,-4,2637.88,2025-09-18,
1030,1532.0,62,2,1273.64,2026-06-11,
1031,111.0,6,4,2493.36,2025-12-09,
1032,85.0,157,5,260.55,2026-07-08,
1033,1157.0,164,5,2201.2,2025-12-06,
1034,1029.0,77,3,2265.0,2025-08-31,
1035,104.0,114,2,336.18,2025-10-24,
1036,1542.0,202,4,2755.2,2025-08-07,
1037,185.0,295,5,2084.1,2025-12-08,
1038,594.0,114,4,672.36,2025-12-15,
1039,,202,2,1377.6,2026-02-07,
1040,975.0,173,1,774.86,2025-08-18,
1041,1123.0,293,1,339.56,2026-02-23,
1042,175.0,205,3,1122.12,2025-10-23,
1043,890.0,205,5,1870.2,2026-04-07,
1044,985.0,67,2,1445.16,2026-04-07,
1045,1000.0,287,2,-102.44,2026-01-17,
1046,402.0,203,5,1493.15,2026-03-08,
1047,1507.0,288,5,4357.3,2026-05-18,
1048,497.0,269,-2,1101.34,2025-10-14,
1049,1591.0,37,3,215.43,2026-04-26,
1050,1403.0,221,3,783.9,2025-09-12,
1051,231.0,295,1,416.82,2025-11-23,
1052,749.0,212,4,-1237.0,2025-11-30,
1053,657.0,179,2,1074.7,2025-11-23,
1054,1343.0,177,5,3092.9,2026-07-01,
1055,347.0,13,3,2561.76,2026-02-22,
1056,1683.0,180,5,3211.65,2026-02-24,
1057,299.0,227,5,2374.65,2026-04-01,
1058,1893.0,226,1,98.45,2025-12-31,
1059,1404.0,120,2,1450.42,2026-01-01,
1060,1552.0,192,2,847.88,2026-03-20,
1061,1515.0,44,1,466.73,2026-04-02,
1062,1944.0,28,2,980.4,2026-05-10,
1063,29.0,76,3,2100.87,2026-02-11,
1064,625.0,176,1,432.85,2025-09-29,
1065,47.0,231,4,2933.2,2026-02-15,
1066,1516.0,170,2,988.46,2026-07-01,
1067,418.0,276,2,640.52,2026-04-30,
1068,1537.0,280,5,3774.5,2026-08-03,
1069,990.0,133,5,1166.95,2025-10-30,
1070,772.0,73,1,147.78,2026-01-16,
1071,90.0,299,5,2607.35,2026-01-26,
1072,124.0,131,2,1242.5,2026-07-20,
1073,1617.0,146,2,1380.16,2026-04-09,
1074,953.0,139,1,604.14,2026-06-07,
1075,796.0,5,1,306.14,2026-01-23,
1076,1771.0,139,3,1812.42,2026-05-11,
1077,600.0,56,1,623.99,2025-11-26,
1078,780.0,198,2,1156.7,2026-04-11,
1079,1852.0,261,1,128.83,2026-01-12,
1080,1776.0,162,4,1198.68,2025-10-02,
1081,382.0,273,1,315.77,2026-05-22,
1082,1980.0,102,5,409.25,2025-08-07,
1083,1898.0,235,5,4458.0,2025-09-24,
1084,507.0,12,1,818.56,2025-12-25,
1085,684.0,272,3,983.61,2026-06-29,
1086,1525.0,251,4,3493.08,2026-02-21,
1087,711.0,81,1,577.52,2026-05-18,
1088,1281.0,181,3,2664.24,2026-05-05,
1089,1027.0,155,2,549.28,2025-10-09,
1090,1282.0,142,1,248.51,2026-07-27,
1091,1824.0,132,4,821.4,2025-12-26,
1092,1944.0,16,5,1812.1,2025-11-24,
1093,311.0,144,2,252.94,2025-10-25,
1094,1346.0,175,4,2941.92,2025-09-01,
1095,1495.0,71,1,96.54,2026-02-25,
1096,1968.0,196,5,1218.7,2025-10-28,
1097,493.0,117,4,1905.16,2026-06-13,
1098,874.0,294,2,976.32,2026-06-16,
1099,675.0,160,5,2253.05,2025-10-11,
1100,270.0,230,5,2503.65,2026-05-06,
1101,1190.0,106,2,168.0,2026-03-04,
1102,1767.0,278,2,1252.54,2026-06-14,
1103,1411.0,71,3,289.62,2026-06-18,
1104,881.0,269,2,1101.34,2025-09-15,
1105,1879.0,75,5,3975.25,2026-05-18,
1106,139.0,81,3,1732.56,2025-09-25,
1107,1943.0,286,5,670.3,2025-10-17,
1108,651.0,61,2,1290.94,2026-06-25,
1109,1568.0,75,1,795.05,2025-08-29,
1110,1969.0,164,4,1760.96,2025-09-23,
1111,908.0,211,3,666.45,2025-10-21,
1112,1596.0,141,2,316.1,2026-03-28,
1113,270.0,97,1,253.51,2025-09-29,
1114,1562.0,95,1,426.65,2026-07-12,
1115,1162.0,137,5,3719.0,2026-06-27,
1116,476.0,119,5,1783.95,2026-04-12,
1117,736.0,119,1,356.79,2025-08-07,
1118,275.0,41,4,3125.76,2026-04-05,
1119,961.0,258,5,4254.75,2025-12-01,
1120,1746.0,192,2,847.88,2026-04-04,
1121,971.0,199,4,321.28,2025-09-09,
1122,396.0,71,2,193.08,2025-08-27,
1123,837.0,116,1,891.93,2025-12-29,
1124,1947.0,8,3,2612.97,2026-05-18,
1125,1521.0,212,2,-618.5,2025-08-08,
1126,136.0,104,2,310.36,2026-07-14,
1127,1776.0,91,4,2246.92,2025-09-08,
1128,1776.0,251,3,2619.81,2026-02-22,
1129,876.0,235,2,1783.2,2025-11-08,
1130,1246.0,208,1,364.36,2026-01-13,
1131,808.0,195,3,724.14,2025-11-14,
1132,1099.0,293,5,1697.8,2026-02-11,
1133,1067.0,269,1,550.67,2025-10-06,
1134,936.0,56,4,2495.96,2025-10-23,
1135,1063.0,22,2,271.24,2026-05-10,
1136,1506.0,276,4,1281.04,2026-03-07,
1137,794.0,21,5,3790.35,2026-01-31,
1138,389.0,265,1,185.77,2025-12-16,
1139,816.0,150,4,2870.6,2025-08-14,
1140,,156,3,2006.28,2026-02-27,
1141,603.0,86,4,2798.32,2025-10-08,
1142,,28,5,2451.0,2026-05-29,
1143,1700.0,73,4,591.12,2026-02-04,
1144,1480.0,232,1,490.97,2026-01-08,
1145,369.0,257,1,312.34,2026-02-22,
1146,278.0,300,5,2907.95,2026-05-06,
1147,663.0,202,4,2755.2,2025-09-07,
1148,367.0,231,1,733.3,2026-04-20,
1149,1837.0,233,5,3705.4,2026-01-29,
1150,185.0,104,4,620.72,2025-10-12,
1151,1417.0,129,3,1475.73,2026-06-06,
1152,187.0,84,1,764.58,2025-10-14,
1153,1299.0,59,4,249.16,2026-07-20,
1154,1073.0,186,1,665.96,2025-12-18,
1155,1254.0,197,5,1978.3,2026-02-07,
1156,1128.0,82,4,1888.84,2026-02-01,
1157,1574.0,195,1,241.38,2025-12-07,
1158,1159.0,88,3,1365.99,2025-11-14,
1159,1780.0,77,2,1510.0,2026-05-22,
1160,1576.0,75,-2,1590.1,2025-12-24,
1161,631.0,27,4,987.56,2026-03-11,
1162,592.0,159,4,458.36,2026-04-05,
1163,1841.0,93,1,694.17,2025-11-16,
1164,8.0,68,2,1774.42,2026-02-08,
1165,940.0,130,1,824.43,2025-09-26,
1166,1114.0,255,4,2905.32,2025-12-30,
1167,1808.0,3,5,3108.35,2025-10-04,
1168,445.0,253,2,692.0,2026-07-06,
1169,840.0,244,4,776.96,2026-03-14,
1170,1232.0,227,1,474.93,2026-08-05,
1171,1807.0,4,2,1374.12,2025-08-17,
1172,1270.0,281,3,479.07,2025-12-09,
1173,101.0,286,2,268.12,2025-09-29,
1174,113.0,95,2,853.3,2026-04-02,
1175,298.0,179,1,537.35,2025-09-09,
1176,1717.0,17,5,3808.45,2026-02-19,
1177,1885.0,153,3,2671.89,2026-06-18,
1178,224.0,45,1,728.99,2026-06-02,
1179,331.0,214,2,1413.88,2026-07-03,
1180,1354.0,146,5,3450.4,2026-04-22,
1181,364.0,294,5,2440.8,2026-05-20,
1182,738.0,234,5,1804.1,2026-01-28,
1183,1574.0,19,1,692.6,2025-12-31,
1184,755.0,154,3,2414.28,2026-07-20,
1185,1554.0,195,1,241.38,2026-04-17,
1186,133.0,219,5,1469.35,2026-03-08,
1187,276.0,150,4,2870.6,2025-11-06,
1188,675.0,63,3,470.19,2026-05-15,
1189,1075.0,270,4,626.08,2025-09-13,
1190,1254.0,108,2,1394.78,2026-01-04,
1191,1171.0,30,1,883.69,2025-08-25,
1192,991.0,271,1,763.79,2026-03-06,
1193,1247.0,148,4,2000.92,2026-07-08,
1194,1077.0,163,3,1806.51,2025-10-14,
1195,725.0,295,5,2084.1,2026-05-10,
1196,1153.0,67,5,3612.9,2026-01-22,
1197,1494.0,255,5,3631.65,2025-09-20,
1198,1655.0,255,4,2905.32,2026-04-12,
1199,477.0,93,5,3470.85,2026-02-03,
1200,4.0,149,2,1597.46,2025-10-12,
1201,953.0,61,1,645.47,2025-08-29,
1202,1638.0,61,2,1290.94,2026-01-29,
1203,94.0,213,4,1524.4,2026-04-28,
1204,1148.0,171,3,279.33,2025-10-27,
1205,1312.0,109,1,150.65,2025-10-21,
1206,522.0,104,3,465.54,2026-01-24,
1207,615.0,35,3,2650.5,2026-06-06,
1208,664.0,260,5,2130.05,2026-05-10,
1209,1405.0,4,1,687.06,2026-05-14,
1210,812.0,171,3,279.33,2025-10-28,
1211,1967.0,292,5,1470.35,2026-07-30,
1212,398.0,15,2,943.46,2026-03-12,
1213,1889.0,170,3,1482.69,2026-04-16,
1214,1633.0,246,4,718.84,2026-03-19,
1215,987.0,19,2,1385.2,2025-10-16,
1216,1827.0,80,4,1022.08,2026-06-26,
1217,948.0,275,3,2015.97,2026-07-30,
1218,1711.0,212,1,-309.25,2025-08-16,
1219,1158.0,267,3,831.99,2025-12-09,
1220,1098.0,162,5,1498.35,2025-10-14,
1221,1183.0,10,2,1583.48,2025-10-11,
1222,136.0,170,3,1482.69,2025-10-04,
1223,1722.0,77,3,2265.0,2026-03-16,
1224,769.0,16,3,1087.26,2026-03-13,
1225,1170.0,274,2,385.54,2026-07-24,
1226,1219.0,200,2,1431.58,2026-03-31,
1227,1445.0,60,3,2476.95,2025-10-27,
1228,557.0,162,1,299.67,2026-05-19,
1229,1018.0,212,1,-309.25,2026-01-11,
1230,926.0,122,3,1981.2,2026-07-13,
1231,1076.0,155,2,549.28,2025-10-10,
1232,230.0,155,2,549.28,2025-09-13,
1233,1593.0,192,1,423.94,2026-05-16,
1234,909.0,104,1,155.18,2026-01-17,
1235,1637.0,260,1,426.01,2026-06-11,
1236,316.0,248,5,3449.1,2025-12-09,
1237,,98,3,609.78,2026-04-17,
1238,636.0,248,5,3449.1,2026-07-02,
1239,1576.0,168,2,1287.34,2026-03-20,
1240,1386.0,51,5,1380.6,2025-09-03,
1241,,68,2,1774.42,2026-04-10,
1242,,19,4,2770.4,2025-11-30,
1243,9.0,268,1,350.57,2025-11-04,
1244,1408.0,160,1,450.61,2026-03-07,
1245,957.0,45,3,2186.97,2026-03-06,
1246,1067.0,24,1,94.01,2025-09-29,
1247,1183.0,160,1,450.61,2025-11-04,
1248,658.0,160,2,901.22,2026-07-19,
1249,587.0,103,2,571.48,2025-10-08,
1250,654.0,142,5,1242.55,2025-12-09,
1251,559.0,226,1,98.45,2026-04-15,
1252,561.0,77,2,1510.0,2025-12-24,
1253,1963.0,59,1,62.29,2026-05-04,
1254,210.0,287,5,-256.1,2025-11-07,
1255,718.0,106,5,420.0,2026-06-07,
1256,556.0,282,3,1819.35,2026-03-17,
1257,1176.0,73,3,443.34,2026-07-03,
1258,146.0,126,2,340.46,2026-07-18,
1259,1828.0,160,5,2253.05,2026-03-02,
1260,909.0,174,5,3282.75,2025-10-22,
1261,60.0,26,2,580.98,2025-12-07,
1262,217.0,242,1,80.04,2026-03-08,
1263,177.0,197,1,395.66,2026-08-04,
1264,367.0,219,4,1175.48,2025-12-02,
1265,729.0,229,5,250.95,2025-11-16,
1266,1675.0,160,3,1351.83,2026-01-14,
1267,161.0,102,5,409.25,2025-09-21,
1268,270.0,239,5,3834.9,2026-02-10,
1269,200.0,48,4,1214.36,2026-05-13,
1270,1402.0,234,-3,1082.46,2026-04-12,
1271,475.0,239,4,3067.92,2026-01-31,
1272,1764.0,115,2,1681.96,2026-05-18,
1273,803.0,133,3,700.17,2026-05-20,
1274,1616.0,94,3,943.32,2026-07-13,
1275,999.0,167,4,1725.12,2026-02-12,
1276,974.0,16,1,362.42,2025-10-28,
1277,981.0,58,3,1146.93,2025-10-06,
1278,579.0,237,2,732.34,2026-06-14,
1279,1177.0,179,5,2686.75,2026-01-04,
1280,211.0,66,5,4032.75,2025-11-25,
1281,668.0,208,1,364.36,2025-11-08,
1282,1623.0,285,1,720.02,2026-08-05,
1283,945.0,155,5,1373.2,2025-08-12,
1284,847.0,206,5,2980.85,2026-03-14,
1285,500.0,123,5,2454.2,2025-12-12,
1286,1995.0,281,2,319.38,2025-11-14,
1287,136.0,247,4,2489.0,2026-07-07,
1288,1667.0,175,2,1470.96,2025-11-11,
1289,1162.0,221,4,1045.2,2026-03-17,
1290,1422.0,176,5,2164.25,2026-06-15,
1291,1358.0,121,2,536.72,2026-06-01,
1292,1714.0,40,5,357.45,2026-02-14,
1293,1213.0,250,1,415.9,2026-03-30,
1294,1137.0,238,3,1762.8,2026-05-09,
1295,361.0,50,4,305.72,2026-05-13,
1296,,158,4,763.72,2025-09-19,
1297,1580.0,56,5,3119.95,2025-10-14,
1298,1013.0,195,3,724.14,2026-07-17,
1299,446.0,32,1,-182.21,2026-01-25,
1300,1850.0,72,5,2460.5,2026-03-27,
1301,1354.0,1,2,345.32,2026-06-21,
1302,1089.0,77,4,3020.0,2026-06-30,
1303,1261.0,150,4,2870.6,2026-07-05,
1304,401.0,296,4,1192.92,2026-03-19,
1305,614.0,106,3,252.0,2026-01-22,
1306,1882.0,292,3,882.21,2025-08-06,
1307,183.0,223,3,1978.41,2025-10-16,
1308,1253.0,299,1,521.47,2026-03-14,
1309,1736.0,262,4,2213.44,2025-10-11,
1310,128.0,66,3,2419.65,2026-01-22,
1311,1983.0,190,5,338.55,2025-09-01,
1312,1441.0,28,1,490.2,2025-10-06,
1313,225.0,287,3,-153.66,2025-08-26,
1314,482.0,145,1,389.94,2025-12-11,
1315,808.0,222,5,2181.55,2025-11-08,
1316,,163,4,2408.68,2026-04-20,
1317,1117.0,196,4,974.96,2026-07-20,
1318,973.0,109,2,301.3,2026-03-24,
1319,1138.0,72,2,984.2,2026-02-02,
1320,1721.0,197,3,1186.98,2026-05-27,
1321,591.0,214,2,1413.88,2026-02-25,
1322,24.0,65,2,1228.68,2026-07-24,
1323,295.0,37,1,71.81,2026-02-14,
1324,1997.0,250,4,1663.6,2026-05-11,
1325,282.0,70,1,441.97,2025-09-17,
1326,1831.0,213,4,1524.4,2026-09-21,
1327,369.0,218,5,-1337.85,2026-02-11,
1328,869.0,233,5,3705.4,2026-05-06,
1329,788.0,283,4,1704.8,2026-07-18,
1330,381.0,182,2,783.26,2026-06-18,
1331,16.0,218,5,-1337.85,2025-12-09,
1332,1735.0,296,4,1192.92,2025-09-27,
1333,552.0,122,5,3302.0,2026-03-18,
1334,1181.0,211,5,1110.75,2026-03-09,
1335,78.0,188,1,497.46,2026-07-26,
1336,1444.0,291,4,1346.68,2026-02-22,
1337,1189.0,189,1,337.7,2025-11-07,
1338,291.0,247,1,622.25,2025-09-24,
1339,953.0,270,3,469.56,2025-10-01,
1340,1072.0,265,1,185.77,2025-08-15,
1341,968.0,46,2,1116.22,2026-06-16,
1342,1635.0,40,5,357.45,2026-04-24,
1343,1256.0,297,3,1791.75,2026-05-24,
1344,1096.0,28,3,1470.6,2025-09-12,
1345,930.0,6,4,2493.36,2025-09-26,
1346,1176.0,263,4,1163.96,2026-06-09,
1347,723.0,170,4,1976.92,2025-12-24,
1348,344.0,151,3,2382.0,2026-01-06,
1349,1535.0,19,5,3463.0,2026-05-15,
1350,,156,5,3343.8,2026-09-04,
1351,1185.0,32,4,-728.84,2026-05-13,
1352,106.0,87,5,2341.55,2026-07-06,
1353,56.0,150,5,3588.25,2025-08-26,
1354,169.0,147,4,2381.88,2026-03-05,
1355,158.0,65,5,3071.7,2025-10-17,
1356,272.0,143,3,255.42,2025-10-11,
1357,1757.0,144,3,379.41,2025-08-19,
1358,1519.0,132,1,205.35,2026-07-14,
1359,358.0,58,5,1911.55,2025-08-22,
1360,758.0,78,4,726.44,2025-11-16,
1361,1603.0,90,3,1192.29,2026-05-27,
1362,371.0,121,4,1073.44,2026-03-08,
1363,703.0,271,1,763.79,2026-02-10,
1364,1220.0,44,2,933.46,2026-03-28,
1365,1542.0,79,4,1350.32,2026-06-15,
1366,488.0,212,4,-1237.0,2026-08-04,
1367,432.0,226,2,196.9,2026-04-28,
1368,,296,3,894.69,2026-07-14,
1369,108.0,136,1,533.19,2026-02-01,
1370,817.0,86,4,2798.32,2026-02-22,
1371,976.0,244,3,582.72,2026-02-16,
1372,778.0,273,2,631.54,2026-02-17,
1373,538.0,200,4,2863.16,2026-07-06,
1374,1783.0,75,5,3975.25,2026-03-13,
1375,592.0,223,1,659.47,2026-01-22,
1376,1390.0,230,4,2002.92,2025-12-18,
1377,1399.0,162,5,1498.35,2026-04-27,
1378,1880.0,22,1,135.62,2025-10-25,
1379,1959.0,273,3,947.31,2026-05-01,
1380,1881.0,222,5,2181.55,2026-05-19,
1381,554.0,140,3,2256.12,2026-05-12,
1382,523.0,137,1,743.8,2026-05-05,
1383,945.0,300,4,2326.36,2026-07-12,
1384,1578.0,124,0,3733.15,2025-12-27,
1385,692.0,100,5,587.2,2026-04-21,
1386,1122.0,93,3,2082.51,2026-02-20,
1387,1704.0,6,1,623.34,2025-12-21,
1388,843.0,35,1,883.5,2025-10-15,
1389,213.0,51,5,1380.6,2025-11-04,
1390,450.0,229,3,150.57,2026-04-09,
1391,396.0,146,3,2070.24,2026-02-28,
1392,1269.0,18,1,72.94,2026-01-05,
1393,1923.0,48,1,303.59,2026-07-29,
1394,1307.0,112,5,2350.35,2025-08-28,
1395,177.0,63,1,156.73,2026-06-11,
1396,1345.0,67,4,2890.32,2026-06-26,
1397,1836.0,290,2,846.74,2026-07-29,
1398,519.0,57,2,1392.5,2026-05-23,
1399,1353.0,151,4,3176.0,2026-06-07,
1400,1890.0,39,4,3562.6,2026-06-16,
1401,1418.0,142,4,994.04,2026-05-30,
1402,332.0,166,3,685.35,2025-08-20,
1403,1592.0,38,3,2405.34,2025-10-22,
1404,796.0,32,4,-728.84,2025-08-11,
1405,529.0,171,1,93.11,2025-11-21,
1406,903.0,136,2,1066.38,2025-11-30,
1407,1902.0,36,4,2951.56,2025-11-04,
1408,805.0,103,5,1428.7,2026-07-29,
1409,223.0,92,4,2685.64,2026-01-02,
1410,1575.0,74,5,2134.9,2026-04-12,
1411,1258.0,221,2,522.6,2025-09-05,
1412,1466.0,55,0,3426.16,2026-06-17,
1413,72.0,133,1,233.39,2026-03-15,
1414,1171.0,38,1,801.78,2026-07-03,
1415,39.0,129,4,1967.64,2026-06-09,
1416,1338.0,255,2,1452.66,2026-03-15,
1417,1362.0,1,1,172.66,2025-12-07,
1418,,200,3,2147.37,2025-09-16,
1419,1177.0,169,4,2780.8,2026-01-30,
1420,1450.0,2,5,3301.1,2025-08-30,
1421,894.0,252,4,2855.4,2025-12-17,
1422,1107.0,207,1,500.65,2026-06-25,
1423,788.0,116,1,891.93,2026-07-09,
1424,1162.0,247,1,622.25,2025-10-07,
1425,683.0,275,3,2015.97,2025-10-25,
1426,114.0,156,4,2675.04,2026-07-09,
1427,1095.0,47,3,948.72,2026-05-14,
1428,1723.0,175,1,735.48,2026-03-14,
1429,1327.0,236,3,1806.63,2026-07-19,
1430,1136.0,104,2,310.36,2026-07-31,
1431,1354.0,21,4,3032.28,2026-07-07,
1432,1426.0,98,3,609.78,2025-09-10,
1433,1292.0,200,1,715.79,2025-08-13,
1434,174.0,184,4,1452.24,2026-06-03,
1435,287.0,225,2,1394.66,2025-10-01,
1436,52.0,19,2,1385.2,2026-04-11,
1437,797.0,123,4,1963.36,2026-03-17,
1438,1318.0,33,5,773.65,2025-10-09,
1439,1094.0,158,4,763.72,2026-06-03,
1440,76.0,231,1,733.3,2026-07-30,
1441,692.0,174,1,656.55,2026-05-15,
1442,243.0,22,4,542.48,2026-08-05,
1443,939.0,109,5,753.25,2026-03-20,
1444,1518.0,275,2,1343.98,2026-05-22,
1445,1895.0,297,2,1194.5,2025-12-18,
1446,1507.0,37,1,71.81,2026-04-19,
1447,1340.0,73,4,591.12,2025-08-14,
1448,1858.0,10,4,3166.96,2025-09-09,
1449,1437.0,24,2,188.02,2025-11-30,
1450,353.0,67,1,722.58,2025-10-21,
1451,1681.0,26,3,871.47,2026-02-06,
1452,1252.0,50,4,305.72,2025-11-20,
1453,131.0,88,5,2276.65,2026-04-15,
1454,1019.0,55,1,856.54,2026-07-08,
1455,1648.0,113,1,653.69,2026-05-17,
1456,691.0,104,4,620.72,2026-02-19,
1457,248.0,206,3,1788.51,2025-10-18,
1458,282.0,295,5,2084.1,2025-08-27,
1459,1566.0,165,2,1267.3,2026-03-30,
1460,356.0,24,5,470.05,2026-06-20,
1461,248.0,172,1,532.52,2025-10-20,
1462,1552.0,141,2,316.1,2026-07-25,
1463,1427.0,213,2,762.2,2025-08-06,
1464,338.0,190,5,338.55,2026-03-16,
1465,1896.0,225,2,1394.66,2026-01-13,
1466,274.0,298,1,483.75,2026-02-03,
1467,771.0,52,5,1762.25,2025-09-06,
1468,1802.0,81,1,577.52,2025-10-25,
1469,14.0,250,1,415.9,2026-04-28,
1470,1897.0,4,2,1374.12,2026-03-23,
1471,1817.0,46,5,2790.55,2026-02-15,
1472,1421.0,146,4,2760.32,2025-09-10,
1473,423.0,244,2,388.48,2026-03-29,
1474,1072.0,74,3,1280.94,2025-09-18,
1475,,231,4,2933.2,2025-09-30,
1476,1417.0,90,5,1987.15,2026-01-06,
1477,369.0,20,5,4095.2,2025-08-23,
1478,1947.0,256,5,863.15,2026-04-07,
1479,713.0,46,3,1674.33,2025-10-02,
1480,1143.0,215,1,305.24,2026-05-16,
1481,241.0,121,2,536.72,2025-10-02,
1482,1268.0,272,1,327.87,2025-09-18,
1483,1040.0,186,5,3329.8,2025-10-24,
1484,1578.0,113,4,2614.76,2025-10-05,
1485,109.0,107,3,1547.31,2025-09-19,
1486,1632.0,100,1,117.44,2026-07-07,
1487,1019.0,77,4,3020.0,2026-04-28,
1488,1373.0,91,2,1123.46,2026-07-29,
1489,1321.0,23,1,144.79,2026-05-04,
1490,430.0,187,3,2644.5,2026-01-30,
1491,685.0,223,3,1978.41,2026-01-11,
1492,214.0,233,1,741.08,2026-02-02,
1493,361.0,27,5,1234.45,2026-05-24,
1494,994.0,81,1,577.52,2026-04-18,
1495,146.0,264,1,531.89,2025-09-28,
1496,1214.0,121,4,1073.44,2025-08-25,
1497,859.0,297,3,1791.75,2025-09-18,
1498,472.0,102,3,245.55,2026-03-28,
1499,,57,3,2088.75,2026-05-31,
1500,1511.0,51,2,552.24,2026-05-21,
1501,770.0,212,2,-618.5,2026-04-23,
1502,965.0,113,1,653.69,2025-09-08,
1503,112.0,300,4,2326.36,2025-09-19,
1504,443.0,224,2,981.18,2025-09-17,
1505,794.0,233,2,1482.16,2025-12-31,
1506,938.0,192,2,847.88,2026-01-08,
1507,1998.0,100,3,352.32,2025-09-14,
1508,688.0,139,2,1208.28,2025-09-24,
1509,1418.0,66,1,806.55,2026-07-25,
1510,575.0,292,1,294.07,2025-10-14,
1511,,70,1,441.97,2025-08-21,
1512,857.0,239,4,3067.92,2025-09-20,
1513,451.0,88,3,1365.99,2026-04-01,
1514,322.0,152,5,4192.35,2026-05-12,
1515,1987.0,88,5,2276.65,2025-08-17,
1516,178.0,284,2,999.12,2026-01-25,
1517,1002.0,211,5,1110.75,2025-09-26,
1518,970.0,111,5,3446.35,2026-05-12,
1519,30.0,237,3,1098.51,2025-12-16,
1520,508.0,220,2,733.32,2026-04-18,
1521,1187.0,168,4,2574.68,2026-05-20,
1522,1938.0,114,5,840.45,2026-07-30,
1523,1840.0,77,5,3775.0,2026-02-26,
1524,91.0,3,4,2486.68,2026-05-27,
1525,1503.0,21,4,3032.28,2026-01-21,
1526,872.0,259,1,127.92,2026-08-02,
1527,982.0,272,4,1311.48,2025-11-09,
1528,1015.0,51,4,1104.48,2025-10-20,
1529,1144.0,124,1,746.63,2026-07-30,
1530,1946.0,7,4,2806.88,2026-04-03,
1531,,112,-2,940.14,2026-05-22,
1532,1327.0,152,2,1676.94,2026-05-15,
1533,983.0,47,1,316.24,2025-10-27,
1534,1441.0,157,2,104.22,2025-08-19,
1535,1531.0,236,5,3011.05,2025-11-27,
1536,2000.0,299,1,521.47,2026-03-15,
1537,1581.0,233,4,2964.32,2025-10-18,
1538,379.0,71,4,386.16,2026-01-19,
1539,1442.0,190,4,270.84,2025-12-30,
1540,789.0,1,1,172.66,2025-12-13,
1541,67.0,171,5,465.55,2025-10-24,
1542,1542.0,152,4,3353.88,2026-03-01,
1543,1111.0,139,5,3020.7,2025-08-10,
1544,1614.0,295,2,833.64,2026-04-18,
1545,1804.0,42,5,1374.85,2025-10-13,
1546,1055.0,172,1,532.52,2026-01-28,
1547,228.0,187,1,881.5,2026-04-14,
1548,954.0,197,3,1186.98,2026-07-11,
1549,751.0,21,3,2274.21,2026-04-20,
1550,1444.0,90,5,1987.15,2026-06-16,
1551,1453.0,35,5,4417.5,2025-11-30,
1552,686.0,105,2,1393.84,2026-06-02,
1553,233.0,123,5,2454.2,2026-02-23,
1554,1785.0,245,5,2724.25,2025-09-14,
1555,657.0,108,2,1394.78,2025-10-02,
1556,1032.0,181,3,2664.24,2026-05-28,
1557,112.0,217,3,1076.43,2026-06-05,
1558,708.0,33,3,464.19,2025-11-22,
1559,1027.0,232,4,1963.88,2025-10-12,
1560,963.0,270,1,156.52,2025-09-13,
1561,1843.0,273,5,1578.85,2025-09-08,
1562,1272.0,150,4,2870.6,2025-11-23,
1563,386.0,189,1,337.7,2025-08-13,
1564,165.0,235,1,891.6,2026-06-07,
1565,591.0,201,2,782.2,2026-03-09,
1566,338.0,40,1,71.49,2026-04-27,
1567,1428.0,142,1,248.51,2026-01-05,
1568,309.0,76,4,2801.16,2026-04-04,
1569,1950.0,105,5,3484.6,2026-02-24,
1570,854.0,12,3,2455.68,2025-09-28,
1571,971.0,278,2,1252.54,2026-07-29,
1572,910.0,178,4,1522.08,2025-12-13,
1573,388.0,11,3,855.45,2026-07-04,
1574,1786.0,33,1,154.73,2025-08-08,
1575,1321.0,119,5,1783.95,2026-03-16,
1576,1186.0,172,4,2130.08,2026-04-20,
1577,996.0,176,3,1298.55,2025-12-09,
1578,912.0,272,5,1639.35,2025-09-26,
1579,1162.0,235,3,2674.8,2025-10-02,
1580,352.0,68,3,2661.63,2026-03-24,
1581,992.0,134,2,1267.22,2025-11-24,
1582,1577.0,191,3,740.91,2025-12-28,
1583,724.0,25,2,1166.96,2025-09-24,
1584,1959.0,146,-4,2760.32,2025-08-11,
1585,1893.0,86,5,3497.9,2026-06-27,
1586,585.0,83,5,936.15,2026-06-20,
1587,1719.0,94,2,628.88,2026-03-22,
1588,488.0,79,2,675.16,2025-10-19,
1589,649.0,60,1,825.65,2026-05-04,
1590,903.0,295,2,833.64,2026-06-29,
1591,378.0,134,3,1900.83,2025-12-25,
1592,1449.0,106,5,420.0,2025-12-18,
1593,705.0,18,3,218.82,2026-05-12,
1594,919.0,76,3,2100.87,2025-12-30,
1595,1093.0,277,2,275.88,2026-06-27,
1596,1886.0,155,1,274.64,2026-06-08,
1597,1907.0,13,4,3415.68,2025-08-30,
1598,1942.0,256,2,345.26,2026-06-15,
1599,320.0,235,3,2674.8,2026-05-20,
1600,1999.0,3,5,3108.35,2026-05-17,
1601,1326.0,260,3,1278.03,2026-04-16,
1602,1835.0,152,4,3353.88,2025-08-05,
1603,1366.0,149,5,3993.65,2026-06-13,
1604,1493.0,76,5,3501.45,2026-08-01,
1605,1412.0,227,3,1424.79,2025-10-27,
1606,1844.0,58,4,1529.24,2026-05-09,
1607,1389.0,21,2,1516.14,2026-04-21,
1608,631.0,283,1,426.2,2026-03-13,
1609,,13,4,3415.68,2026-03-24,
1610,732.0,113,4,2614.76,2025-12-17,
1611,113.0,48,3,910.77,2025-09-23,
1612,1079.0,100,5,587.2,2026-06-03,
1613,401.0,114,-3,504.27,2026-05-01,
1614,1103.0,12,1,818.56,2026-03-19,
1615,1999.0,229,1,50.19,2026-02-13,
1616,399.0,263,4,1163.96,2026-06-20,
1617,1236.0,252,3,2141.55,2025-08-11,
1618,1861.0,262,1,553.36,2026-06-02,
1619,303.0,185,4,568.08,2025-09-11,
1620,791.0,219,3,881.61,2025-11-01,
1621,583.0,191,1,246.97,2026-01-28,
1622,631.0,177,3,1855.74,2025-09-20,
1623,180.0,229,5,250.95,2025-09-29,
1624,1519.0,111,4,2757.08,2025-11-19,
1625,592.0,213,4,1524.4,2025-10-18,
1626,1493.0,84,4,3058.32,2026-01-16,
1627,1712.0,213,2,762.2,2026-08-03,
1628,426.0,45,2,1457.98,2025-12-22,
1629,1777.0,156,0,2675.04,2026-03-06,
1630,136.0,269,3,1652.01,2025-12-09,
1631,14.0,193,1,385.95,2026-03-02,
1632,849.0,210,3,1356.84,2025-12-25,
1633,947.0,90,5,1987.15,2026-01-02,
1634,409.0,291,2,673.34,2025-12-02,
1635,593.0,96,4,1158.32,2026-05-28,
1636,87.0,284,4,1998.24,2026-07-29,
1637,623.0,155,5,1373.2,2025-09-24,
1638,1516.0,253,-5,1730.0,2025-10-26,
1639,55.0,238,2,1175.2,2026-06-29,
1640,538.0,2,2,1320.44,2025-08-15,
1641,255.0,154,4,3219.04,2025-11-13,
1642,368.0,148,4,2000.92,2026-08-05,
1643,59.0,252,2,1427.7,2025-09-03,
1644,1010.0,62,3,1910.46,2026-07-15,
1645,1527.0,35,5,4417.5,2026-05-20,
1646,985.0,186,5,3329.8,2026-06-03,
1647,1779.0,290,4,1693.48,2025-10-04,
1648,1996.0,133,4,933.56,2025-08-14,
1649,1050.0,62,3,1910.46,2025-09-28,
1650,1732.0,295,1,416.82,2026-02-08,
1651,1192.0,133,2,466.78,2026-08-01,
1652,655.0,30,2,1767.38,2025-08-25,
1653,732.0,237,2,732.34,2026-01-16,
1654,559.0,84,1,764.58,2025-09-21,
1655,1304.0,185,4,568.08,2025-12-23,
1656,594.0,183,1,362.04,2026-03-31,
1657,1309.0,150,5,3588.25,2025-10-06,
1658,397.0,40,5,357.45,2026-02-07,
1659,1227.0,94,1,314.44,2025-11-02,
1660,661.0,86,5,3497.9,2026-03-09,
1661,556.0,162,3,899.01,2026-02-13,
1662,1095.0,186,1,665.96,2025-11-20,
1663,1687.0,297,3,1791.75,2025-08-28,
1664,281.0,74,1,426.98,2025-10-08,
1665,764.0,266,3,1392.27,2026-03-25,
1666,697.0,249,4,1882.72,2026-04-02,
1667,447.0,84,1,764.58,2025-08-28,
1668,453.0,80,5,1277.6,2026-01-24,
1669,1257.0,97,5,1267.55,2026-05-11,
1670,1460.0,270,5,782.6,2026-05-12,
1671,855.0,283,1,426.2,2025-09-07,
1672,239.0,236,1,602.21,2026-01-19,
1673,983.0,68,1,887.21,2026-01-17,
1674,1416.0,179,3,1612.05,2026-07-05,
1675,1674.0,186,2,1331.92,2026-03-22,
1676,1072.0,227,5,2374.65,2025-08-13,
1677,1454.0,176,2,865.7,2026-01-12,
1678,1525.0,156,1,668.76,2025-11-01,
1679,264.0,61,2,1290.94,2025-09-24,
1680,630.0,73,2,295.56,2025-09-23,
1681,267.0,65,2,1228.68,2026-07-04,
1682,1415.0,41,4,3125.76,2025-11-22,
1683,39.0,58,1,382.31,2026-02-27,
1684,88.0,248,4,2759.28,2026-04-14,
1685,68.0,101,1,871.35,2026-07-20,
1686,122.0,263,5,1454.95,2025-09-15,
1687,1861.0,241,1,815.09,2025-12-15,
1688,136.0,130,1,824.43,2025-12-07,
1689,1546.0,155,1,274.64,2025-11-14,
1690,1885.0,50,1,76.43,2026-07-06,
1691,1846.0,106,5,420.0,2025-10-05,
1692,1374.0,103,2,571.48,2026-06-22,
1693,186.0,180,1,642.33,2026-07-12,
1694,1944.0,75,3,2385.15,2026-04-27,
1695,722.0,297,3,1791.75,2026-04-07,
1696,1600.0,83,5,936.15,2026-04-11,
1697,1168.0,124,5,3733.15,2025-08-07,
1698,1679.0,35,1,883.5,2025-10-30,
1699,1084.0,297,1,597.25,2026-05-04,
1700,1975.0,112,2,940.14,2026-05-07,
1701,1847.0,145,2,779.88,2026-07-07,
1702,,276,1,320.26,2025-11-23,
1703,1886.0,51,2,552.24,2025-08-17,
1704,751.0,259,4,511.68,2025-11-09,
1705,1380.0,95,4,1706.6,2025-08-27,
1706,1710.0,55,2,1713.08,2025-09-22,
1707,869.0,182,4,1566.52,2025-08-11,
1708,467.0,110,5,3618.05,2026-04-01,
1709,1560.0,209,1,791.31,2025-12-24,
1710,955.0,161,1,369.87,2026-07-23,
1711,279.0,57,5,3481.25,2026-07-22,
1712,1444.0,254,3,1873.62,2026-10-25,
1713,1479.0,148,5,2501.15,2026-02-13,
1714,672.0,21,1,758.07,2026-03-12,
1715,789.0,253,1,346.0,2026-07-26,
1716,1230.0,146,4,2760.32,2026-05-30,
1717,463.0,160,4,1802.44,2026-04-10,
1718,596.0,284,4,1998.24,2026-01-27,
1719,1755.0,220,2,733.32,2025-12-26,
1720,1924.0,36,4,2951.56,2026-01-16,
1721,27.0,189,2,675.4,2026-07-17,
1722,812.0,252,1,713.85,2026-06-06,
1723,1349.0,225,5,3486.65,2025-12-02,
1724,294.0,44,1,466.73,2026-04-03,
1725,1424.0,203,4,1194.52,2025-08-30,
1726,133.0,53,2,1539.72,2025-12-27,
1727,694.0,187,2,1763.0,2026-01-23,
1728,1729.0,103,5,1428.7,2026-03-22,
1729,477.0,207,1,500.65,2026-04-24,
1730,571.0,218,4,-1070.28,2026-06-03,
1731,560.0,298,5,2418.75,2025-12-18,
1732,975.0,205,3,1122.12,2025-12-27,
1733,1048.0,208,4,1457.44,2025-11-23,
1734,1573.0,143,2,170.28,2026-01-17,
1735,251.0,233,1,741.08,2026-06-28,
1736,1019.0,129,4,1967.64,2025-10-10,
1737,61.0,119,2,713.58,2025-11-08,
1738,1701.0,51,1,276.12,2025-11-10,
1739,1389.0,35,4,3534.0,2026-02-07,
1740,784.0,14,2,1680.42,2026-06-27,
1741,621.0,168,2,1287.34,2025-09-15,
1742,1354.0,50,1,76.43,2025-09-27,
1743,1624.0,267,4,1109.32,2026-06-25,
1744,602.0,239,2,1533.96,2026-06-15,
1745,1034.0,255,4,2905.32,2025-11-10,
1746,704.0,134,5,3168.05,2026-01-31,
1747,37.0,277,5,689.7,2026-01-20,
1748,1803.0,17,4,3046.76,2025-08-06,
1749,922.0,61,4,2581.88,2025-09-16,
1750,907.0,162,4,1198.68,2025-08-22,
1751,68.0,236,1,602.21,2026-03-08,
1752,1351.0,91,5,2808.65,2025-08-28,
1753,1007.0,156,2,1337.52,2026-05-30,
1754,640.0,221,2,522.6,2025-09-20,
1755,1565.0,200,4,2863.16,2026-06-10,
1756,1383.0,57,5,3481.25,2026-06-05,
1757,1404.0,252,5,3569.25,2026-02-20,
1758,963.0,277,5,689.7,2025-09-21,
1759,1750.0,244,5,971.2,2025-08-20,
1760,115.0,81,5,2887.6,2025-10-24,
1761,1014.0,201,3,1173.3,2025-08-15,
1762,1386.0,194,5,3443.85,2026-06-14,
1763,657.0,181,3,2664.24,2026-07-24,
1764,1210.0,32,1,-182.21,2026-05-18,
1765,1715.0,24,2,188.02,2026-06-08,
1766,1658.0,188,3,1492.38,2026-01-12,
1767,1568.0,299,1,521.47,2026-03-08,
1768,200.0,175,4,2941.92,2025-11-02,
1769,732.0,220,3,1099.98,2025-09-12,
1770,116.0,211,3,666.45,2026-01-26,
1771,481.0,126,2,340.46,2026-01-06,
1772,174.0,160,5,2253.05,2025-11-20,
1773,235.0,34,3,2218.86,2026-05-28,
1774,41.0,173,2,1549.72,2025-09-08,
1775,77.0,276,3,960.78,2026-02-10,
1776,1164.0,236,4,2408.84,2025-10-06,
1777,547.0,264,4,2127.56,2026-01-16,
1778,1205.0,11,4,1140.6,2026-02-21,
1779,774.0,12,3,2455.68,2025-08-21,
1780,661.0,293,4,1358.24,2026-03-04,
1781,1656.0,294,1,488.16,2025-08-10,
1782,1415.0,251,1,873.27,2026-02-21,
1783,1018.0,106,3,252.0,2025-09-11,
1784,342.0,258,3,2552.85,2026-06-16,
1785,1986.0,154,3,2414.28,2026-05-14,
1786,1018.0,224,2,981.18,2026-04-22,
1787,439.0,39,5,4453.25,2025-12-25,
1788,98.0,148,3,1500.69,2026-01-25,
1789,824.0,153,5,4453.15,2025-09-15,
1790,1522.0,116,5,4459.65,2025-10-01,
1791,195.0,48,5,1517.95,2026-03-23,
1792,138.0,173,3,2324.58,2025-08-16,
1793,974.0,291,5,1683.35,2026-07-08,
1794,712.0,219,2,587.74,2026-05-11,
1795,1034.0,40,3,214.47,2025-09-16,
1796,1359.0,154,4,3219.04,2025-12-16,
1797,410.0,277,3,413.82,2026-05-05,
1798,515.0,213,4,1524.4,2025-08-28,
1799,1376.0,264,4,2127.56,2026-01-31,
1800,1805.0,281,2,319.38,2025-09-06,
1801,1767.0,10,5,3958.7,2025-10-19,
1802,1023.0,96,5,1447.9,2026-02-18,
1803,549.0,110,4,2894.44,2025-08-21,
1804,1747.0,273,5,1578.85,2026-01-10,
1805,1489.0,223,5,3297.35,2026-01-27,
1806,411.0,31,5,1735.5,2025-09-13,
1807,303.0,187,4,3526.0,2025-11-08,
1808,1529.0,124,2,1493.26,2025-08-25,
1809,841.0,154,4,3219.04,2026-01-31,
1810,1299.0,164,1,440.24,2026-05-08,
1811,547.0,105,4,2787.68,2025-11-02,
1812,526.0,147,2,1190.94,2025-12-11,
1813,489.0,121,4,1073.44,2025-09-04,
1814,394.0,59,2,124.58,2025-08-23,
1815,1633.0,15,2,943.46,2026-06-16,
1816,995.0,159,4,458.36,2026-07-08,
1817,865.0,287,4,-204.88,2025-11-24,
1818,327.0,19,2,1385.2,2025-12-23,
1819,60.0,140,2,1504.08,2026-02-27,
1820,1349.0,133,3,700.17,2025-11-20,
1821,1320.0,282,2,1212.9,2026-02-12,
1822,1603.0,22,4,542.48,2025-11-29,
1823,1761.0,11,1,285.15,2025-10-21,
1824,1233.0,43,3,2037.72,2026-06-12,
1825,1845.0,153,1,890.63,2026-01-07,
1826,1376.0,209,3,2373.93,2025-10-11,
1827,1932.0,47,4,1264.96,2025-09-18,
1828,230.0,72,2,984.2,2026-05-05,
1829,1911.0,293,5,1697.8,2025-10-20,
1830,1361.0,62,5,3184.1,2025-08-14,
1831,516.0,298,5,2418.75,2025-08-11,
1832,488.0,255,1,726.33,2026-03-12,
1833,675.0,63,3,470.19,2026-01-20,
1834,1651.0,300,4,2326.36,2025-10-14,
1835,447.0,121,4,1073.44,2025-12-18,
1836,359.0,74,1,426.98,2026-02-27,
1837,901.0,110,3,2170.83,2026-07-04,
1838,1768.0,210,3,1356.84,2026-02-26,
1839,1093.0,29,4,1503.16,2026-04-24,
1840,649.0,192,1,423.94,2025-12-20,
1841,973.0,280,4,3019.6,2026-01-25,
1842,1802.0,127,3,2371.86,2026-01-17,
1843,974.0,75,3,2385.15,2026-05-05,
1844,44.0,189,3,1013.1,2026-01-18,
1845,1415.0,18,1,72.94,2026-03-24,
1846,1132.0,123,3,1472.52,2025-11-11,
1847,1309.0,197,3,1186.98,2026-02-13,
1848,1096.0,186,1,665.96,2025-08-16,
1849,796.0,122,4,2641.6,2025-10-23,
1850,1900.0,5,4,1224.56,2025-09-20,
1851,185.0,131,3,1863.75,2026-03-10,
1852,431.0,121,3,805.08,2025-08-07,
1853,1294.0,83,4,748.92,2025-12-12,
1854,1617.0,163,4,2408.68,2025-10-21,
1855,1775.0,18,3,218.82,2026-04-22,
1856,965.0,42,4,1099.88,2026-06-13,
1857,,212,3,-927.75,2026-07-09,
1858,1689.0,217,1,358.81,2026-06-02,
1859,,83,3,561.69,2026-09-28,
1860,862.0,34,3,2218.86,2026-03-28,
1861,929.0,281,3,479.07,2026-01-08,
1862,1314.0,15,1,471.73,2025-10-04,
1863,1621.0,95,4,1706.6,2026-06-20,
1864,821.0,70,-1,441.97,2026-06-15,
1865,643.0,103,3,857.22,2026-07-28,
1866,227.0,295,1,416.82,2026-08-04,
1867,1058.0,81,2,1155.04,2026-01-22,
1868,1405.0,67,5,3612.9,2026-07-29,
1869,925.0,211,3,666.45,2025-11-11,
1870,534.0,245,2,1089.7,2026-06-26,
1871,1694.0,89,5,513.8,2026-01-21,
1872,407.0,168,3,1931.01,2026-07-16,
1873,753.0,44,4,1866.92,2026-01-04,
1874,1795.0,94,4,1257.76,2026-01-21,
1875,460.0,194,5,3443.85,2026-06-20,
1876,1891.0,11,1,285.15,2025-10-01,
1877,1284.0,286,5,670.3,2025-09-04,
1878,1996.0,118,1,649.52,2025-12-20,
1879,537.0,237,2,732.34,2026-03-20,
1880,822.0,87,1,468.31,2025-08-29,
1881,533.0,220,5,1833.3,2026-02-24,
1882,1963.0,77,1,755.0,2025-11-06,
1883,1940.0,189,2,675.4,2026-06-23,
1884,29.0,291,1,336.67,2025-09-27,
1885,1584.0,270,4,626.08,2026-05-03,
1886,243.0,233,4,2964.32,2026-07-02,
1887,391.0,115,2,1681.96,2026-02-05,
1888,1529.0,137,3,2231.4,2025-08-12,
1889,267.0,254,4,2498.16,2025-08-17,
1890,1229.0,221,2,522.6,2025-08-27,
1891,1489.0,111,3,2067.81,2025-11-16,
1892,370.0,97,4,1014.04,2026-01-08,
1893,59.0,210,2,904.56,2026-01-13,
1894,483.0,149,3,2396.19,2026-01-17,
1895,758.0,231,2,1466.6,2025-09-12,
1896,176.0,299,4,2085.88,2025-12-03,
1897,273.0,6,4,2493.36,2025-12-11,
1898,1407.0,166,4,913.8,2026-04-05,
1899,1451.0,109,4,602.6,2026-03-21,
1900,525.0,217,5,1794.05,2025-08-14,
1901,1141.0,38,1,801.78,2026-05-25,
1902,682.0,31,1,347.1,2025-08-31,
1903,1861.0,121,4,1073.44,2026-06-09,
1904,1924.0,182,5,1958.15,2025-09-19,
1905,520.0,24,1,94.01,2025-08-24,
1906,781.0,259,5,639.6,2026-01-25,
1907,1375.0,155,4,1098.56,2026-03-21,
1908,1983.0,190,2,135.42,2026-02-09,
1909,1189.0,287,1,-51.22,2026-04-20,
1910,348.0,92,3,2014.23,2026-02-02,
1911,1906.0,258,4,3403.8,2025-09-22,
1912,271.0,174,4,2626.2,2026-07-25,
1913,,46,3,1674.33,2025-11-10,
1914,291.0,272,4,1311.48,2025-08-19,
1915,642.0,134,1,633.61,2025-08-12,
1916,1023.0,23,2,289.58,2026-05-22,
1917,1897.0,144,3,379.41,2026-04-16,
1918,1849.0,221,3,783.9,2025-11-15,
1919,1699.0,135,5,-173.0,2026-03-20,
1920,642.0,136,5,2665.95,2025-11-04,
1921,647.0,224,2,981.18,2026-03-04,
1922,1139.0,252,2,1427.7,2026-05-30,
1923,387.0,226,1,98.45,2026-08-05,
1924,471.0,77,1,755.0,2026-03-07,
1925,964.0,94,1,314.44,2025-08-31,
1926,1446.0,134,2,1267.22,2026-06-19,
1927,238.0,240,4,3238.08,2026-05-09,
1928,905.0,254,1,624.54,2026-03-11,
1929,994.0,183,5,1810.2,2026-05-26,
1930,231.0,235,4,3566.4,2026-05-03,
1931,716.0,76,1,700.29,2026-07-04,
1932,1779.0,48,2,607.18,2026-05-06,
1933,1710.0,146,2,1380.16,2026-04-07,
1934,1685.0,87,5,2341.55,2026-05-02,
1935,1825.0,140,5,3760.2,2025-11-17,
1936,1196.0,300,2,1163.18,2026-03-15,
1937,1571.0,3,5,3108.35,2025-08-06,
1938,853.0,293,2,679.12,2025-12-05,
1939,1574.0,40,2,142.98,2025-11-09,
1940,1818.0,256,1,172.63,2026-04-21,
1941,583.0,169,1,695.2,2026-05-06,
1942,766.0,63,4,626.92,2025-08-30,
1943,315.0,55,3,2569.62,2025-12-05,
1944,943.0,15,1,471.73,2026-06-05,
1945,1287.0,246,4,718.84,2025-10-10,
1946,1348.0,138,5,1436.8,2025-08-21,
1947,1987.0,3,3,1865.01,2025-11-12,
1948,1948.0,23,5,723.95,2026-03-30,
1949,1941.0,232,3,1472.91,2026-03-29,
1950,433.0,292,2,588.14,2026-02-15,
1951,662.0,25,3,1750.44,2025-08-19,
1952,1121.0,29,1,375.79,2026-06-14,
1953,817.0,196,1,243.74,2026-03-21,
1954,492.0,131,2,1242.5,2025-11-28,
1955,43.0,205,1,374.04,2026-04-13,
1956,796.0,107,2,1031.54,2026-06-23,
1957,1326.0,207,3,1501.95,2026-03-25,
1958,612.0,79,1,337.58,2026-06-20,
1959,1508.0,252,4,2855.4,2026-02-13,
1960,269.0,159,5,572.95,2026-07-31,
1961,1705.0,184,1,363.06,2026-07-25,
1962,410.0,189,5,1688.5,2026-01-05,
1963,1814.0,251,4,3493.08,2026-06-05,
1964,550.0,199,4,321.28,2026-03-28,
1965,867.0,289,5,245.35,2026-02-26,
1966,1661.0,47,4,1264.96,2026-02-12,
1967,382.0,189,5,1688.5,2026-04-10,
1968,191.0,223,4,2637.88,2025-10-30,
1969,700.0,21,5,3790.35,2026-04-13,
1970,1327.0,238,2,1175.2,2025-08-30,
1971,1080.0,80,4,1022.08,2025-10-21,
1972,596.0,269,1,550.67,2026-01-31,
1973,163.0,240,4,3238.08,2026-03-22,
1974,305.0,245,3,1634.55,2026-01-22,
1975,1724.0,66,3,2419.65,2026-04-28,
1976,876.0,128,5,2430.35,2025-09-20,
1977,98.0,152,5,4192.35,2026-06-16,
1978,1879.0,283,1,426.2,2026-01-13,
1979,221.0,24,5,470.05,2025-12-31,
1980,846.0,262,4,2213.44,2026-03-27,
1981,1354.0,49,4,733.24,2026-03-09,
1982,728.0,292,3,882.21,2026-05-23,
1983,168.0,131,5,3106.25,2025-11-26,
1984,234.0,258,1,850.95,2025-09-13,
1985,1611.0,237,2,732.34,2026-01-11,
1986,93.0,94,4,1257.76,2026-07-23,
1987,1796.0,43,4,2716.96,2025-12-31,
1988,1203.0,153,3,2671.89,2025-09-12,
1989,1278.0,233,4,2964.32,2025-10-01,
1990,1980.0,136,3,1599.57,2025-10-27,
1991,380.0,96,2,579.16,2026-02-09,
1992,532.0,41,5,3907.2,2025-11-24,
1993,1095.0,55,4,3426.16,2025-08-24,
1994,809.0,10,1,791.74,2026-02-09,
1995,352.0,60,1,825.65,2026-02-07,
1996,1417.0,245,4,2179.4,2026-03-14,
1997,1487.0,208,5,1821.8,2025-11-16,
1998,1267.0,250,3,1247.7,2025-11-09,
1999,1648.0,185,4,568.08,2025-11-03,
2000,257.0,155,1,274.64,2026-06-23,
2001,391.0,70,1,441.97,2025-10-11,
2002,1426.0,58,1,382.31,2026-05-28,
2003,429.0,97,1,253.51,2025-12-08,
2004,1331.0,247,2,1244.5,2026-01-21,
2005,1725.0,124,4,2986.52,2025-10-15,
2006,177.0,276,2,640.52,2025-10-25,
2007,304.0,155,4,1098.56,2026-05-18,
2008,45.0,243,4,3253.64,2026-04-29,
2009,1849.0,60,2,1651.3,2026-02-21,
2010,1974.0,79,4,1350.32,2026-04-22,
2011,41.0,249,4,1882.72,2026-03-22,
2012,497.0,231,5,3666.5,2026-03-24,
2013,1167.0,104,3,465.54,2025-11-25,
2014,684.0,201,1,391.1,2026-03-19,
2015,1292.0,5,1,306.14,2026-03-13,
2016,1738.0,222,4,1745.24,2026-07-25,
2017,1221.0,254,5,3122.7,2025-09-18,
2018,76.0,284,3,1498.68,2026-03-30,
2019,996.0,250,4,1663.6,2026-01-25,
2020,1485.0,263,5,1454.95,2026-06-14,
2021,1463.0,250,0,831.8,2025-08-10,
2022,39.0,32,5,-911.05,2025-08-31,
2023,647.0,217,5,1794.05,2026-05-08,
2024,549.0,284,1,499.56,2026-06-20,
2025,240.0,214,4,2827.76,2026-07-24,
2026,1923.0,254,5,3122.7,2025-11-15,
2027,1429.0,178,4,1522.08,2025-10-08,
2028,331.0,224,1,490.59,2026-07-14,
2029,962.0,148,2,1000.46,2026-01-19,
2030,476.0,177,4,2474.32,2026-06-30,
2031,1204.0,260,2,852.02,2026-04-18,
2032,1748.0,174,5,3282.75,2025-09-28,
2033,1809.0,240,2,1619.04,2025-08-15,
2034,1966.0,151,4,3176.0,2025-10-27,
2035,1631.0,214,3,2120.82,2026-02-02,
2036,1274.0,242,2,160.08,2025-08-24,
2037,1415.0,107,3,1547.31,2026-02-21,
2038,265.0,45,4,2915.96,2026-01-30,
2039,321.0,89,2,205.52,2026-06-19,
2040,1626.0,252,1,713.85,2026-07-22,
2041,622.0,213,4,1524.4,2026-03-02,
2042,1141.0,121,2,536.72,2026-06-28,
2043,735.0,25,1,583.48,2025-10-10,
2044,1387.0,134,3,1900.83,2025-09-15,
2045,1696.0,82,2,944.42,2025-09-08,
2046,1653.0,258,1,850.95,2026-01-11,
2047,882.0,33,3,464.19,2025-08-26,
2048,465.0,59,5,311.45,2026-06-27,
2049,459.0,62,5,3184.1,2025-10-05,
2050,697.0,250,3,1247.7,2026-04-18,
2051,1578.0,182,1,391.63,2026-04-20,
2052,1836.0,286,3,402.18,2026-04-18,
2053,1238.0,78,5,908.05,2025-08-15,
2054,1898.0,54,1,97.82,2026-04-06,
2055,1972.0,225,4,2789.32,2026-06-12,
2056,1601.0,57,1,696.25,2026-04-18,
2057,86.0,53,5,3849.3,2026-04-05,
2058,343.0,260,1,426.01,2025-11-13,
2059,1866.0,61,2,1290.94,2025-09-10,
2060,1492.0,186,2,1331.92,2026-06-30,
2061,1561.0,150,4,2870.6,2026-08-01,
2062,1501.0,260,4,1704.04,2026-07-21,
2063,1326.0,51,2,552.24,2026-08-03,
2064,1678.0,187,3,2644.5,2026-09-01,
2065,1738.0,71,1,96.54,2026-06-11,
2066,1986.0,104,4,620.72,2025-09-06,
2067,503.0,213,1,381.1,2025-11-04,
2068,588.0,243,3,2440.23,2025-12-26,
2069,175.0,259,2,255.84,2026-04-27,
2070,1465.0,137,3,2231.4,2026-05-04,
2071,1290.0,213,3,1143.3,2026-05-23,
2072,1543.0,126,2,340.46,2026-03-31,
2073,1613.0,272,4,1311.48,2026-03-14,
2074,,117,2,952.58,2026-02-20,
2075,1881.0,220,4,1466.64,2026-03-24,
2076,1950.0,210,4,1809.12,2026-02-16,
2077,1933.0,265,3,557.31,2026-07-14,
2078,299.0,16,4,1449.68,2026-06-03,
2079,1933.0,6,5,3116.7,2026-03-20,
2080,693.0,36,1,737.89,2026-01-26,
2081,1582.0,162,4,1198.68,2026-07-20,
2082,126.0,85,4,-113.48,2025-09-30,
2083,1353.0,202,1,688.8,2026-08-30,
2084,119.0,78,5,908.05,2025-09-17,
2085,859.0,267,3,831.99,2025-09-06,
2086,1790.0,206,5,2980.85,2026-01-24,
2087,1863.0,156,3,2006.28,2025-08-13,
2088,1694.0,177,1,618.58,2026-05-15,
2089,1251.0,144,5,632.35,2026-06-25,
2090,914.0,76,4,2801.16,2026-03-01,
2091,1279.0,106,5,420.0,2026-02-16,
2092,1818.0,227,3,1424.79,2026-04-05,
2093,1805.0,208,2,728.72,2026-03-21,
2094,76.0,155,1,274.64,2025-11-25,
2095,799.0,276,3,960.78,2026-07-31,
2096,,65,5,3071.7,2026-04-18,
2097,191.0,146,2,1380.16,2026-02-18,
2098,640.0,262,5,2766.8,2025-08-16,
2099,1551.0,267,3,831.99,2026-06-17,
2100,58.0,82,1,472.21,2026-06-19,
2101,530.0,277,5,689.7,2026-07-01,
2102,1488.0,124,3,2239.89,2025-09-01,
2103,227.0,217,5,1794.05,2026-03-05,
2104,532.0,31,3,1041.3,2026-07-31,
2105,254.0,260,3,1278.03,2026-01-06,
2106,920.0,25,1,583.48,2026-07-18,
2107,1510.0,153,5,4453.15,2025-11-13,
2108,695.0,3,4,2486.68,2025-12-01,
2109,1159.0,121,5,1341.8,2026-02-28,
2110,479.0,274,5,963.85,2025-09-27,
2111,583.0,180,3,1926.99,2025-10-06,
2112,1463.0,294,2,976.32,2026-05-26,
2113,1511.0,194,5,3443.85,2025-09-20,
2114,672.0,127,1,790.62,2026-01-27,
2115,395.0,265,5,928.85,2026-07-12,
2116,201.0,185,4,568.08,2026-07-14,
2117,1697.0,76,4,2801.16,2025-12-21,
2118,189.0,211,1,222.15,2026-02-23,
2119,1820.0,32,4,-728.84,2026-02-20,
2120,440.0,67,4,2890.32,2026-05-18,
2121,757.0,229,1,50.19,2026-07-31,
2122,1205.0,270,4,626.08,2025-11-03,
2123,1596.0,287,5,-256.1,2026-03-14,
2124,1197.0,203,3,895.89,2026-01-23,
2125,902.0,256,4,690.52,2026-02-17,
2126,1688.0,251,4,3493.08,2025-12-28,
2127,1036.0,84,2,1529.16,2026-01-21,
2128,1457.0,66,4,3226.2,2026-08-02,
2129,1983.0,235,2,1783.2,2025-08-09,
2130,242.0,263,5,1454.95,2026-03-02,
2131,970.0,109,4,602.6,2025-10-11,
2132,1934.0,17,2,1523.38,2025-08-28,
2133,1888.0,287,3,-153.66,2026-06-16,
2134,1746.0,61,5,3227.35,2025-08-14,
2135,248.0,210,1,452.28,2025-11-13,
2136,594.0,190,5,338.55,2026-03-02,
2137,314.0,21,5,3790.35,2025-08-23,
2138,625.0,61,3,1936.41,2026-01-14,
2139,603.0,192,3,1271.82,2026-02-05,
2140,1621.0,249,1,470.68,2025-12-07,
2141,1606.0,74,2,853.96,2026-02-04,
2142,1919.0,216,1,440.76,2026-04-20,
2143,442.0,157,3,156.33,2025-09-10,
2144,5.0,94,4,1257.76,2026-06-22,
2145,,63,5,783.65,2026-06-28,
2146,856.0,35,1,883.5,2025-10-13,
2147,635.0,247,5,3111.25,2026-06-28,
2148,1844.0,290,4,1693.48,2025-10-17,
2149,974.0,173,4,3099.44,2025-12-30,
2150,1034.0,68,2,1774.42,2026-03-11,
2151,1367.0,236,4,2408.84,2025-09-07,
2152,1775.0,230,2,1001.46,2025-11-29,
2153,1639.0,167,1,431.28,2026-03-24,
2154,477.0,210,4,1809.12,2026-01-08,
2155,1108.0,203,3,895.89,2025-09-09,
2156,1508.0,24,-4,376.04,2026-05-28,
2157,1774.0,143,1,85.14,2026-04-13,
2158,1172.0,85,1,-28.37,2026-04-21,
2159,1322.0,159,5,572.95,2025-09-06,
2160,175.0,64,5,4064.3,2026-08-02,
2161,1110.0,99,5,2344.65,2026-10-24,
2162,1961.0,296,1,298.23,2026-02-19,
2163,388.0,292,5,1470.35,2026-07-17,
2164,,244,5,971.2,2026-02-15,
2165,1349.0,10,1,791.74,2026-10-15,
2166,1971.0,273,2,631.54,2026-06-18,
2167,1612.0,10,3,2375.22,2026-03-22,
2168,1700.0,106,2,168.0,2025-11-18,
2169,174.0,297,4,2389.0,2026-06-08,
2170,657.0,274,5,963.85,2025-10-08,
2171,93.0,206,5,2980.85,2026-03-25,
2172,697.0,252,1,713.85,2026-04-22,
2173,850.0,224,2,981.18,2026-01-16,
2174,650.0,13,5,4269.6,2026-03-10,
2175,187.0,196,3,731.22,2026-07-22,
2176,1110.0,59,1,62.29,2026-02-17,
2177,295.0,87,3,1404.93,2025-10-02,
2178,1574.0,94,3,943.32,2026-01-31,
2179,629.0,46,2,1116.22,2026-05-14,
2180,121.0,209,2,1582.62,2026-05-24,
2181,56.0,167,2,862.56,2026-01-04,
2182,799.0,30,3,2651.07,2026-03-17,
2183,292.0,51,3,828.36,2026-04-22,
2184,529.0,212,3,-927.75,2026-08-01,
2185,107.0,193,1,385.95,2026-10-20,
2186,1541.0,104,2,310.36,2026-02-06,
2187,1042.0,122,4,2641.6,2026-04-20,
2188,1945.0,259,4,511.68,2026-04-08,
2189,125.0,59,3,186.87,2025-08-24,
2190,1133.0,163,4,2408.68,2025-11-16,
2191,992.0,209,1,791.31,2025-08-21,
2192,1298.0,15,4,1886.92,2026-03-21,
2193,552.0,120,1,725.21,2025-12-20,
2194,1383.0,284,5,2497.8,2025-11-02,
2195,1563.0,52,2,704.9,2026-05-09,
2196,624.0,285,2,1440.04,2025-09-19,
2197,,291,4,1346.68,2025-11-13,
2198,417.0,43,5,3396.2,2026-07-22,
2199,1107.0,73,3,443.34,2026-06-07,
2200,1101.0,87,2,936.62,2025-09-08,
2201,926.0,217,5,1794.05,2026-06-07,
2202,1665.0,22,1,135.62,2026-03-18,
2203,593.0,238,5,2938.0,2026-01-16,
2204,124.0,86,1,699.58,2025-09-17,
2205,1225.0,247,3,1866.75,2025-12-20,
2206,720.0,129,4,1967.64,2026-01-17,
2207,1722.0,109,5,753.25,2025-08-22,
2208,94.0,262,3,1660.08,2026-02-12,
2209,1154.0,83,5,936.15,2026-07-20,
2210,184.0,36,3,2213.67,2026-03-07,
2211,1701.0,203,1,298.63,2026-04-11,
2212,573.0,72,5,2460.5,2025-11-09,
2213,1251.0,222,2,872.62,2025-10-12,
2214,1811.0,259,3,383.76,2026-02-10,
2215,1542.0,176,3,1298.55,2025-11-23,
2216,504.0,232,3,1472.91,2026-04-23,
2217,432.0,165,3,1900.95,2026-07-18,
2218,673.0,236,5,3011.05,2026-06-14,
2219,1324.0,9,2,1581.56,2026-04-30,
2220,976.0,2,5,3301.1,2026-03-07,
2221,1378.0,3,1,621.67,2026-03-09,
2222,1139.0,89,4,411.04,2025-10-31,
2223,1103.0,251,4,3493.08,2025-12-12,
2224,1104.0,42,1,274.97,2026-05-12,
2225,1377.0,16,4,1449.68,2025-12-29,
2226,,64,3,2438.58,2025-12-20,
2227,734.0,193,5,1929.75,2025-09-15,
2228,1719.0,199,2,160.64,2026-06-03,
2229,948.0,5,1,306.14,2026-08-01,
2230,911.0,190,2,135.42,2026-01-30,
2231,1522.0,5,2,612.28,2026-03-18,
2232,1394.0,11,3,855.45,2026-06-10,
2233,185.0,184,2,726.12,2026-07-04,
2234,480.0,156,2,1337.52,2026-06-13,
2235,76.0,253,3,1038.0,2026-04-17,
2236,1853.0,144,4,505.88,2026-04-22,
2237,402.0,108,1,697.39,2026-04-11,
2238,1782.0,203,1,298.63,2026-01-06,
2239,1025.0,143,5,425.7,2025-10-14,
2240,1131.0,253,2,692.0,2025-11-26,
2241,1377.0,100,5,587.2,2026-04-10,
2242,134.0,290,2,846.74,2025-08-22,
2243,261.0,66,1,806.55,2026-07-14,
2244,1753.0,133,5,1166.95,2026-03-27,
2245,1493.0,117,5,2381.45,2026-07-30,
2246,1737.0,141,2,316.1,2026-08-14,
2247,1259.0,12,5,4092.8,2026-05-04,
2248,1809.0,130,5,4122.15,2026-04-10,
2249,1921.0,233,1,741.08,2025-11-22,
2250,1749.0,219,1,293.87,2026-06-25,
2251,1730.0,166,4,913.8,2026-03-29,
2252,250.0,209,3,2373.93,2025-12-29,
2253,1015.0,266,4,1856.36,2026-01-01,
2254,1555.0,186,5,3329.8,2026-03-05,
2255,97.0,23,2,289.58,2025-11-09,
2256,1091.0,143,4,340.56,2026-05-11,
2257,11.0,230,3,1502.19,2025-11-15,
2258,686.0,201,2,782.2,2026-08-03,
2259,1655.0,42,5,1374.85,2026-03-30,
2260,1413.0,13,2,1707.84,2026-01-18,
2261,1879.0,217,1,358.81,2025-08-14,
2262,337.0,128,2,972.14,2025-11-16,
2263,129.0,169,3,2085.6,2026-01-27,
2264,983.0,50,1,76.43,2026-02-19,
2265,1214.0,222,1,436.31,2025-12-04,
2266,507.0,172,3,1597.56,2025-10-02,
2267,489.0,56,4,2495.96,2025-08-30,
2268,1683.0,175,1,735.48,2026-01-24,
2269,,171,5,465.55,2025-08-09,
2270,1589.0,122,0,660.4,2025-10-03,
2271,,225,1,697.33,2026-03-10,
2272,256.0,229,5,250.95,2025-12-14,
2273,1878.0,44,1,466.73,2025-09-13,
2274,642.0,18,4,291.76,2026-01-01,
2275,127.0,34,2,1479.24,2025-09-29,
2276,618.0,227,1,474.93,2025-10-06,
2277,209.0,222,1,436.31,2026-08-02,
2278,107.0,29,5,1878.95,2025-12-21,
2279,823.0,151,4,3176.0,2026-03-18,
2280,1541.0,50,5,382.15,2026-05-27,
2281,1771.0,211,2,444.3,2025-11-07,
2282,787.0,6,4,2493.36,2026-06-21,
2283,1803.0,238,4,2350.4,2026-04-06,
2284,1334.0,52,3,1057.35,2026-01-09,
2285,1060.0,14,4,3360.84,2025-11-19,
2286,395.0,169,5,3476.0,2026-03-03,
2287,,56,1,623.99,2026-03-05,
2288,1617.0,35,5,4417.5,2025-09-22,
2289,259.0,100,5,587.2,2025-08-05,
2290,728.0,261,3,386.49,2026-02-16,
2291,1485.0,216,4,1763.04,2026-03-15,
2292,498.0,228,2,1213.96,2026-06-07,
2293,124.0,71,1,96.54,2026-06-03,
2294,1198.0,66,3,2419.65,2025-10-30,
2295,1966.0,224,5,2452.95,2025-11-16,
2296,1196.0,184,3,1089.18,2026-02-28,
2297,302.0,278,2,1252.54,2026-01-07,
2298,1236.0,241,3,2445.27,2026-02-27,
2299,756.0,176,3,1298.55,2026-05-02,
2300,1202.0,5,5,1530.7,2026-02-15,
2301,487.0,75,1,795.05,2025-11-01,
2302,1759.0,260,5,2130.05,2026-03-31,
2303,705.0,28,4,1960.8,2025-08-20,
2304,1312.0,101,2,1742.7,2026-07-12,
2305,700.0,104,1,155.18,2026-01-21,
2306,1423.0,97,4,1014.04,2025-09-27,
2307,1419.0,240,5,4047.6,2025-11-13,
2308,1160.0,170,5,2471.15,2026-01-05,
2309,614.0,172,5,2662.6,2026-02-07,
2310,333.0,215,3,915.72,2025-10-02,
2311,1795.0,54,4,391.28,2026-05-24,
2312,450.0,22,4,542.48,2026-02-25,
2313,1420.0,2,2,1320.44,2026-01-24,
2314,1278.0,118,4,2598.08,2026-03-26,
2315,985.0,110,2,1447.22,2026-03-16,
2316,421.0,170,4,1976.92,2025-08-31,
2317,1692.0,205,2,748.08,2026-01-17,
2318,21.0,4,3,2061.18,2025-08-13,
2319,62.0,38,3,2405.34,2026-04-04,
2320,,285,1,720.02,2026-06-24,
2321,399.0,149,4,3194.92,2025-08-29,
2322,90.0,300,3,1744.77,2025-09-08,
2323,406.0,16,2,724.84,2025-11-29,
2324,449.0,146,2,1380.16,2025-09-02,
2325,696.0,135,2,-69.2,2025-10-27,
2326,366.0,284,2,999.12,2026-06-23,
2327,361.0,101,1,871.35,2025-09-17,
2328,43.0,135,1,-34.6,2026-03-20,
2329,1342.0,71,4,386.16,2026-07-18,
2330,1918.0,57,3,2088.75,2026-05-25,
2331,935.0,108,3,2092.17,2026-05-13,
2332,1658.0,123,3,1472.52,2025-11-09,
2333,1928.0,191,2,493.94,2025-12-21,
2334,1806.0,270,5,782.6,2026-04-18,
2335,243.0,223,1,659.47,2026-05-25,
2336,1628.0,74,2,853.96,2026-03-25,
2337,1091.0,98,2,406.52,2026-04-10,
2338,652.0,194,3,2066.31,2026-06-17,
2339,1887.0,220,2,733.32,2025-10-07,
2340,1203.0,24,5,470.05,2026-06-19,
2341,603.0,97,5,1267.55,2026-07-10,
2342,507.0,77,3,2265.0,2025-10-23,
2343,1788.0,28,3,1470.6,2026-05-09,
2344,1984.0,65,5,3071.7,2026-01-10,
2345,429.0,300,4,2326.36,2025-09-15,
2346,1620.0,42,4,1099.88,2025-11-03,
2347,1042.0,34,2,1479.24,2025-10-26,
2348,767.0,199,5,401.6,2026-02-05,
2349,951.0,256,5,863.15,2026-05-11,
2350,1460.0,92,3,2014.23,2026-01-10,
2351,1423.0,192,5,2119.7,2026-07-18,
2352,971.0,248,4,2759.28,2025-08-05,
2353,822.0,138,5,1436.8,2025-12-15,
2354,425.0,299,1,521.47,2025-10-16,
2355,926.0,113,2,1307.38,2025-11-09,
2356,448.0,121,4,1073.44,2025-08-22,
2357,1821.0,157,4,208.44,2026-07-27,
2358,322.0,194,5,3443.85,2025-11-11,
2359,1128.0,192,3,1271.82,2025-12-07,
2360,1540.0,44,2,933.46,2026-03-09,
2361,911.0,44,3,1400.19,2026-02-19,
2362,472.0,266,3,1392.27,2025-09-10,
2363,953.0,299,1,521.47,2026-01-07,
2364,689.0,263,5,1454.95,2025-12-12,
2365,958.0,219,4,1175.48,2026-06-03,
2366,753.0,222,4,1745.24,2026-06-23,
2367,560.0,255,3,2178.99,2026-05-03,
2368,368.0,196,1,243.74,2025-08-13,
2369,544.0,227,2,949.86,2026-07-24,
2370,1847.0,39,3,2671.95,2025-10-08,
2371,1726.0,43,3,2037.72,2025-12-22,
2372,1120.0,257,5,1561.7,2026-07-23,
2373,1898.0,41,3,2344.32,2025-11-21,
2374,243.0,117,1,476.29,2026-05-23,
2375,79.0,37,3,215.43,2025-11-30,
2376,684.0,280,2,1509.8,2026-02-13,
2377,513.0,101,3,2614.05,2025-09-30,
2378,391.0,155,3,823.92,2025-11-14,
2379,1869.0,71,5,482.7,2025-09-22,
2380,1578.0,134,1,633.61,2026-04-01,
2381,1685.0,154,3,2414.28,2025-09-11,
2382,1938.0,178,4,1522.08,2026-01-18,
2383,1552.0,208,5,1821.8,2025-12-06,
2384,1340.0,7,4,2806.88,2026-04-14,
2385,1773.0,263,2,581.98,2025-08-17,
2386,465.0,204,2,1047.3,2026-07-10,
2387,479.0,108,4,2789.56,2025-10-19,
2388,1610.0,265,5,928.85,2026-05-02,
2389,1480.0,283,4,1704.8,2025-11-25,
2390,1622.0,237,3,1098.51,2025-11-19,
2391,1733.0,44,3,1400.19,2025-08-15,
2392,1578.0,97,4,1014.04,2026-06-06,
2393,899.0,214,2,1413.88,2026-03-13,
2394,62.0,231,5,3666.5,2026-01-13,
2395,1183.0,192,2,847.88,2026-01-08,
2396,1932.0,66,3,2419.65,2026-06-29,
2397,1660.0,5,4,1224.56,2025-08-29,
2398,462.0,182,3,1174.89,2026-02-03,
2399,1405.0,215,4,1220.96,2026-05-25,
2400,614.0,207,5,2503.25,2026-05-19,
2401,48.0,167,5,2156.4,2026-02-09,
2402,1889.0,291,1,336.67,2026-07-19,
2403,1952.0,72,-2,984.2,2026-07-25,
2404,1290.0,170,5,2471.15,2026-08-01,
2405,781.0,294,4,1952.64,2026-05-22,
2406,131.0,105,4,2787.68,2025-08-30,
2407,386.0,274,4,771.08,2026-05-31,
2408,674.0,244,1,194.24,2026-02-21,
2409,1309.0,292,4,1176.28,2025-09-23,
2410,352.0,156,1,668.76,2026-05-03,
2411,364.0,54,5,489.1,2025-11-13,
2412,1001.0,17,5,3808.45,2026-03-23,
2413,408.0,14,2,1680.42,2026-03-02,
2414,582.0,36,4,2951.56,2026-03-15,
2415,597.0,106,2,168.0,2026-05-24,
2416,932.0,269,1,550.67,2026-03-05,
2417,1062.0,30,3,2651.07,2026-04-06,
2418,670.0,6,2,1246.68,2025-08-21,
2419,322.0,211,4,888.6,2026-03-05,
2420,1099.0,57,2,1392.5,2026-03-03,
2421,1522.0,215,4,1220.96,2026-07-23,
2422,1957.0,36,4,2951.56,2026-05-15,
2423,1783.0,106,2,168.0,2025-08-06,
2424,886.0,106,3,252.0,2026-07-07,
2425,1237.0,244,2,388.48,2026-01-07,
2426,1204.0,295,3,1250.46,2026-01-31,
2427,1468.0,104,5,775.9,2026-06-24,
2428,414.0,235,3,2674.8,2026-03-07,
2429,913.0,4,2,1374.12,2025-09-30,
2430,1239.0,33,4,618.92,2025-09-11,
2431,674.0,127,5,3953.1,2025-11-18,
2432,943.0,292,4,1176.28,2025-09-04,
2433,81.0,237,5,1830.85,2026-01-23,
2434,1324.0,47,3,948.72,2025-11-18,
2435,1435.0,234,3,1082.46,2026-01-12,
2436,1256.0,153,4,3562.52,2026-02-21,
2437,511.0,90,4,1589.72,2026-06-30,
2438,1502.0,92,5,3357.05,2025-09-14,
2439,788.0,222,4,1745.24,2026-06-06,
2440,196.0,94,5,1572.2,2025-10-31,
2441,491.0,202,1,688.8,2026-06-27,
2442,1808.0,81,3,1732.56,2025-12-09,
2443,1366.0,276,3,960.78,2026-04-03,
2444,1862.0,35,2,1767.0,2025-10-15,
2445,1561.0,253,4,1384.0,2026-07-27,
2446,756.0,284,1,499.56,2026-01-05,
2447,1034.0,40,1,71.49,2026-08-18,
2448,924.0,167,4,1725.12,2025-12-29,
2449,425.0,85,3,-85.11,2025-11-15,
2450,947.0,260,1,426.01,2026-03-05,
2451,1309.0,14,1,840.21,2026-01-15,
2452,704.0,237,4,1464.68,2026-04-01,
2453,813.0,205,2,748.08,2026-04-19,
2454,514.0,20,1,819.04,2026-03-02,
2455,670.0,59,2,124.58,2026-04-01,
2456,945.0,238,4,2350.4,2026-06-13,
2457,1124.0,35,1,883.5,2026-07-26,
2458,288.0,125,4,816.28,2025-11-09,
2459,1724.0,242,3,240.12,2026-05-03,
2460,1718.0,83,2,374.46,2026-03-18,
2461,206.0,10,5,3958.7,2026-01-05,
2462,255.0,91,3,1685.19,2026-05-02,
2463,345.0,274,4,771.08,2026-04-02,
2464,1388.0,40,1,71.49,2026-03-06,
2465,903.0,140,2,1504.08,2026-01-23,
2466,444.0,184,2,726.12,2025-12-04,
2467,443.0,18,5,364.7,2026-08-01,
2468,1714.0,227,1,474.93,2026-02-17,
2469,800.0,268,1,350.57,2025-12-31,
2470,108.0,158,4,763.72,2026-03-13,
2471,1582.0,3,1,621.67,2025-12-04,
2472,1903.0,194,2,1377.54,2026-04-29,
2473,1862.0,128,3,1458.21,2026-07-17,
2474,188.0,123,2,981.68,2026-07-07,
2475,58.0,9,4,3163.12,2025-09-09,
2476,1681.0,8,3,2612.97,2025-12-10,
2477,452.0,99,1,468.93,2025-12-15,
2478,1483.0,50,2,152.86,2026-03-21,
2479,852.0,86,1,699.58,2025-11-14,
2480,1671.0,263,-1,290.99,2025-12-04,
2481,1152.0,168,3,1931.01,2026-06-13,
2482,425.0,98,5,1016.3,2026-04-18,
2483,1923.0,278,4,2505.08,2025-08-24,
2484,476.0,220,1,366.66,2025-09-16,
2485,731.0,110,1,723.61,2025-09-22,
2486,31.0,166,2,456.9,2026-03-31,
2487,25.0,206,3,1788.51,2025-09-26,
2488,940.0,200,2,1431.58,2026-05-12,
2489,1348.0,113,1,653.69,2026-03-25,
2490,756.0,143,5,425.7,2026-04-25,
2491,1814.0,23,1,144.79,2025-10-14,
2492,618.0,112,4,1880.28,2025-08-27,
2493,1460.0,256,1,172.63,2026-06-29,
2494,352.0,275,5,3359.95,2026-04-28,
2495,1229.0,129,1,491.91,2026-06-04,
2496,1389.0,167,4,1725.12,2026-02-06,
2497,360.0,69,3,187.8,2025-12-23,
2498,139.0,163,4,2408.68,2025-11-08,
2499,1247.0,172,1,532.52,2026-05-02,
2500,784.0,300,4,2326.36,2026-07-31,
2501,1032.0,262,2,1106.72,2025-12-31,
2502,44.0,7,2,1403.44,2026-07-16,
2503,485.0,64,3,2438.58,2026-05-01,
2504,1270.0,220,2,733.32,2025-08-22,
2505,282.0,41,1,781.44,2025-12-19,
2506,608.0,192,4,1695.76,2025-09-18,
2507,770.0,104,2,310.36,2025-09-01,
2508,488.0,105,1,696.92,2026-02-05,
2509,275.0,228,3,1820.94,2025-09-04,
2510,1319.0,143,3,255.42,2026-01-16,
2511,1622.0,21,5,3790.35,2026-04-27,
2512,1538.0,213,3,1143.3,2026-05-14,
2513,1735.0,13,2,1707.84,2025-08-29,
2514,497.0,170,3,1482.69,2025-11-01,
2515,111.0,106,5,420.0,2026-06-24,
2516,1246.0,128,2,972.14,2026-03-24,
2517,659.0,196,5,1218.7,2026-03-01,
2518,1290.0,94,4,1257.76,2026-05-24,
2519,1782.0,4,1,687.06,2026-05-31,
2520,1954.0,252,1,713.85,2026-03-08,
2521,1300.0,99,1,468.93,2026-06-14,
2522,258.0,73,2,295.56,2026-01-05,
2523,1214.0,47,2,632.48,2025-10-24,
2524,484.0,282,2,1212.9,2026-01-15,
2525,873.0,260,1,426.01,2025-12-05,
2526,,240,3,2428.56,2025-11-09,
2527,869.0,102,2,163.7,2026-01-11,
2528,510.0,91,5,2808.65,2026-05-07,
2529,1181.0,156,3,2006.28,2026-04-13,
2530,557.0,230,2,1001.46,2026-10-11,
2531,1948.0,247,1,622.25,2025-09-12,
2532,774.0,185,4,568.08,2026-02-20,
2533,904.0,86,4,2798.32,2026-03-17,
2534,1249.0,217,5,1794.05,2025-11-13,
2535,1679.0,222,2,872.62,2025-12-10,
2536,1561.0,247,1,622.25,2025-12-27,
2537,1750.0,196,4,974.96,2026-03-25,
2538,1219.0,43,3,2037.72,2025-08-26,
2539,1133.0,276,2,640.52,2025-12-30,
2540,780.0,90,3,1192.29,2026-02-09,
2541,929.0,238,3,1762.8,2025-08-07,
2542,1152.0,146,4,2760.32,2025-08-24,
2543,683.0,247,1,622.25,2025-08-14,
2544,401.0,70,4,1767.88,2026-03-23,
2545,9.0,80,2,511.04,2026-04-16,
2546,1496.0,7,5,3508.6,2026-04-14,
2547,829.0,192,4,1695.76,2026-03-15,
2548,1988.0,213,4,1524.4,2025-11-29,
2549,1003.0,192,4,1695.76,2026-06-14,
2550,146.0,158,5,954.65,2025-09-26,
2551,1888.0,210,1,452.28,2025-11-29,
2552,1910.0,64,4,3251.44,2026-02-26,
2553,398.0,290,2,846.74,2026-03-18,
2554,1580.0,224,3,1471.77,2025-11-10,
2555,1453.0,179,5,2686.75,2025-10-13,
2556,1427.0,251,3,2619.81,2025-08-23,
2557,1898.0,30,4,3534.76,2025-11-26,
2558,497.0,218,2,-535.14,2026-07-28,
2559,1888.0,245,1,544.85,2025-12-29,
2560,1429.0,186,1,665.96,2025-12-28,
2561,1240.0,76,3,2100.87,2026-04-27,
2562,521.0,234,2,721.64,2026-07-07,
2563,1185.0,127,5,3953.1,2025-11-19,
2564,240.0,83,1,187.23,2026-06-06,
2565,815.0,48,4,1214.36,2026-07-21,
2566,1864.0,42,5,1374.85,2026-05-19,
2567,340.0,97,4,1014.04,2026-07-05,
2568,1417.0,219,3,881.61,2026-03-09,
2569,1982.0,155,5,1373.2,2026-03-31,
2570,1201.0,273,4,1263.08,2026-01-20,
2571,1542.0,158,4,763.72,2026-01-19,
2572,1303.0,46,1,558.11,2026-02-14,
2573,1668.0,294,3,1464.48,2026-01-11,
2574,1534.0,74,3,1280.94,2025-08-24,
2575,1432.0,108,4,2789.56,2025-12-09,
2576,345.0,158,1,190.93,2026-06-07,
2577,199.0,252,1,713.85,2026-01-21,
2578,1076.0,36,4,2951.56,2025-11-14,
2579,1502.0,214,3,2120.82,2025-10-06,
2580,362.0,221,2,522.6,2025-08-10,
2581,1442.0,192,2,847.88,2026-06-19,
2582,997.0,69,2,125.2,2026-06-08,
2583,1943.0,94,5,1572.2,2026-08-01,
2584,1162.0,57,4,2785.0,2025-12-03,
2585,412.0,109,2,301.3,2025-12-05,
2586,1658.0,31,2,694.2,2026-01-16,
2587,1848.0,99,3,1406.79,2026-07-07,
2588,1284.0,210,4,1809.12,2025-12-24,
2589,164.0,56,2,1247.98,2026-02-11,
2590,774.0,151,1,794.0,2026-05-25,
2591,132.0,64,3,2438.58,2026-01-24,
2592,1200.0,176,1,432.85,2025-12-15,
2593,994.0,121,4,1073.44,2026-03-01,
2594,126.0,52,1,352.45,2026-07-17,
2595,1363.0,137,1,743.8,2025-08-16,
2596,199.0,299,1,521.47,2026-03-14,
2597,1622.0,109,5,753.25,2026-01-27,
2598,1235.0,4,4,2748.24,2026-06-04,
2599,1909.0,267,3,831.99,2025-12-02,
2600,1551.0,249,4,1882.72,2026-05-30,
2601,880.0,173,5,3874.3,2025-12-06,
2602,1397.0,173,3,2324.58,2025-10-29,
2603,1673.0,176,3,1298.55,2025-10-18,
2604,1363.0,123,3,1472.52,2026-06-04,
2605,1251.0,205,4,1496.16,2026-02-17,
2606,,30,3,2651.07,2026-06-13,
2607,7.0,170,1,494.23,2026-03-29,
2608,1486.0,234,4,1443.28,2025-08-16,
2609,1233.0,72,1,492.1,2026-01-17,
2610,573.0,63,5,783.65,2025-09-24,
2611,926.0,128,3,1458.21,2025-11-07,
2612,847.0,244,5,971.2,2026-07-03,
2613,1307.0,97,1,253.51,2026-06-04,
2614,1298.0,165,1,633.65,2025-12-26,
2615,1986.0,185,1,142.02,2025-11-13,
2616,479.0,167,4,1725.12,2026-06-11,
2617,1514.0,249,4,1882.72,2026-01-09,
2618,877.0,42,3,824.91,2026-07-11,
2619,1504.0,244,1,194.24,2025-12-31,
2620,1244.0,198,3,1735.05,2026-06-05,
2621,1782.0,100,2,234.88,2025-09-24,
2622,1608.0,267,5,1386.65,2026-07-02,
2623,262.0,259,1,127.92,2026-04-08,
2624,618.0,255,1,726.33,2025-10-15,
2625,345.0,281,4,638.76,2026-05-31,
2626,988.0,229,1,50.19,2026-01-14,
2627,499.0,277,2,275.88,2025-12-13,
2628,1543.0,109,2,301.3,2026-05-04,
2629,891.0,46,1,558.11,2025-11-25,
2630,1903.0,15,2,943.46,2025-08-26,
2631,1570.0,168,4,2574.68,2025-09-16,
2632,1473.0,144,2,252.94,2026-01-05,
2633,1949.0,132,4,821.4,2026-04-07,
2634,1890.0,64,2,1625.72,2025-12-12,
2635,186.0,274,4,771.08,2026-03-27,
2636,1909.0,171,2,186.22,2026-03-29,
2637,133.0,295,5,2084.1,2025-12-17,
2638,1865.0,176,4,1731.4,2025-11-01,
2639,1979.0,196,5,1218.7,2026-07-30,
2640,458.0,224,2,981.18,2025-08-25,
2641,596.0,133,1,233.39,2025-08-08,
2642,183.0,45,1,728.99,2026-05-01,
2643,1920.0,175,5,3677.4,2026-08-01,
2644,1174.0,97,1,253.51,2026-04-24,
2645,1748.0,189,2,675.4,2026-01-17,
2646,1182.0,161,4,1479.48,2025-10-06,
2647,127.0,1,3,517.98,2026-07-03,
2648,1735.0,275,2,1343.98,2025-10-16,
2649,655.0,199,4,321.28,2025-09-19,
2650,1065.0,187,2,1763.0,2025-10-11,
2651,810.0,114,1,168.09,2025-10-03,
2652,1746.0,5,5,1530.7,2025-11-27,
2653,297.0,236,3,1806.63,2025-10-14,
2654,1024.0,152,2,1676.94,2026-05-27,
2655,1232.0,234,2,721.64,2026-06-10,
2656,1530.0,146,2,1380.16,2026-01-27,
2657,656.0,18,5,364.7,2026-01-18,
2658,1411.0,159,5,572.95,2026-07-13,
2659,1737.0,64,3,2438.58,2026-02-06,
2660,1293.0,294,4,1952.64,2026-05-01,
2661,597.0,111,4,2757.08,2026-04-17,
2662,1660.0,193,-1,385.95,2026-02-05,
2663,1696.0,171,2,186.22,2025-12-03,
2664,1435.0,108,2,1394.78,2026-01-07,
2665,1755.0,27,2,493.78,2025-09-26,
2666,,250,4,1663.6,2026-05-28,
2667,1123.0,82,1,472.21,2025-12-05,
2668,866.0,201,3,1173.3,2026-03-31,
2669,1552.0,243,3,2440.23,2025-08-31,
2670,148.0,201,4,1564.4,2026-01-03,
2671,579.0,271,3,2291.37,2025-08-15,
2672,807.0,100,5,587.2,2025-09-14,
2673,663.0,50,2,152.86,2025-09-04,
2674,1741.0,298,1,483.75,2025-10-12,
2675,1341.0,156,4,2675.04,2025-11-22,
2676,282.0,84,5,3822.9,2026-05-07,
2677,597.0,227,4,1899.72,2025-09-12,
2678,447.0,75,2,1590.1,2025-09-09,
2679,742.0,101,1,871.35,2025-12-27,
2680,1390.0,295,1,416.82,2026-07-24,
2681,1947.0,76,4,2801.16,2026-07-01,
2682,1897.0,219,2,587.74,2026-02-16,
2683,729.0,29,1,375.79,2026-06-17,
2684,1936.0,243,2,1626.82,2025-11-10,
2685,1056.0,27,1,246.89,2026-02-28,
2686,889.0,174,5,3282.75,2026-06-10,
2687,502.0,77,4,3020.0,2026-02-21,
2688,494.0,18,1,72.94,2026-04-10,
2689,620.0,204,4,2094.6,2026-01-02,
2690,1589.0,89,4,411.04,2025-08-28,
2691,1772.0,46,4,2232.44,2025-08-07,
2692,1296.0,196,3,731.22,2026-05-27,
2693,24.0,228,3,1820.94,2026-07-22,
2694,170.0,62,1,636.82,2026-03-01,
2695,1314.0,63,4,626.92,2025-08-10,
2696,48.0,261,2,257.66,2025-09-16,
2697,983.0,294,5,2440.8,2026-02-05,
2698,1627.0,141,1,158.05,2026-03-21,
2699,992.0,93,4,2776.68,2026-02-21,
2700,1171.0,223,3,1978.41,2026-01-05,
2701,667.0,65,-1,614.34,2026-02-07,
2702,379.0,33,5,773.65,2026-05-08,
2703,807.0,208,1,364.36,2026-02-13,
2704,1605.0,285,5,3600.1,2026-03-10,
2705,131.0,272,4,1311.48,2025-09-23,
2706,1104.0,266,5,2320.45,2025-10-20,
2707,1978.0,64,2,1625.72,2026-07-10,
2708,1766.0,61,2,1290.94,2025-09-04,
2709,1137.0,93,1,694.17,2025-10-11,
2710,252.0,229,3,150.57,2026-03-17,
2711,1178.0,21,2,1516.14,2026-03-24,
2712,180.0,106,2,168.0,2026-07-13,
2713,1744.0,288,3,2614.38,2026-08-05,
2714,256.0,18,1,72.94,2026-08-19,
2715,745.0,260,3,1278.03,2026-01-24,
2716,867.0,279,2,1701.92,2026-08-01,
2717,616.0,1,2,345.32,2026-06-06,
2718,1853.0,24,5,470.05,2026-07-19,
2719,912.0,151,5,3970.0,2025-08-10,
2720,1005.0,72,5,2460.5,2026-08-01,
2721,1866.0,161,5,1849.35,2026-06-12,
2722,1103.0,181,-5,4440.4,2025-11-19,
2723,1409.0,262,2,1106.72,2026-01-25,
2724,486.0,51,1,276.12,2025-09-26,
2725,291.0,19,2,1385.2,2026-05-10,
2726,1961.0,154,2,1609.52,2026-01-10,
2727,1131.0,69,5,313.0,2026-06-08,
2728,736.0,111,5,3446.35,2025-11-15,
2729,1494.0,143,2,170.28,2026-07-02,
2730,1127.0,217,1,358.81,2025-10-07,
2731,782.0,131,3,1863.75,2026-09-10,
2732,935.0,84,4,3058.32,2026-06-16,
2733,1386.0,43,3,2037.72,2026-01-17,
2734,1098.0,218,2,-535.14,2025-09-03,
2735,1290.0,105,1,696.92,2025-10-01,
2736,1464.0,138,2,574.72,2026-05-15,
2737,1347.0,191,5,1234.85,2025-09-17,
2738,336.0,262,5,2766.8,2026-07-28,
2739,648.0,215,2,610.48,2025-10-07,
2740,54.0,223,4,2637.88,2025-08-25,
2741,554.0,127,1,790.62,2025-10-23,
2742,226.0,64,5,4064.3,2026-02-26,
2743,136.0,281,4,638.76,2025-11-10,
2744,744.0,169,1,695.2,2025-11-01,
2745,300.0,171,3,279.33,2026-05-17,
2746,21.0,116,3,2675.79,2026-05-27,
2747,1985.0,51,4,1104.48,2026-07-14,
2748,,114,4,672.36,2026-02-06,
2749,360.0,54,1,97.82,2025-12-15,
2750,1206.0,270,3,469.56,2025-11-01,
2751,1084.0,251,1,873.27,2026-01-19,
2752,1773.0,179,5,2686.75,2025-12-17,
2753,556.0,145,5,1949.7,2026-05-02,
2754,350.0,51,1,276.12,2026-03-21,
2755,371.0,163,4,2408.68,2026-05-15,
2756,1130.0,177,5,3092.9,2026-01-01,
2757,1214.0,207,4,2002.6,2026-07-07,
2758,20.0,66,3,2419.65,2026-05-24,
2759,1347.0,263,2,581.98,2026-02-27,
2760,776.0,65,2,1228.68,2025-08-23,
2761,109.0,291,3,1010.01,2026-01-31,
2762,1389.0,190,2,135.42,2026-03-08,
2763,375.0,215,4,1220.96,2025-12-19,
2764,1636.0,225,3,2091.99,2026-06-19,
2765,588.0,240,5,4047.6,2026-04-08,
2766,1067.0,142,4,994.04,2025-10-09,
2767,1302.0,118,3,1948.56,2025-12-26,
2768,833.0,45,3,2186.97,2025-11-15,
2769,1300.0,161,-1,369.87,2026-02-20,
2770,1495.0,41,1,781.44,2025-10-11,
2771,339.0,123,1,490.84,2025-12-03,
2772,174.0,295,1,416.82,2025-09-23,
2773,1904.0,147,5,2977.35,2025-09-21,
2774,1971.0,253,1,346.0,2026-04-22,
2775,1910.0,218,5,-1337.85,2026-03-09,
2776,1020.0,70,4,1767.88,2026-05-01,
2777,1430.0,264,5,2659.45,2026-05-23,
2778,29.0,64,4,3251.44,2025-11-03,
2779,1463.0,98,1,203.26,2026-02-16,
2780,1536.0,218,5,-1337.85,2025-12-08,
2781,1514.0,177,2,1237.16,2026-07-12,
2782,87.0,271,5,3818.95,2025-11-11,
2783,1382.0,230,2,1001.46,2025-12-23,
2784,359.0,269,2,1101.34,2026-06-10,
2785,1720.0,39,3,2671.95,2026-05-24,
2786,724.0,69,5,313.0,2025-11-17,
2787,1015.0,27,4,987.56,2026-08-22,
2788,765.0,195,2,482.76,2025-08-17,
2789,1872.0,58,3,1146.93,2026-04-24,
2790,1743.0,128,5,2430.35,2026-01-18,
2791,613.0,61,3,1936.41,2025-11-11,
2792,543.0,248,3,2069.46,2025-12-01,
2793,1512.0,110,1,723.61,2026-04-15,
2794,446.0,292,4,1176.28,2025-12-25,
2795,1692.0,157,5,260.55,2025-11-23,
2796,1828.0,19,4,2770.4,2026-04-15,
2797,729.0,250,1,415.9,2026-02-02,
2798,943.0,4,5,3435.3,2025-12-14,
2799,725.0,169,3,2085.6,2026-05-19,
2800,717.0,55,1,856.54,2025-09-30,
2801,727.0,96,4,1158.32,2026-07-08,
2802,883.0,5,1,306.14,2025-10-20,
2803,174.0,252,2,1427.7,2026-06-29,
2804,1841.0,271,5,3818.95,2026-07-12,
2805,254.0,79,4,1350.32,2025-09-03,
2806,319.0,250,1,415.9,2025-09-17,
2807,964.0,129,2,983.82,2025-09-28,
2808,613.0,203,3,895.89,2025-10-19,
2809,1828.0,187,4,3526.0,2025-10-03,
2810,1663.0,94,5,1572.2,2026-08-02,
2811,899.0,138,1,287.36,2026-05-08,
2812,287.0,225,0,1394.66,2026-01-25,
2813,12.0,182,4,1566.52,2025-11-23,
2814,227.0,184,2,726.12,2026-05-30,
2815,83.0,98,3,609.78,2026-03-01,
2816,863.0,69,4,250.4,2026-03-31,
2817,329.0,170,1,494.23,2026-05-29,
2818,1966.0,102,4,327.4,2026-05-18,
2819,863.0,137,1,743.8,2026-05-15,
2820,1015.0,251,5,4366.35,2026-02-11,
2821,1539.0,66,3,2419.65,2026-04-26,
2822,1487.0,205,5,1870.2,2026-08-05,
2823,225.0,200,2,1431.58,2026-04-03,
2824,259.0,56,1,623.99,2026-05-16,
2825,1025.0,80,3,766.56,2026-06-17,
2826,107.0,7,2,1403.44,2025-09-06,
2827,2000.0,176,4,1731.4,2026-01-27,
2828,984.0,5,4,1224.56,2026-01-22,
2829,996.0,149,3,2396.19,2026-07-20,
2830,508.0,43,4,2716.96,2026-06-01,
2831,383.0,79,-5,1687.9,2026-01-06,
2832,1571.0,128,3,1458.21,2026-05-28,
2833,1436.0,59,3,186.87,2025-10-24,
2834,407.0,127,4,3162.48,2025-11-07,
2835,1436.0,243,1,813.41,2026-04-20,
2836,372.0,258,5,4254.75,2025-11-26,
2837,1289.0,97,5,1267.55,2026-04-12,
2838,247.0,77,2,1510.0,2026-04-11,
2839,79.0,68,4,3548.84,2026-04-25,
2840,1903.0,141,2,316.1,2026-05-20,
2841,37.0,75,4,3180.2,2025-10-08,
2842,1771.0,103,1,285.74,2026-02-11,
2843,835.0,27,4,987.56,2025-10-09,
2844,1434.0,269,3,1652.01,2025-08-16,
2845,689.0,119,2,713.58,2025-10-18,
2846,126.0,219,4,1175.48,2026-07-07,
2847,1319.0,262,4,2213.44,2026-06-24,
2848,226.0,27,3,740.67,2026-03-08,
2849,575.0,138,3,862.08,2026-03-02,
2850,506.0,180,4,2569.32,2025-12-30,
2851,373.0,164,1,440.24,2026-04-28,
2852,107.0,21,1,758.07,2025-10-09,
2853,585.0,165,2,1267.3,2026-06-19,
2854,1861.0,242,3,240.12,2025-09-02,
2855,379.0,52,4,1409.8,2026-07-19,
2856,745.0,130,4,3297.72,2026-02-05,
2857,229.0,172,3,1597.56,2025-12-20,
2858,1399.0,50,1,76.43,2026-05-09,
2859,679.0,283,2,852.4,2026-08-17,
2860,1522.0,185,3,426.06,2026-04-16,
2861,762.0,271,5,3818.95,2026-03-03,
2862,431.0,122,3,1981.2,2025-08-28,
2863,179.0,300,4,2326.36,2026-06-12,
2864,1290.0,55,2,1713.08,2026-06-29,
2865,1202.0,62,1,636.82,2025-08-31,
2866,1444.0,98,2,406.52,2026-03-28,
2867,154.0,229,1,50.19,2026-06-05,
2868,703.0,280,5,3774.5,2026-01-02,
2869,1559.0,155,4,1098.56,2025-11-08,
2870,1477.0,104,5,775.9,2026-06-22,
2871,262.0,79,1,337.58,2025-08-21,
2872,1128.0,99,4,1875.72,2025-11-12,
2873,1998.0,130,5,4122.15,2025-12-10,
2874,919.0,178,3,1141.56,2026-05-09,
2875,139.0,61,4,2581.88,2026-04-08,
2876,1073.0,248,4,2759.28,2025-10-19,
2877,342.0,258,1,850.95,2025-08-17,
2878,594.0,141,2,316.1,2026-01-02,
2879,125.0,24,5,470.05,2026-03-29,
2880,1014.0,98,4,813.04,2026-06-08,
2881,1990.0,273,5,1578.85,2025-11-02,
2882,897.0,39,2,1781.3,2025-12-09,
2883,1152.0,261,4,515.32,2026-05-11,
2884,1244.0,200,4,2863.16,2026-03-04,
2885,377.0,140,2,1504.08,2026-02-16,
2886,1172.0,2,2,1320.44,2026-06-23,
2887,1427.0,112,5,2350.35,2025-09-30,
2888,933.0,5,5,1530.7,2025-11-16,
2889,531.0,258,5,4254.75,2026-04-04,
2890,607.0,156,2,1337.52,2026-07-18,
2891,244.0,138,5,1436.8,2025-11-02,
2892,94.0,88,2,910.66,2025-12-11,
2893,598.0,274,2,385.54,2026-06-30,
2894,1930.0,21,2,1516.14,2025-11-02,
2895,554.0,143,2,170.28,2026-07-13,
2896,1687.0,27,2,493.78,2025-12-01,
2897,238.0,108,5,3486.95,2025-08-09,
2898,1296.0,1,3,517.98,2025-08-18,
2899,171.0,189,3,1013.1,2026-07-04,
2900,1479.0,282,3,1819.35,2026-07-28,
2901,1840.0,69,4,250.4,2026-07-06,
2902,118.0,151,3,2382.0,2026-05-03,
2903,450.0,6,3,1870.02,2026-06-06,
2904,525.0,144,2,252.94,2026-04-08,
2905,1347.0,9,5,3953.9,2026-05-19,
2906,1480.0,299,1,521.47,2025-09-14,
2907,1782.0,196,3,731.22,2026-02-20,
2908,1673.0,283,2,852.4,2025-08-31,
2909,665.0,227,2,949.86,2026-05-09,
2910,,138,2,574.72,2026-07-09,
2911,914.0,203,2,597.26,2026-01-05,
2912,755.0,119,4,1427.16,2026-01-23,
2913,192.0,76,4,2801.16,2026-02-05,
2914,941.0,254,2,1249.08,2026-02-17,
2915,387.0,95,2,853.3,2025-11-24,
2916,1932.0,292,4,1176.28,2026-02-20,
2917,44.0,93,3,2082.51,2026-07-22,
2918,,159,2,229.18,2025-08-31,
2919,1408.0,91,4,2246.92,2026-06-28,
2920,294.0,97,1,253.51,2026-01-17,
2921,503.0,37,4,287.24,2025-12-17,
2922,206.0,233,4,2964.32,2025-10-10,
2923,1489.0,270,2,313.04,2025-11-21,
2924,205.0,7,5,3508.6,2025-11-11,
2925,43.0,194,4,2755.08,2025-11-11,
2926,1564.0,57,1,696.25,2026-07-27,
2927,509.0,23,2,289.58,2026-04-22,
2928,293.0,43,3,2037.72,2025-12-22,
2929,1962.0,7,1,701.72,2025-11-14,
2930,1508.0,55,5,4282.7,2025-11-14,
2931,415.0,174,1,656.55,2026-01-18,
2932,1556.0,72,4,1968.4,2025-08-25,
2933,1671.0,289,4,196.28,2026-06-21,
2934,680.0,84,3,2293.74,2026-02-27,
2935,500.0,246,2,359.42,2025-10-25,
2936,1418.0,29,5,1878.95,2026-06-19,
2937,253.0,137,5,3719.0,2026-02-28,
2938,211.0,11,1,285.15,2026-07-12,
2939,211.0,279,3,2552.88,2025-12-23,
2940,291.0,262,4,2213.44,2026-04-29,
2941,50.0,1,2,345.32,2025-08-30,
2942,790.0,117,4,1905.16,2026-02-05,
2943,1343.0,76,3,2100.87,2026-03-27,
2944,1888.0,147,2,1190.94,2026-04-02,
2945,1008.0,197,1,395.66,2025-10-28,
2946,460.0,87,1,468.31,2026-01-26,
2947,732.0,53,3,2309.58,2026-05-05,
2948,684.0,40,5,357.45,2026-06-05,
2949,1891.0,61,3,1936.41,2026-03-07,
2950,1239.0,44,1,466.73,2025-09-15,
2951,878.0,78,2,363.22,2025-08-11,
2952,1229.0,272,3,983.61,2026-04-11,
2953,308.0,93,4,2776.68,2026-04-28,
2954,1675.0,155,5,1373.2,2026-04-14,
2955,1793.0,147,3,1786.41,2026-05-25,
2956,1877.0,54,3,293.46,2026-07-24,
2957,1911.0,256,3,517.89,2026-06-11,
2958,1616.0,136,1,533.19,2026-05-13,
2959,1593.0,2,2,1320.44,2026-04-22,
2960,303.0,76,3,2100.87,2025-12-07,
2961,1478.0,200,4,2863.16,2025-11-06,
2962,232.0,245,1,544.85,2026-04-11,
2963,1966.0,296,4,1192.92,2026-03-24,
2964,186.0,143,2,170.28,2025-09-21,
2965,373.0,166,2,456.9,2025-10-01,
2966,654.0,198,3,1735.05,2026-03-01,
2967,986.0,254,4,2498.16,2026-01-29,
2968,1626.0,212,5,-1546.25,2026-02-16,
2969,1643.0,171,2,186.22,2026-02-20,
2970,858.0,126,4,680.92,2026-04-18,
2971,1104.0,282,4,2425.8,2025-11-12,
2972,1091.0,274,4,771.08,2026-07-10,
2973,788.0,275,2,1343.98,2026-03-02,
2974,1465.0,43,5,3396.2,2026-05-17,
2975,1184.0,216,5,2203.8,2026-01-01,
2976,482.0,113,1,653.69,2026-06-13,
2977,417.0,186,1,665.96,2026-04-03,
2978,1144.0,9,3,2372.34,2026-03-13,
2979,1887.0,243,2,1626.82,2026-08-08,
2980,1867.0,57,1,696.25,2026-01-17,
2981,1739.0,179,3,1612.05,2026-03-20,
2982,943.0,72,3,1476.3,2026-02-25,
2983,1991.0,74,5,2134.9,2026-02-20,
2984,432.0,216,2,881.52,2026-06-02,
2985,1530.0,115,1,840.98,2025-10-04,
2986,1971.0,71,1,96.54,2026-07-14,
2987,1502.0,74,4,1707.92,2026-07-15,
2988,762.0,14,4,3360.84,2026-05-28,
2989,1358.0,28,1,490.2,2026-04-30,
2990,977.0,298,1,483.75,2026-03-25,
2991,301.0,81,0,577.52,2025-08-28,
2992,162.0,188,2,994.92,2025-12-01,
2993,26.0,126,1,170.23,2025-12-05,
2994,307.0,292,4,1176.28,2026-02-07,
2995,1523.0,94,4,1257.76,2026-03-17,
2996,1431.0,72,5,2460.5,2026-05-05,
2997,843.0,154,4,3219.04,2025-09-25,
2998,1601.0,173,4,3099.44,2026-06-26,
2999,228.0,7,3,2105.16,2026-02-07,
3000,1805.0,80,1,255.52,2025-09-14,
3001,1539.0,17,5,3808.45,2025-11-19,
3002,329.0,89,5,513.8,2026-06-27,
3003,1706.0,6,4,2493.36,2026-01-26,
3004,1135.0,217,4,1435.24,2026-04-26,
3005,1028.0,133,5,1166.95,2025-09-27,
3006,868.0,157,2,104.22,2025-11-11,
3007,1993.0,81,3,1732.56,2025-12-29,
3008,774.0,48,5,1517.95,2025-11-03,
3009,821.0,65,2,1228.68,2025-08-19,
3010,804.0,29,2,751.58,2026-06-15,
3011,1240.0,95,5,2133.25,2025-09-08,
3012,978.0,40,4,285.96,2026-07-05,
3013,1695.0,161,4,1479.48,2026-05-15,
3014,112.0,195,2,482.76,2026-03-25,
3015,399.0,191,4,987.88,2026-03-02,
3016,214.0,139,1,604.14,2026-05-22,
3017,1236.0,40,3,214.47,2025-12-31,
3018,491.0,172,1,532.52,2026-05-07,
3019,1110.0,145,2,779.88,2025-11-11,
3020,434.0,55,1,856.54,2025-10-11,
3021,385.0,6,3,1870.02,2025-11-17,
3022,1308.0,283,2,852.4,2025-09-25,
3023,552.0,17,2,1523.38,2026-07-22,
3024,1157.0,44,5,2333.65,2025-10-23,
3025,1619.0,23,5,723.95,2026-06-23,
3026,99.0,248,1,689.82,2026-03-09,
3027,1933.0,162,1,299.67,2026-04-13,
3028,731.0,159,1,114.59,2025-10-31,
3029,1025.0,145,4,1559.76,2026-03-23,
3030,1540.0,100,-3,352.32,2026-01-26,
3031,1995.0,201,3,1173.3,2025-10-07,
3032,679.0,67,1,722.58,2026-02-23,
3033,207.0,209,5,3956.55,2025-11-04,
3034,49.0,258,2,1701.9,2025-11-05,
3035,1201.0,196,4,974.96,2026-03-13,
3036,331.0,20,3,2457.12,2026-06-08,
3037,162.0,78,4,726.44,2025-09-14,
3038,1812.0,48,2,607.18,2025-10-02,
3039,1575.0,111,2,1378.54,2025-09-17,
3040,1058.0,83,5,936.15,2026-04-12,
3041,917.0,268,3,1051.71,2026-04-18,
3042,596.0,68,3,2661.63,2026-03-06,
3043,1753.0,185,5,710.1,2026-02-15,
3044,1825.0,221,1,261.3,2025-08-16,
3045,428.0,199,2,160.64,2026-01-04,
3046,1162.0,39,2,1781.3,2026-07-28,
3047,1649.0,255,1,726.33,2026-06-18,
3048,1570.0,8,2,1741.98,2025-10-05,
3049,1777.0,159,5,572.95,2026-07-13,
3050,193.0,45,4,2915.96,2026-03-13,
3051,,233,3,2223.24,2025-10-25,
3052,140.0,152,2,1676.94,2025-10-10,
3053,745.0,144,5,632.35,2026-02-21,
3054,146.0,181,1,888.08,2026-07-07,
3055,529.0,92,4,2685.64,2026-02-20,
3056,1563.0,243,3,2440.23,2026-07-29,
3057,1925.0,227,2,949.86,2025-08-24,
3058,1000.0,64,5,4064.3,2026-05-08,
3059,1760.0,21,3,2274.21,2026-03-17,
3060,838.0,147,4,2381.88,2026-03-09,
3061,752.0,67,4,2890.32,2026-07-29,
3062,1950.0,263,5,1454.95,2025-10-26,
3063,171.0,161,3,1109.61,2025-10-09,
3064,922.0,212,5,-1546.25,2025-09-30,
3065,1272.0,135,1,-34.6,2025-09-21,
3066,1434.0,30,2,1767.38,2025-08-22,
3067,317.0,288,1,871.46,2026-06-17,
3068,770.0,54,3,293.46,2025-09-19,
3069,818.0,82,5,2361.05,2025-08-10,
3070,796.0,38,2,1603.56,2025-10-15,
3071,715.0,237,1,366.17,2025-11-02,
3072,1316.0,239,4,3067.92,2025-10-12,
3073,224.0,274,4,771.08,2026-07-16,
3074,1499.0,44,2,933.46,2025-08-05,
3075,1574.0,56,4,2495.96,2025-08-11,
3076,823.0,222,2,872.62,2025-08-29,
3077,650.0,169,1,695.2,2026-04-30,
3078,996.0,176,5,2164.25,2026-02-23,
3079,235.0,109,4,602.6,2026-01-01,
3080,79.0,143,4,340.56,2026-01-31,
3081,1943.0,280,2,1509.8,2026-01-20,
3082,1312.0,241,2,1630.18,2025-12-30,
3083,1164.0,110,3,2170.83,2025-09-18,
3084,1586.0,17,5,3808.45,2025-08-22,
3085,1918.0,195,1,241.38,2026-07-24,
3086,970.0,186,4,2663.84,2025-08-16,
3087,434.0,110,1,723.61,2026-02-18,
3088,553.0,12,4,3274.24,2026-06-27,
3089,172.0,130,2,1648.86,2026-04-07,
3090,561.0,73,1,147.78,2026-03-24,
3091,611.0,208,1,364.36,2026-04-22,
3092,1075.0,232,4,1963.88,2026-07-08,
3093,377.0,110,3,2170.83,2026-03-09,
3094,1833.0,28,1,490.2,2026-07-28,
3095,1973.0,220,3,1099.98,2026-06-12,
3096,407.0,153,2,1781.26,2026-04-24,
3097,987.0,179,4,2149.4,2026-02-07,
3098,1411.0,244,5,971.2,2026-05-09,
3099,727.0,83,4,748.92,2026-01-01,
3100,1686.0,293,4,1358.24,2025-09-21,
3101,1604.0,6,5,3116.7,2025-08-09,
3102,1481.0,102,1,81.85,2026-03-05,
3103,297.0,297,5,2986.25,2025-09-06,
3104,30.0,166,3,685.35,2026-06-18,
3105,1913.0,78,4,726.44,2025-11-27,
3106,1771.0,76,4,2801.16,2025-10-17,
3107,1623.0,163,1,602.17,2025-12-27,
3108,1067.0,209,3,2373.93,2026-01-01,
3109,1932.0,2,4,2640.88,2026-06-10,
3110,1309.0,65,4,2457.36,2025-09-10,
3111,75.0,297,1,597.25,2025-11-25,
3112,861.0,112,2,940.14,2025-08-28,
3113,1231.0,280,2,1509.8,2026-07-27,
3114,713.0,194,2,1377.54,2026-05-13,
3115,1991.0,108,2,1394.78,2025-11-04,
3116,759.0,296,1,298.23,2026-07-19,
3117,619.0,187,1,881.5,2026-03-07,
3118,1678.0,158,5,954.65,2025-11-25,
3119,1329.0,64,4,3251.44,2026-07-31,
3120,841.0,234,4,1443.28,2025-12-07,
3121,1697.0,181,3,2664.24,2026-04-14,
3122,1072.0,278,4,2505.08,2025-11-07,
3123,1898.0,172,1,532.52,2026-04-10,
3124,878.0,91,4,2246.92,2025-09-07,
3125,1133.0,192,2,847.88,2026-03-21,
3126,893.0,84,5,3822.9,2026-02-19,
3127,1731.0,196,3,731.22,2026-05-25,
3128,1438.0,224,3,1471.77,2025-08-23,
3129,1651.0,51,1,276.12,2026-06-06,
3130,1331.0,54,1,97.82,2026-02-08,
3131,1910.0,9,5,3953.9,2025-11-20,
3132,1017.0,211,1,222.15,2026-01-15,
3133,1298.0,279,1,850.96,2026-06-05,
3134,1191.0,228,5,3034.9,2026-05-23,
3135,1745.0,17,3,2285.07,2026-05-29,
3136,457.0,216,2,881.52,2026-07-03,
3137,781.0,233,5,3705.4,2026-03-06,
3138,1754.0,59,2,124.58,2026-04-11,
3139,719.0,241,1,815.09,2025-09-27,
3140,1860.0,238,4,2350.4,2025-10-19,
3141,1925.0,203,1,298.63,2026-09-30,
3142,1040.0,192,2,847.88,2025-12-03,
3143,1802.0,146,3,2070.24,2026-01-10,
3144,1718.0,136,3,1599.57,2026-07-07,
3145,9.0,213,2,762.2,2026-03-21,
3146,32.0,213,1,381.1,2025-12-05,
3147,1619.0,14,2,1680.42,2026-06-24,
3148,1680.0,192,5,2119.7,2026-04-24,
3149,350.0,163,3,1806.51,2026-06-07,
3150,496.0,293,4,1358.24,2025-09-11,
3151,395.0,285,4,2880.08,2025-08-18,
3152,1642.0,202,1,688.8,2025-08-06,
3153,264.0,296,4,1192.92,2025-10-21,
3154,826.0,200,2,1431.58,2026-05-16,
3155,325.0,163,5,3010.85,2026-06-01,
3156,204.0,224,2,981.18,2025-08-11,
3157,243.0,65,5,3071.7,2026-01-29,
3158,1727.0,296,4,1192.92,2026-06-25,
3159,326.0,134,5,3168.05,2026-05-23,
3160,,166,2,456.9,2026-01-09,
3161,896.0,48,1,303.59,2026-07-26,
3162,314.0,6,5,3116.7,2025-10-14,
3163,1450.0,15,5,2358.65,2025-08-06,
3164,1172.0,279,1,850.96,2025-12-26,
3165,1521.0,196,1,243.74,2026-06-18,
3166,1300.0,67,4,2890.32,2026-06-17,
3167,491.0,184,2,726.12,2025-11-21,
3168,397.0,114,3,504.27,2025-12-10,
3169,1488.0,275,2,1343.98,2026-05-20,
3170,1351.0,194,3,2066.31,2026-03-21,
3171,170.0,27,3,740.67,2025-12-30,
3172,1308.0,74,1,426.98,2026-01-21,
3173,228.0,297,1,597.25,2026-06-24,
3174,252.0,236,5,3011.05,2025-09-02,
3175,579.0,55,2,1713.08,2025-12-11,
3176,191.0,135,2,-69.2,2025-08-12,
3177,1730.0,40,4,285.96,2026-07-21,
3178,801.0,186,2,1331.92,2026-04-29,
3179,1630.0,52,4,1409.8,2025-08-22,
3180,151.0,12,4,3274.24,2026-01-21,
3181,431.0,250,1,415.9,2026-01-20,
3182,1823.0,215,4,1220.96,2026-07-19,
3183,1656.0,161,4,1479.48,2026-04-21,
3184,612.0,83,2,374.46,2026-01-03,
3185,1351.0,6,2,1246.68,2026-01-15,
3186,1751.0,291,5,1683.35,2025-11-17,
3187,1999.0,17,1,761.69,2025-09-09,
3188,992.0,176,3,1298.55,2025-09-02,
3189,325.0,280,1,754.9,2025-08-10,
3190,1898.0,268,3,1051.71,2026-07-22,
3191,1242.0,63,2,313.46,2026-04-13,
3192,48.0,16,5,1812.1,2026-01-04,
3193,1559.0,266,-5,2320.45,2026-07-26,
3194,1776.0,79,2,675.16,2025-12-27,
3195,1841.0,187,1,881.5,2025-11-29,
3196,671.0,112,1,470.07,2026-07-07,
3197,171.0,71,2,193.08,2025-09-07,
3198,561.0,65,3,1843.02,2026-05-07,
3199,1953.0,247,2,1244.5,2025-09-09,
3200,1451.0,48,3,910.77,2026-05-05,
3201,957.0,283,3,1278.6,2026-06-27,
3202,1050.0,254,4,2498.16,2026-07-17,
3203,513.0,205,2,748.08,2025-10-31,
3204,1408.0,89,2,205.52,2025-11-22,
3205,211.0,144,4,505.88,2025-08-05,
3206,639.0,299,5,2607.35,2026-06-14,
3207,1954.0,85,2,-56.74,2026-01-25,
3208,1809.0,250,0,1663.6,2026-03-03,
3209,1222.0,229,4,200.76,2025-12-08,
3210,1276.0,140,3,2256.12,2025-09-13,
3211,785.0,56,5,3119.95,2026-01-06,
3212,1162.0,220,2,733.32,2026-03-31,
3213,1839.0,181,3,2664.24,2026-06-18,
3214,343.0,33,4,618.92,2026-07-29,
3215,519.0,18,5,364.7,2026-07-26,
3216,1237.0,210,3,1356.84,2026-03-22,
3217,816.0,272,3,983.61,2025-11-17,
3218,369.0,16,1,362.42,2026-05-31,
3219,1620.0,166,4,913.8,2026-04-02,
3220,503.0,96,3,868.74,2026-02-03,
3221,1346.0,38,2,1603.56,2025-08-21,
3222,298.0,191,3,740.91,2026-02-24,
3223,20.0,161,1,369.87,2026-03-31,
3224,1469.0,164,1,440.24,2025-08-10,
3225,954.0,169,2,1390.4,2025-12-25,
3226,1841.0,291,3,1010.01,2026-06-01,
3227,136.0,120,5,3626.05,2026-03-11,
3228,1233.0,198,3,1735.05,2026-05-27,
3229,446.0,109,5,753.25,2025-10-19,
3230,570.0,53,5,3849.3,2026-01-18,
3231,1829.0,39,0,4453.25,2026-01-14,
3232,651.0,216,4,1763.04,2026-03-05,
3233,404.0,164,2,880.48,2025-10-22,
3234,1022.0,26,4,1161.96,2025-11-27,
3235,863.0,24,3,282.03,2026-03-08,
3236,,62,1,636.82,2025-09-28,
3237,670.0,88,5,2276.65,2025-12-29,
3238,1181.0,197,2,791.32,2026-02-28,
3239,37.0,11,3,855.45,2026-05-13,
3240,1868.0,295,1,416.82,2026-10-20,
3241,269.0,237,3,1098.51,2026-03-12,
3242,1835.0,207,1,500.65,2026-04-03,
3243,81.0,274,5,963.85,2026-01-09,
3244,143.0,173,1,774.86,2025-10-05,
3245,1700.0,241,1,815.09,2026-01-02,
3246,563.0,213,3,1143.3,2026-03-28,
3247,820.0,163,3,1806.51,2026-01-30,
3248,1587.0,41,5,3907.2,2026-06-05,
3249,1255.0,161,4,1479.48,2025-08-10,
3250,612.0,25,4,2333.92,2026-02-26,
3251,1739.0,233,4,2964.32,2025-11-03,
3252,1921.0,63,3,470.19,2026-03-02,
3253,459.0,53,1,769.86,2026-01-20,
3254,285.0,25,1,583.48,2026-03-09,
3255,1765.0,54,3,293.46,2026-03-08,
3256,349.0,224,2,981.18,2026-02-22,
3257,1483.0,46,2,1116.22,2026-07-19,
3258,11.0,189,5,1688.5,2026-04-08,
3259,1810.0,27,3,740.67,2026-03-12,
3260,99.0,23,1,144.79,2025-09-19,
3261,541.0,156,1,668.76,2026-02-04,
3262,1622.0,169,5,3476.0,2026-02-26,
3263,1431.0,195,3,724.14,2026-04-26,
3264,1195.0,88,2,910.66,2026-04-18,
3265,259.0,236,1,602.21,2026-04-10,
3266,1543.0,164,2,880.48,2026-02-09,
3267,1305.0,300,4,2326.36,2026-06-04,
3268,1069.0,229,1,50.19,2026-03-31,
3269,1184.0,271,2,1527.58,2025-09-02,
3270,2000.0,245,4,2179.4,2025-12-24,
3271,1583.0,144,3,379.41,2025-08-16,
3272,189.0,248,2,1379.64,2025-12-27,
3273,1457.0,136,3,1599.57,2026-06-12,
3274,1144.0,43,3,2037.72,2026-03-22,
3275,1424.0,125,2,408.14,2026-01-18,
3276,1991.0,40,1,71.49,2025-10-14,
3277,436.0,254,1,624.54,2025-12-23,
3278,959.0,7,2,1403.44,2026-01-28,
3279,999.0,198,2,1156.7,2026-06-28,
3280,428.0,54,3,293.46,2025-09-04,
3281,1759.0,271,5,3818.95,2026-03-14,
3282,1452.0,161,3,1109.61,2026-01-28,
3283,1737.0,233,2,1482.16,2026-07-19,
3284,1873.0,259,1,127.92,2025-12-29,
3285,1878.0,67,2,1445.16,2025-08-14,
3286,1997.0,187,4,3526.0,2026-05-01,
3287,1052.0,232,5,2454.85,2026-03-23,
3288,385.0,104,4,620.72,2025-11-04,
3289,867.0,36,3,2213.67,2025-09-23,
3290,1949.0,85,3,-85.11,2025-08-13,
3291,302.0,296,1,298.23,2025-09-07,
3292,1526.0,237,1,366.17,2025-09-25,
3293,34.0,57,2,1392.5,2026-01-19,
3294,547.0,236,2,1204.42,2026-07-13,
3295,1356.0,15,4,1886.92,2026-05-04,
3296,721.0,272,4,1311.48,2026-05-28,
3297,1899.0,136,1,533.19,2025-12-22,
3298,726.0,282,1,606.45,2026-01-28,
3299,309.0,221,2,522.6,2026-06-30,
3300,883.0,204,5,2618.25,2026-04-07,
3301,109.0,261,3,386.49,2026-02-23,
3302,758.0,226,3,295.35,2026-03-17,
3303,1329.0,51,1,276.12,2026-03-10,
3304,398.0,196,4,974.96,2026-06-23,
3305,825.0,151,2,1588.0,2026-07-09,
3306,566.0,91,5,2808.65,2025-10-16,
3307,1011.0,272,5,1639.35,2025-12-30,
3308,224.0,266,4,1856.36,2025-08-10,
3309,1964.0,26,2,580.98,2025-11-30,
3310,236.0,57,2,1392.5,2025-09-04,
3311,1179.0,28,1,490.2,2026-03-07,
3312,135.0,137,2,1487.6,2026-07-02,
3313,565.0,273,1,315.77,2025-08-07,
3314,1433.0,116,5,4459.65,2026-05-27,
3315,805.0,208,4,1457.44,2026-07-19,
3316,1504.0,52,2,704.9,2026-03-15,
3317,422.0,138,4,1149.44,2025-12-26,
3318,712.0,88,2,910.66,2026-08-02,
3319,590.0,148,5,2501.15,2025-09-28,
3320,380.0,2,1,660.22,2026-08-05,
3321,977.0,258,5,4254.75,2025-09-02,
3322,349.0,157,2,104.22,2026-06-05,
3323,342.0,162,1,299.67,2026-01-31,
3324,1843.0,96,3,868.74,2025-12-23,
3325,1971.0,234,2,721.64,2025-12-13,
3326,877.0,7,4,2806.88,2026-02-19,
3327,364.0,172,1,532.52,2025-12-05,
3328,350.0,136,1,533.19,2025-09-19,
3329,722.0,5,5,1530.7,2026-01-30,
3330,3.0,243,5,4067.05,2026-02-09,
3331,968.0,251,2,1746.54,2026-01-29,
3332,1678.0,57,1,696.25,2025-11-25,
3333,1393.0,9,5,3953.9,2026-05-06,
3334,1076.0,149,2,1597.46,2025-09-09,
3335,1547.0,258,2,1701.9,2026-04-22,
3336,205.0,76,1,700.29,2026-05-22,
3337,927.0,156,3,2006.28,2025-09-27,
3338,1118.0,252,3,2141.55,2026-02-10,
3339,520.0,132,4,821.4,2025-11-28,
3340,28.0,187,4,3526.0,2026-01-01,
3341,1455.0,181,0,2664.24,2026-03-26,
3342,1587.0,171,5,465.55,2025-10-15,
3343,553.0,248,1,689.82,2026-06-05,
3344,303.0,266,1,464.09,2025-09-02,
3345,1351.0,211,2,444.3,2025-09-11,
3346,1020.0,73,3,443.34,2026-03-03,
3347,1183.0,16,-2,724.84,2026-04-23,
3348,423.0,221,3,783.9,2026-06-10,
3349,1886.0,46,2,1116.22,2026-06-25,
3350,1978.0,194,1,688.77,2026-04-12,
3351,1842.0,141,0,790.25,2026-03-07,
3352,359.0,231,5,3666.5,2025-09-30,
3353,1819.0,136,3,1599.57,2025-11-21,
3354,1207.0,170,4,1976.92,2025-09-09,
3355,634.0,214,3,2120.82,2026-03-29,
3356,1187.0,98,1,203.26,2026-05-08,
3357,1709.0,267,3,831.99,2026-03-22,
3358,,63,4,626.92,2026-01-08,
3359,1983.0,233,5,3705.4,2026-08-05,
3360,226.0,178,3,1141.56,2025-09-27,
3361,1899.0,5,4,1224.56,2026-01-21,
3362,1395.0,76,4,2801.16,2026-11-04,
3363,1980.0,77,5,3775.0,2025-10-12,
3364,1144.0,149,5,3993.65,2025-10-07,
3365,998.0,84,3,2293.74,2025-09-28,
3366,1638.0,148,1,500.23,2026-03-27,
3367,930.0,151,1,794.0,2026-02-06,
3368,580.0,21,2,1516.14,2025-12-12,
3369,1001.0,64,1,812.86,2026-02-19,
3370,882.0,157,1,52.11,2026-03-21,
3371,103.0,181,1,888.08,2025-09-02,
3372,718.0,129,2,983.82,2026-01-26,
3373,1363.0,146,5,3450.4,2025-08-25,
3374,1954.0,288,2,1742.92,2026-06-16,
3375,293.0,45,3,2186.97,2026-05-06,
3376,1199.0,101,4,3485.4,2026-07-13,
3377,449.0,42,3,824.91,2026-07-25,
3378,1911.0,17,4,3046.76,2026-07-14,
3379,1663.0,182,2,783.26,2025-11-15,
3380,818.0,198,4,2313.4,2026-05-12,
3381,1885.0,51,3,828.36,2026-05-16,
3382,637.0,155,5,1373.2,2025-12-25,
3383,893.0,89,5,513.8,2025-11-16,
3384,286.0,166,5,1142.25,2026-07-26,
3385,278.0,103,3,857.22,2025-09-25,
3386,409.0,214,5,3534.7,2025-09-14,
3387,176.0,155,3,823.92,2026-06-20,
3388,,153,5,4453.15,2026-03-07,
3389,376.0,237,5,1830.85,2025-12-17,
3390,197.0,193,4,1543.8,2026-04-26,
3391,906.0,71,5,482.7,2025-11-27,
3392,1915.0,161,5,1849.35,2025-12-27,
3393,726.0,184,4,1452.24,2026-02-09,
3394,862.0,219,4,1175.48,2026-06-24,
3395,57.0,211,4,888.6,2026-06-25,
3396,1961.0,287,1,-51.22,2025-08-22,
3397,1548.0,216,1,440.76,2025-12-06,
3398,1858.0,72,5,2460.5,2026-01-20,
3399,1189.0,155,2,549.28,2026-06-03,
3400,261.0,263,3,872.97,2026-02-17,
3401,1798.0,279,5,4254.8,2025-09-23,
3402,1547.0,151,1,794.0,2025-08-06,
3403,826.0,202,2,1377.6,2026-06-29,
3404,1654.0,4,4,2748.24,2026-03-17,
3405,1719.0,266,4,1856.36,2025-09-28,
3406,113.0,28,1,490.2,2025-09-23,
3407,683.0,139,1,604.14,2026-06-28,
3408,1159.0,50,3,229.29,2026-07-08,
3409,1771.0,247,3,1866.75,2025-12-25,
3410,1517.0,32,1,-182.21,2026-02-13,
3411,1515.0,300,5,2907.95,2026-06-23,
3412,1058.0,28,2,980.4,2025-08-05,
3413,1517.0,74,5,2134.9,2026-05-07,
3414,458.0,254,2,1249.08,2026-03-16,
3415,1287.0,80,3,766.56,2025-08-12,
3416,1650.0,160,1,450.61,2026-08-04,
3417,1409.0,249,5,2353.4,2026-05-17,
3418,138.0,103,1,285.74,2025-08-24,
3419,1237.0,1,2,345.32,2025-08-29,
3420,199.0,62,5,3184.1,2026-04-07,
3421,213.0,127,2,1581.24,2026-01-07,
3422,1706.0,243,1,813.41,2025-10-29,
3423,801.0,259,4,511.68,2026-07-30,
3424,615.0,29,1,375.79,2026-05-05,
3425,377.0,208,4,1457.44,2026-07-19,
3426,534.0,121,5,1341.8,2025-12-15,
3427,253.0,225,5,3486.65,2026-01-11,
3428,1303.0,222,2,872.62,2025-11-19,
3429,291.0,12,2,1637.12,2025-08-25,
3430,1048.0,124,2,1493.26,2026-01-30,
3431,976.0,280,2,1509.8,2025-10-10,
3432,593.0,246,3,539.13,2025-10-26,
3433,1010.0,52,5,1762.25,2026-06-22,
3434,802.0,189,3,1013.1,2025-09-26,
3435,951.0,198,1,578.35,2025-11-21,
3436,304.0,214,4,2827.76,2026-06-30,
3437,937.0,15,3,1415.19,2026-07-06,
3438,798.0,62,5,3184.1,2026-02-03,
3439,621.0,6,5,3116.7,2025-10-12,
3440,911.0,18,5,364.7,2026-02-16,
3441,1972.0,22,3,406.86,2025-10-07,
3442,1808.0,72,4,1968.4,2026-07-28,
3443,19.0,235,3,2674.8,2026-03-10,
3444,1026.0,82,3,1416.63,2026-03-30,
3445,715.0,258,2,1701.9,2025-12-10,
3446,1051.0,269,4,2202.68,2026-07-15,
3447,1344.0,33,2,309.46,2026-05-12,
3448,1344.0,78,3,544.83,2026-07-14,
3449,942.0,289,3,147.21,2026-06-06,
3450,1608.0,72,-3,1476.3,2025-11-21,
3451,140.0,156,4,2675.04,2025-08-06,
3452,1972.0,248,4,2759.28,2025-08-27,
3453,1350.0,242,5,400.2,2025-09-08,
3454,1452.0,93,5,3470.85,2026-02-09,
3455,531.0,260,5,2130.05,2026-02-23,
3456,1206.0,67,3,2167.74,2026-04-15,
3457,1198.0,298,3,1451.25,2026-07-25,
3458,93.0,207,1,500.65,2026-06-18,
3459,,16,2,724.84,2026-02-21,
3460,1023.0,50,1,76.43,2025-10-14,
3461,1557.0,244,3,582.72,2025-10-06,
3462,216.0,119,2,713.58,2026-04-29,
3463,1548.0,90,4,1589.72,2025-11-14,
3464,127.0,216,1,440.76,2026-05-10,
3465,77.0,129,1,491.91,2026-01-27,
3466,1564.0,38,4,3207.12,2025-11-06,
3467,1293.0,192,5,2119.7,2025-09-08,
3468,658.0,16,2,724.84,2025-09-26,
3469,774.0,56,4,2495.96,2026-01-14,
3470,1140.0,69,5,313.0,2025-09-02,
3471,518.0,103,2,571.48,2026-01-03,
3472,1391.0,252,4,2855.4,2026-08-05,
3473,413.0,147,2,1190.94,2026-08-02,
3474,1667.0,83,4,748.92,2026-03-03,
3475,177.0,271,2,1527.58,2026-07-29,
3476,1289.0,299,1,521.47,2026-08-01,
3477,69.0,50,2,152.86,2026-06-09,
3478,737.0,72,1,492.1,2026-05-31,
3479,1120.0,209,5,3956.55,2025-12-27,
3480,380.0,37,3,215.43,2025-08-07,
3481,390.0,271,4,3055.16,2026-02-07,
3482,1695.0,107,5,2578.85,2025-08-30,
3483,722.0,243,5,4067.05,2025-08-27,
3484,1843.0,183,5,1810.2,2026-06-06,
3485,1642.0,287,2,-102.44,2025-12-19,
3486,876.0,35,4,3534.0,2026-03-11,
3487,1166.0,193,1,385.95,2026-04-11,
3488,1603.0,41,2,1562.88,2026-05-03,
3489,207.0,265,3,557.31,2026-05-24,
3490,473.0,61,4,2581.88,2025-08-27,
3491,1108.0,27,5,1234.45,2025-09-09,
3492,459.0,170,1,494.23,2025-09-19,
3493,800.0,149,3,2396.19,2026-03-16,
3494,1787.0,184,1,363.06,2025-12-27,
3495,154.0,81,3,1732.56,2025-08-05,
3496,495.0,274,5,963.85,2026-03-30,
3497,1025.0,266,5,2320.45,2025-10-13,
3498,1267.0,160,4,1802.44,2026-06-28,
3499,1429.0,30,5,4418.45,2026-02-01,
3500,965.0,57,5,3481.25,2026-07-15,
3501,67.0,135,1,-34.6,2026-06-14,
3502,535.0,174,4,2626.2,2025-09-16,
3503,1819.0,103,3,857.22,2026-06-18,
3504,419.0,31,2,694.2,2026-04-17,
3505,1893.0,281,3,479.07,2025-09-07,
3506,1011.0,32,2,-364.42,2025-12-05,
3507,1853.0,38,5,4008.9,2025-10-16,
3508,145.0,19,3,2077.8,2026-01-17,
3509,1515.0,214,5,3534.7,2025-09-05,
3510,981.0,42,5,1374.85,2026-05-22,
3511,1482.0,67,3,2167.74,2026-07-12,
3512,73.0,22,1,135.62,2025-08-21,
3513,462.0,255,5,3631.65,2026-05-20,
3514,979.0,180,4,2569.32,2025-12-23,
3515,,156,2,1337.52,2025-11-01,
3516,1585.0,29,0,375.79,2026-06-18,
3517,1246.0,101,5,4356.75,2026-07-05,
3518,1132.0,195,1,241.38,2026-06-09,
3519,793.0,247,1,622.25,2026-01-23,
3520,881.0,194,2,1377.54,2025-08-25,
3521,283.0,219,5,1469.35,2026-06-19,
3522,242.0,60,4,3302.6,2026-03-14,
3523,397.0,189,-3,1013.1,2026-08-27,
3524,1881.0,176,4,1731.4,2025-10-21,
3525,476.0,30,2,1767.38,2025-08-22,
3526,21.0,48,5,1517.95,2025-08-17,
3527,1531.0,117,4,1905.16,2026-01-31,
3528,94.0,275,5,3359.95,2025-09-01,
3529,1665.0,8,2,1741.98,2026-06-15,
3530,117.0,30,1,883.69,2026-01-19,
3531,370.0,65,4,2457.36,2026-03-23,
3532,644.0,145,1,389.94,2025-12-04,
3533,1342.0,180,5,3211.65,2026-04-26,
3534,266.0,126,3,510.69,2025-08-10,
3535,1347.0,204,4,2094.6,2025-08-06,
3536,157.0,63,1,156.73,2026-02-08,
3537,422.0,129,5,2459.55,2025-11-12,
3538,1839.0,254,3,1873.62,2026-07-22,
3539,1461.0,113,4,2614.76,2026-05-04,
3540,1598.0,155,3,823.92,2026-09-09,
3541,1780.0,283,3,1278.6,2026-04-15,
3542,1829.0,126,5,851.15,2025-09-07,
3543,1430.0,137,3,2231.4,2026-07-11,
3544,214.0,278,5,3131.35,2026-02-16,
3545,1845.0,28,3,1470.6,2026-03-15,
3546,996.0,211,5,1110.75,2026-06-05,
3547,417.0,144,1,126.47,2025-12-04,
3548,473.0,71,5,482.7,2026-03-11,
3549,432.0,157,5,260.55,2026-05-08,
3550,1485.0,63,3,470.19,2025-12-10,
3551,482.0,73,1,147.78,2026-05-03,
3552,1952.0,226,4,393.8,2025-11-26,
3553,1022.0,59,1,62.29,2025-11-01,
3554,570.0,18,3,218.82,2026-06-15,
3555,1695.0,197,3,1186.98,2026-04-12,
3556,572.0,44,1,466.73,2025-09-28,
3557,39.0,197,4,1582.64,2026-06-10,
3558,910.0,196,4,974.96,2026-03-13,
3559,422.0,23,2,289.58,2026-02-23,
3560,1352.0,195,0,482.76,2026-02-02,
3561,108.0,221,5,1306.5,2026-01-12,
3562,1110.0,157,1,52.11,2026-03-23,
3563,1864.0,179,1,537.35,2026-03-08,
3564,1660.0,173,3,2324.58,2026-03-15,
3565,699.0,111,1,689.27,2025-10-26,
3566,1603.0,223,4,2637.88,2026-07-07,
3567,1134.0,30,1,883.69,2026-07-04,
3568,1759.0,199,3,240.96,2026-01-12,
3569,869.0,274,4,771.08,2025-12-16,
3570,1575.0,294,5,2440.8,2025-09-25,
3571,333.0,266,3,1392.27,2026-03-24,
3572,1528.0,196,4,974.96,2025-11-12,
3573,1859.0,122,2,1320.8,2025-11-21,
3574,1638.0,8,3,2612.97,2026-02-04,
3575,512.0,141,1,158.05,2026-05-29,
3576,692.0,278,3,1878.81,2025-09-18,
3577,80.0,293,4,1358.24,2026-01-12,
3578,551.0,141,3,474.15,2026-06-25,
3579,26.0,129,5,2459.55,2026-05-16,
3580,1165.0,64,3,2438.58,2025-09-08,
3581,1736.0,165,3,1900.95,2026-04-04,
3582,948.0,92,4,2685.64,2026-06-08,
3583,19.0,9,4,3163.12,2026-05-11,
3584,1979.0,239,1,766.98,2026-02-20,
3585,1307.0,184,4,1452.24,2026-07-30,
3586,837.0,285,2,1440.04,2025-09-28,
3587,1923.0,30,-5,4418.45,2026-02-05,
3588,1838.0,41,3,2344.32,2025-10-22,
3589,1953.0,283,3,1278.6,2026-06-13,
3590,369.0,33,4,618.92,2025-12-03,
3591,532.0,133,3,700.17,2026-06-15,
3592,466.0,254,2,1249.08,2026-03-02,
3593,1785.0,90,2,794.86,2025-09-06,
3594,235.0,26,2,580.98,2025-10-26,
3595,1402.0,20,2,1638.08,2026-07-21,
3596,1188.0,260,4,1704.04,2026-05-31,
3597,1134.0,163,1,602.17,2026-05-13,
3598,1950.0,117,1,476.29,2026-06-01,
3599,34.0,133,3,700.17,2025-09-01,
3600,1472.0,181,5,4440.4,2025-08-18,
3601,481.0,23,5,723.95,2025-11-13,
3602,159.0,180,1,642.33,2025-12-12,
3603,232.0,260,4,1704.04,2025-08-22,
3604,486.0,262,1,553.36,2025-10-03,
3605,1169.0,105,3,2090.76,2025-12-19,
3606,147.0,191,4,987.88,2026-06-01,
3607,294.0,219,3,881.61,2026-03-11,
3608,1244.0,13,3,2561.76,2026-04-19,
3609,1998.0,185,3,426.06,2026-03-30,
3610,964.0,209,3,2373.93,2026-01-08,
3611,64.0,151,5,3970.0,2025-10-30,
3612,92.0,83,3,561.69,2026-04-27,
3613,1868.0,149,2,1597.46,2025-10-15,
3614,1248.0,14,1,840.21,2025-08-31,
3615,1047.0,109,3,451.95,2026-02-02,
3616,1460.0,261,5,644.15,2026-07-17,
3617,776.0,177,2,1237.16,2025-11-28,
3618,1346.0,299,1,521.47,2025-10-26,
3619,1562.0,77,4,3020.0,2026-07-13,
3620,1964.0,41,1,781.44,2026-06-05,
3621,1032.0,115,5,4204.9,2026-06-08,
3622,1504.0,295,5,2084.1,2026-05-14,
3623,1502.0,215,5,1526.2,2025-12-22,
3624,1635.0,63,5,783.65,2026-01-22,
3625,968.0,27,5,1234.45,2025-11-12,
3626,904.0,269,5,2753.35,2026-02-24,
3627,400.0,163,3,1806.51,2026-05-28,
3628,1866.0,295,3,1250.46,2026-07-13,
3629,498.0,125,3,612.21,2026-06-20,
3630,934.0,186,2,1331.92,2025-11-06,
3631,1420.0,162,1,299.67,2025-12-14,
3632,1501.0,124,4,2986.52,2026-07-09,
3633,164.0,210,3,1356.84,2026-07-27,
3634,1036.0,181,5,4440.4,2025-10-02,
3635,1339.0,40,0,214.47,2026-01-15,
3636,472.0,248,5,3449.1,2026-02-26,
3637,471.0,230,4,2002.92,2025-08-28,
3638,1896.0,292,2,588.14,2026-01-09,
3639,1591.0,276,2,640.52,2026-07-05,
3640,1364.0,209,5,3956.55,2025-11-19,
3641,534.0,71,5,482.7,2026-03-04,
3642,643.0,147,3,1786.41,2026-01-21,
3643,837.0,61,1,645.47,2025-08-20,
3644,304.0,216,5,2203.8,2026-05-21,
3645,1296.0,295,4,1667.28,2026-01-18,
3646,1795.0,102,2,163.7,2026-01-25,
3647,342.0,233,1,741.08,2025-10-19,
3648,540.0,62,4,2547.28,2026-03-21,
3649,1522.0,284,4,1998.24,2026-03-05,
3650,1781.0,52,2,704.9,2025-10-29,
3651,50.0,18,4,291.76,2026-05-10,
3652,272.0,86,1,699.58,2025-11-10,
3653,1882.0,264,5,2659.45,2026-07-17,
3654,726.0,199,4,321.28,2025-11-29,
3655,1428.0,66,4,3226.2,2026-08-01,
3656,1459.0,286,2,268.12,2026-03-03,
3657,690.0,151,1,794.0,2026-02-16,
3658,1247.0,173,5,3874.3,2025-10-19,
3659,152.0,56,1,623.99,2026-03-05,
3660,1866.0,182,4,1566.52,2025-11-30,
3661,1517.0,210,4,1809.12,2025-10-12,
3662,1552.0,224,3,1471.77,2025-12-06,
3663,1503.0,245,2,1089.7,2026-06-11,
3664,,94,5,1572.2,2025-11-01,
3665,312.0,261,1,128.83,2025-12-31,
3666,1215.0,4,5,3435.3,2026-07-28,
3667,777.0,190,4,270.84,2026-06-10,
3668,362.0,165,4,2534.6,2026-07-23,
3669,573.0,261,5,644.15,2026-04-06,
3670,609.0,50,2,152.86,2026-07-01,
3671,99.0,253,3,1038.0,2025-11-28,
3672,1838.0,289,5,245.35,2026-01-09,
3673,1041.0,269,5,2753.35,2026-07-26,
3674,662.0,219,3,881.61,2025-09-27,
3675,1551.0,197,3,1186.98,2026-03-02,
3676,86.0,92,2,1342.82,2025-08-23,
3677,1064.0,108,4,2789.56,2025-12-11,
3678,1802.0,143,5,425.7,2025-12-12,
3679,712.0,161,1,369.87,2025-08-25,
3680,243.0,146,2,1380.16,2026-01-25,
3681,997.0,148,3,1500.69,2026-06-18,
3682,1814.0,225,2,1394.66,2026-01-24,
3683,1924.0,87,3,1404.93,2026-07-31,
3684,1544.0,133,5,1166.95,2025-11-20,
3685,1365.0,55,2,1713.08,2026-05-05,
3686,197.0,143,2,170.28,2025-08-24,
3687,1718.0,106,5,420.0,2026-01-04,
3688,57.0,261,2,257.66,2025-12-22,
3689,1102.0,21,5,3790.35,2026-01-26,
3690,1001.0,100,1,117.44,2026-04-02,
3691,417.0,14,3,2520.63,2025-12-13,
3692,874.0,145,5,1949.7,2025-12-19,
3693,259.0,228,5,3034.9,2025-09-05,
3694,1881.0,233,3,2223.24,2025-12-24,
3695,911.0,57,1,696.25,2026-01-06,
3696,539.0,222,4,1745.24,2025-10-05,
3697,571.0,45,2,1457.98,2025-10-23,
3698,1646.0,60,3,2476.95,2026-03-12,
3699,1490.0,41,2,1562.88,2025-10-14,
3700,321.0,39,3,2671.95,2026-05-15,
3701,566.0,260,3,1278.03,2026-06-21,
3702,1377.0,233,5,3705.4,2025-08-08,
3703,1828.0,38,3,2405.34,2026-03-23,
3704,206.0,20,4,3276.16,2025-08-18,
3705,390.0,267,3,831.99,2026-03-03,
3706,1944.0,286,1,134.06,2026-08-03,
3707,281.0,5,2,612.28,2026-08-24,
3708,1380.0,193,2,771.9,2026-07-21,
3709,963.0,101,3,2614.05,2026-05-29,
3710,1667.0,78,4,726.44,2025-12-09,
3711,579.0,96,4,1158.32,2025-09-15,
3712,1301.0,68,2,1774.42,2025-08-21,
3713,1756.0,46,5,2790.55,2026-02-12,
3714,890.0,110,1,723.61,2026-04-06,
3715,1143.0,35,4,3534.0,2026-05-03,
3716,80.0,107,2,1031.54,2025-12-03,
3717,1257.0,215,3,915.72,2026-05-15,
3718,481.0,195,5,1206.9,2025-08-15,
3719,1087.0,179,4,2149.4,2026-04-20,
3720,1722.0,93,3,2082.51,2026-03-26,
3721,1369.0,119,3,1070.37,2025-09-13,
3722,1632.0,249,4,1882.72,2026-07-16,
3723,732.0,201,5,1955.5,2025-11-03,
3724,606.0,279,4,3403.84,2025-09-12,
3725,231.0,50,2,152.86,2025-09-06,
3726,1986.0,148,4,2000.92,2025-09-12,
3727,507.0,229,3,150.57,2026-01-31,
3728,361.0,218,1,-267.57,2026-06-03,
3729,1353.0,238,3,1762.8,2026-10-30,
3730,1428.0,59,3,186.87,2026-08-05,
3731,1585.0,204,2,1047.3,2026-01-02,
3732,1231.0,248,4,2759.28,2025-09-10,
3733,60.0,211,2,444.3,2026-03-26,
3734,1040.0,149,3,2396.19,2026-04-28,
3735,,111,4,2757.08,2025-08-12,
3736,536.0,288,3,2614.38,2025-09-29,
3737,802.0,163,4,2408.68,2025-12-10,
3738,817.0,227,4,1899.72,2026-06-13,
3739,550.0,134,1,633.61,2025-11-27,
3740,696.0,249,2,941.36,2026-05-05,
3741,917.0,24,3,282.03,2026-01-24,
3742,1173.0,210,2,904.56,2026-04-26,
3743,423.0,86,5,3497.9,2026-01-03,
3744,1251.0,57,5,3481.25,2025-08-25,
3745,1239.0,169,2,1390.4,2026-04-28,
3746,1947.0,277,1,137.94,2026-05-04,
3747,185.0,11,4,1140.6,2025-10-12,
3748,1571.0,171,3,279.33,2025-10-09,
3749,1342.0,284,1,499.56,2026-04-08,
3750,432.0,26,5,1452.45,2025-08-14,
3751,407.0,186,5,3329.8,2026-01-09,
3752,811.0,81,5,2887.6,2026-05-10,
3753,1642.0,118,3,1948.56,2026-04-03,
3754,679.0,83,0,561.69,2025-12-27,
3755,1133.0,212,2,-618.5,2026-07-28,
3756,74.0,128,1,486.07,2025-11-03,
3757,210.0,11,5,1425.75,2025-12-05,
3758,1621.0,257,4,1249.36,2026-06-18,
3759,322.0,249,1,470.68,2026-07-28,
3760,50.0,145,3,1169.82,2026-08-02,
3761,70.0,118,2,1299.04,2025-11-17,
3762,1666.0,140,1,752.04,2026-05-03,
3763,269.0,194,4,2755.08,2026-08-05,
3764,157.0,139,1,604.14,2025-09-06,
3765,1479.0,38,5,4008.9,2026-04-27,
3766,31.0,213,1,381.1,2025-10-12,
3767,1883.0,278,5,3131.35,2025-08-05,
3768,1508.0,78,1,181.61,2026-07-17,
3769,1703.0,201,2,782.2,2025-09-06,
3770,871.0,160,3,1351.83,2026-04-20,
3771,619.0,263,1,290.99,2025-09-26,
3772,416.0,141,4,632.2,2025-10-14,
3773,1986.0,52,3,1057.35,2026-01-22,
3774,772.0,296,4,1192.92,2026-07-20,
3775,191.0,150,4,2870.6,2025-12-04,
3776,1149.0,114,4,672.36,2026-06-05,
3777,583.0,143,4,340.56,2026-06-09,
3778,501.0,274,5,963.85,2026-07-20,
3779,1018.0,196,1,243.74,2026-03-12,
3780,1563.0,202,3,2066.4,2025-12-21,
3781,927.0,280,1,754.9,2026-07-09,
3782,1998.0,115,5,4204.9,2026-10-01,
3783,1580.0,13,4,3415.68,2025-08-09,
3784,758.0,119,4,1427.16,2025-10-05,
3785,224.0,245,5,2724.25,2026-07-04,
3786,295.0,160,3,1351.83,2026-01-14,
3787,1149.0,43,1,679.24,2026-05-26,
3788,1772.0,87,2,936.62,2026-06-16,
3789,512.0,251,5,4366.35,2026-05-03,
3790,826.0,43,2,1358.48,2026-07-27,
3791,1481.0,243,5,4067.05,2025-08-24,
3792,121.0,291,2,673.34,2025-09-04,
3793,844.0,253,3,1038.0,2025-12-07,
3794,1709.0,160,3,1351.83,2025-09-17,
3795,659.0,78,1,181.61,2025-12-13,
3796,833.0,290,5,2116.85,2025-10-27,
3797,1414.0,3,3,1865.01,2026-07-06,
3798,1628.0,108,5,3486.95,2026-05-11,
3799,1024.0,251,5,4366.35,2026-08-01,
3800,660.0,161,2,739.74,2025-10-15,
3801,1054.0,237,4,1464.68,2026-07-23,
3802,1887.0,285,1,720.02,2026-07-12,
3803,1433.0,54,4,391.28,2025-12-17,
3804,261.0,40,4,285.96,2026-06-10,
3805,1065.0,7,2,1403.44,2026-04-16,
3806,405.0,63,2,313.46,2026-04-28,
3807,80.0,225,1,697.33,2026-04-28,
3808,350.0,218,4,-1070.28,2026-03-21,
3809,287.0,269,4,2202.68,2025-11-13,
3810,818.0,281,4,638.76,2026-01-22,
3811,241.0,5,3,918.42,2026-04-08,
3812,1475.0,223,3,1978.41,2026-07-16,
3813,661.0,139,5,3020.7,2026-04-01,
3814,1332.0,191,5,1234.85,2025-12-14,
3815,595.0,85,2,-56.74,2025-08-17,
3816,1645.0,268,2,701.14,2026-01-22,
3817,1239.0,191,5,1234.85,2025-11-22,
3818,948.0,129,4,1967.64,2025-08-22,
3819,1899.0,108,3,2092.17,2026-06-25,
3820,1074.0,70,2,883.94,2026-02-12,
3821,651.0,243,1,813.41,2025-09-12,
3822,308.0,214,2,1413.88,2026-05-29,
3823,12.0,241,1,815.09,2026-01-24,
3824,409.0,160,2,901.22,2026-05-05,
3825,940.0,49,5,916.55,2025-10-18,
3826,126.0,170,1,494.23,2026-06-28,
3827,321.0,240,5,4047.6,2025-09-24,
3828,1304.0,35,3,2650.5,2026-02-01,
3829,707.0,287,2,-102.44,2026-03-24,
3830,563.0,8,2,1741.98,2026-03-06,
3831,1197.0,146,4,2760.32,2025-08-24,
3832,1279.0,157,3,156.33,2026-08-01,
3833,1150.0,207,3,1501.95,2025-12-20,
3834,159.0,278,2,1252.54,2026-05-07,
3835,1497.0,79,1,337.58,2026-05-20,
3836,366.0,111,3,2067.81,2026-03-22,
3837,210.0,135,5,-173.0,2026-04-23,
3838,1203.0,65,5,3071.7,2025-12-25,
3839,1179.0,197,3,1186.98,2026-04-12,
3840,1370.0,142,5,1242.55,2025-08-15,
3841,345.0,243,2,1626.82,2026-07-25,
3842,,2,2,1320.44,2025-11-02,
3843,301.0,47,5,1581.2,2026-04-20,
3844,974.0,74,2,853.96,2026-05-23,
3845,160.0,1,3,517.98,2026-06-23,
3846,1048.0,27,2,493.78,2025-08-30,
3847,1362.0,226,4,393.8,2025-08-23,
3848,620.0,242,3,240.12,2025-08-08,
3849,494.0,257,1,312.34,2026-01-04,
3850,773.0,287,4,-204.88,2025-11-24,
3851,728.0,198,4,2313.4,2026-04-25,
3852,650.0,160,5,2253.05,2026-04-03,
3853,1809.0,272,1,327.87,2025-10-27,
3854,1937.0,110,2,1447.22,2025-12-01,
3855,1721.0,143,2,170.28,2026-06-01,
3856,905.0,224,5,2452.95,2026-05-12,
3857,1404.0,251,3,2619.81,2025-08-09,
3858,1843.0,62,5,3184.1,2025-10-22,
3859,365.0,223,3,1978.41,2026-04-29,
3860,1752.0,13,3,2561.76,2026-07-19,
3861,1492.0,239,3,2300.94,2026-03-17,
3862,1264.0,218,2,-535.14,2025-09-20,
3863,784.0,287,2,-102.44,2025-08-06,
3864,1912.0,192,2,847.88,2025-11-20,
3865,906.0,6,2,1246.68,2025-12-18,
3866,400.0,185,5,710.1,2025-09-22,
3867,,3,5,3108.35,2026-08-04,
3868,1866.0,169,1,695.2,2025-08-17,
3869,1030.0,189,3,1013.1,2026-07-12,
3870,560.0,7,-5,3508.6,2025-10-27,
3871,1315.0,18,3,218.82,2026-01-18,
3872,90.0,246,4,718.84,2025-08-22,
3873,1281.0,130,3,2473.29,2026-02-17,
3874,1687.0,30,5,4418.45,2026-03-30,
3875,1245.0,16,4,1449.68,2026-05-03,
3876,356.0,233,4,2964.32,2026-05-27,
3877,1654.0,243,5,4067.05,2025-11-23,
3878,757.0,54,1,97.82,2025-08-30,
3879,1832.0,15,5,2358.65,2025-09-01,
3880,1784.0,79,2,675.16,2026-03-03,
3881,860.0,68,1,887.21,2025-11-29,
3882,909.0,62,1,636.82,2026-04-05,
3883,200.0,32,3,-546.63,2026-03-31,
3884,1747.0,279,3,2552.88,2026-07-24,
3885,1511.0,100,5,587.2,2025-09-10,
3886,1715.0,9,3,2372.34,2025-10-29,
3887,1855.0,163,2,1204.34,2026-04-15,
3888,,188,5,2487.3,2025-12-13,
3889,1716.0,207,4,2002.6,2026-07-12,
3890,396.0,32,1,-182.21,2026-03-31,
3891,1493.0,257,2,624.68,2026-04-01,
3892,354.0,137,1,743.8,2026-07-17,
3893,565.0,228,1,606.98,2025-10-11,
3894,839.0,102,5,409.25,2026-03-04,
3895,638.0,89,1,102.76,2025-12-22,
3896,719.0,141,5,790.25,2025-12-17,
3897,955.0,61,3,1936.41,2026-05-27,
3898,1160.0,291,1,336.67,2026-05-23,
3899,239.0,238,1,587.6,2025-11-07,
3900,1495.0,47,2,632.48,2026-07-24,
3901,651.0,45,2,1457.98,2025-12-28,
3902,1616.0,11,2,570.3,2026-04-28,
3903,1307.0,6,2,1246.68,2026-03-13,
3904,167.0,192,4,1695.76,2025-12-15,
3905,1715.0,127,3,2371.86,2025-09-30,
3906,636.0,98,2,406.52,2025-08-22,
3907,1446.0,28,4,1960.8,2026-11-02,
3908,572.0,147,2,1190.94,2026-01-02,
3909,647.0,72,5,2460.5,2025-09-01,
3910,1711.0,212,2,-618.5,2025-08-17,
3911,1810.0,97,3,760.53,2025-08-28,
3912,605.0,103,2,571.48,2026-01-10,
3913,542.0,133,4,933.56,2026-02-10,
3914,728.0,48,4,1214.36,2026-03-14,
3915,715.0,297,3,1791.75,2026-08-05,
3916,1699.0,268,4,1402.28,2026-03-17,
3917,1945.0,88,1,455.33,2025-08-10,
3918,319.0,300,4,2326.36,2026-04-12,
3919,432.0,276,5,1601.3,2025-08-12,
3920,1324.0,223,3,1978.41,2026-01-06,
3921,701.0,148,2,1000.46,2026-03-14,
3922,1700.0,258,5,4254.75,2026-01-18,
3923,1052.0,138,1,287.36,2026-07-25,
3924,447.0,108,3,2092.17,2026-07-23,
3925,65.0,240,3,2428.56,2026-06-21,
3926,1349.0,60,5,4128.25,2026-03-05,
3927,287.0,96,4,1158.32,2025-08-27,
3928,662.0,240,5,4047.6,2025-09-02,
3929,774.0,191,5,1234.85,2026-03-05,
3930,1437.0,18,3,218.82,2026-01-02,
3931,1781.0,54,3,293.46,2026-05-10,
3932,864.0,5,2,612.28,2026-01-22,
3933,690.0,244,3,582.72,2026-02-06,
3934,1871.0,52,2,704.9,2025-11-15,
3935,334.0,184,3,1089.18,2025-08-22,
3936,382.0,240,5,4047.6,2026-06-03,
3937,1658.0,12,4,3274.24,2026-05-02,
3938,1180.0,234,5,1804.1,2026-07-18,
3939,970.0,223,4,2637.88,2025-11-06,
3940,1482.0,125,3,612.21,2026-02-07,
3941,692.0,192,5,2119.7,2026-02-15,
3942,615.0,248,4,2759.28,2025-11-16,
3943,1563.0,21,2,1516.14,2026-05-01,
3944,863.0,260,1,426.01,2026-04-26,
3945,1954.0,219,3,881.61,2025-09-22,
3946,1215.0,296,4,1192.92,2026-05-10,
3947,1049.0,15,2,943.46,2026-07-16,
3948,1816.0,86,3,2098.74,2025-10-28,
3949,1949.0,269,2,1101.34,2026-04-19,
3950,267.0,291,2,673.34,2025-10-19,
3951,1988.0,171,1,93.11,2026-03-14,
3952,1624.0,47,3,948.72,2026-06-30,
3953,940.0,73,3,443.34,2025-11-25,
3954,944.0,203,2,597.26,2025-12-02,
3955,411.0,1,2,345.32,2026-03-18,
3956,630.0,89,3,308.28,2026-05-03,
3957,484.0,42,2,549.94,2025-12-28,
3958,185.0,105,4,2787.68,2026-07-05,
3959,1403.0,126,2,340.46,2025-10-31,
3960,11.0,285,3,2160.06,2025-08-12,
3961,706.0,245,2,1089.7,2025-08-06,
3962,1127.0,52,4,1409.8,2026-01-04,
3963,1870.0,202,2,1377.6,2026-02-11,
3964,1703.0,242,4,320.16,2026-01-30,
3965,1563.0,238,2,1175.2,2025-12-29,
3966,264.0,50,4,305.72,2026-05-26,
3967,819.0,163,2,1204.34,2026-06-30,
3968,1679.0,168,3,1931.01,2026-06-29,
3969,807.0,218,5,-1337.85,2025-10-05,
3970,711.0,274,1,192.77,2025-12-12,
3971,56.0,251,5,4366.35,2025-12-10,
3972,365.0,114,5,840.45,2025-08-08,
3973,742.0,121,3,805.08,2025-10-28,
3974,1686.0,175,5,3677.4,2025-10-06,
3975,1228.0,1,5,863.3,2026-04-07,
3976,1323.0,204,1,523.65,2025-12-18,
3977,1024.0,118,2,1299.04,2026-06-22,
3978,433.0,97,1,253.51,2025-08-09,
3979,191.0,155,4,1098.56,2025-09-02,
3980,1340.0,174,4,2626.2,2026-02-12,
3981,309.0,93,4,2776.68,2025-10-26,
3982,793.0,146,3,2070.24,2025-12-30,
3983,535.0,247,1,622.25,2025-12-04,
3984,335.0,216,2,881.52,2025-11-12,
3985,1709.0,204,5,2618.25,2025-09-24,
3986,1652.0,55,4,3426.16,2026-07-20,
3987,1406.0,43,3,2037.72,2026-01-03,
3988,1646.0,52,4,1409.8,2025-10-15,
3989,654.0,7,2,1403.44,2025-11-24,
3990,1039.0,66,5,4032.75,2025-09-15,
3991,24.0,197,4,1582.64,2026-01-30,
3992,866.0,249,4,1882.72,2026-03-01,
3993,871.0,28,3,1470.6,2025-11-11,
3994,1237.0,133,1,233.39,2025-10-15,
3995,764.0,231,5,3666.5,2026-03-19,
3996,1729.0,243,3,2440.23,2025-08-28,
3997,229.0,274,3,578.31,2026-04-05,
3998,1089.0,92,4,2685.64,2025-10-16,
3999,308.0,197,1,395.66,2026-04-18,
4000,1942.0,4,3,2061.18,2026-03-15,
4001,1055.0,133,2,466.78,2026-05-04,
4002,100.0,233,4,2964.32,2026-06-03,
4003,82.0,238,3,1762.8,2025-10-02,
4004,943.0,63,4,626.92,2025-10-28,
4005,1822.0,188,1,497.46,2026-06-07,
4006,872.0,190,3,203.13,2025-10-29,
4007,1571.0,173,3,2324.58,2025-12-02,
4008,548.0,13,-5,4269.6,2025-12-11,
4009,731.0,92,3,2014.23,2026-07-03,
4010,915.0,214,1,706.94,2025-09-10,
4011,1303.0,167,3,1293.84,2025-09-01,
4012,229.0,19,5,3463.0,2025-08-10,
4013,1089.0,183,1,362.04,2026-05-18,
4014,359.0,203,2,597.26,2026-06-06,
4015,194.0,44,5,2333.65,2025-08-17,
4016,1297.0,65,2,1228.68,2026-03-14,
4017,1829.0,253,4,1384.0,2025-08-20,
4018,1991.0,141,3,474.15,2026-04-11,
4019,500.0,235,5,4458.0,2026-07-18,
4020,939.0,269,5,2753.35,2026-07-17,
4021,669.0,21,1,758.07,2026-01-15,
4022,301.0,191,1,246.97,2026-06-26,
4023,1050.0,52,4,1409.8,2026-04-24,
4024,1900.0,41,3,2344.32,2025-08-23,
4025,821.0,155,4,1098.56,2025-12-21,
4026,1947.0,12,2,1637.12,2025-11-07,
4027,1714.0,132,1,205.35,2025-08-07,
4028,1626.0,222,1,436.31,2026-04-09,
4029,535.0,99,5,2344.65,2026-05-28,
4030,1053.0,156,5,3343.8,2026-03-03,
4031,1422.0,277,2,275.88,2026-03-08,
4032,1175.0,26,3,871.47,2026-07-25,
4033,1558.0,243,2,1626.82,2026-01-12,
4034,1530.0,224,3,1471.77,2026-02-19,
4035,1028.0,96,3,868.74,2025-11-11,
4036,817.0,24,5,470.05,2025-11-07,
4037,559.0,93,3,2082.51,2025-08-10,
4038,425.0,3,4,2486.68,2025-10-02,
4039,1346.0,10,4,3166.96,2026-07-15,
4040,547.0,67,3,2167.74,2026-07-21,
4041,1619.0,237,5,1830.85,2025-09-19,
4042,454.0,163,1,602.17,2025-09-08,
4043,1453.0,116,1,891.93,2026-01-01,
4044,131.0,167,2,862.56,2026-01-04,
4045,1694.0,148,5,2501.15,2026-01-24,
4046,862.0,236,5,3011.05,2025-10-29,
4047,797.0,169,5,3476.0,2026-06-09,
4048,26.0,244,5,971.2,2025-09-26,
4049,655.0,176,3,1298.55,2026-04-01,
4050,311.0,178,4,1522.08,2026-07-31,
4051,432.0,237,4,1464.68,2025-08-07,
4052,1379.0,273,2,631.54,2025-11-22,
4053,826.0,200,3,2147.37,2026-07-19,
4054,1982.0,17,5,3808.45,2026-04-25,
4055,,41,4,3125.76,2025-12-12,
4056,426.0,177,1,618.58,2026-07-29,
4057,623.0,272,3,983.61,2026-07-25,
4058,925.0,150,3,2152.95,2026-01-29,
4059,320.0,240,1,809.52,2025-12-12,
4060,1279.0,300,2,1163.18,2026-05-24,
4061,884.0,181,5,4440.4,2026-07-11,
4062,1539.0,213,1,381.1,2026-03-11,
4063,1524.0,146,5,3450.4,2026-03-09,
4064,769.0,252,2,1427.7,2026-06-07,
4065,776.0,276,2,640.52,2026-03-03,
4066,811.0,64,1,812.86,2026-01-27,
4067,227.0,112,2,940.14,2025-12-08,
4068,366.0,293,3,1018.68,2026-07-03,
4069,1127.0,82,4,1888.84,2026-03-12,
4070,1539.0,210,3,1356.84,2026-07-05,
4071,1845.0,112,4,1880.28,2025-10-16,
4072,1578.0,143,3,255.42,2025-09-08,
4073,1361.0,186,1,665.96,2025-10-10,
4074,1097.0,163,5,3010.85,2026-03-23,
4075,462.0,273,4,1263.08,2026-05-18,
4076,1550.0,207,4,2002.6,2026-03-23,
4077,1692.0,238,3,1762.8,2026-05-31,
4078,1893.0,231,2,1466.6,2026-01-16,
4079,591.0,91,4,2246.92,2025-12-04,
4080,1700.0,2,5,3301.1,2025-10-09,
4081,1344.0,172,4,2130.08,2026-01-05,
4082,786.0,89,1,102.76,2025-08-23,
4083,1996.0,298,4,1935.0,2025-11-02,
4084,387.0,215,4,1220.96,2026-06-28,
4085,460.0,15,5,2358.65,2025-11-06,
4086,1270.0,71,5,482.7,2026-01-14,
4087,1228.0,258,1,850.95,2026-04-22,
4088,1937.0,293,4,1358.24,2026-06-13,
4089,1249.0,12,3,2455.68,2026-07-13,
4090,1166.0,128,2,972.14,2025-10-13,
4091,1950.0,242,1,80.04,2026-06-10,
4092,1522.0,190,1,67.71,2025-08-08,
4093,1048.0,200,5,3578.95,2026-07-14,
4094,938.0,99,2,937.86,2026-05-01,
4095,359.0,189,-2,675.4,2025-09-28,
4096,661.0,242,2,160.08,2026-01-29,
4097,133.0,68,3,2661.63,2025-12-26,
4098,1183.0,16,2,724.84,2025-12-20,
4099,502.0,237,0,1464.68,2026-02-23,
4100,1632.0,228,2,1213.96,2025-10-16,
4101,1025.0,91,4,2246.92,2025-09-04,
4102,1716.0,57,5,3481.25,2025-11-12,
4103,502.0,170,2,988.46,2026-01-31,
4104,15.0,237,1,366.17,2026-01-31,
4105,1776.0,17,4,3046.76,2026-07-16,
4106,1766.0,267,4,1109.32,2025-08-14,
4107,1604.0,198,1,578.35,2026-05-01,
4108,1810.0,214,3,2120.82,2026-03-24,
4109,1466.0,276,1,320.26,2025-09-22,
4110,899.0,274,1,192.77,2025-08-05,
4111,600.0,247,1,622.25,2026-07-23,
4112,745.0,204,1,523.65,2026-01-24,
4113,1289.0,205,5,1870.2,2025-09-18,
4114,1613.0,226,4,393.8,2025-09-09,
4115,299.0,64,1,812.86,2026-06-12,
4116,1544.0,135,5,-173.0,2025-12-16,
4117,751.0,58,2,764.62,2026-06-27,
4118,291.0,212,3,-927.75,2025-10-06,
4119,431.0,125,4,816.28,2025-10-31,
4120,676.0,136,1,533.19,2026-05-09,
4121,1842.0,38,4,3207.12,2026-05-24,
4122,1551.0,252,2,1427.7,2026-03-06,
4123,605.0,134,3,1900.83,2025-08-07,
4124,1613.0,228,3,1820.94,2025-10-14,
4125,1164.0,231,3,2199.9,2025-10-17,
4126,74.0,141,5,790.25,2026-01-19,
4127,1069.0,72,2,984.2,2026-05-04,
4128,453.0,148,1,500.23,2025-10-09,
4129,743.0,190,-5,338.55,2025-09-12,
4130,1935.0,150,3,2152.95,2026-04-13,
4131,1299.0,82,5,2361.05,2026-06-09,
4132,1461.0,157,4,208.44,2026-03-29,
4133,317.0,226,3,295.35,2026-05-13,
4134,1245.0,66,2,1613.1,2026-04-18,
4135,527.0,150,4,2870.6,2025-10-10,
4136,1743.0,117,1,476.29,2025-08-31,
4137,621.0,109,5,753.25,2025-12-19,
4138,,76,5,3501.45,2026-07-23,
4139,1477.0,133,3,700.17,2026-07-24,
4140,832.0,261,5,644.15,2026-02-24,
4141,1844.0,245,5,2724.25,2026-06-06,
4142,1319.0,88,3,1365.99,2025-09-22,
4143,1747.0,80,0,1277.6,2026-02-23,
4144,1072.0,257,3,937.02,2026-03-15,
4145,1773.0,192,4,1695.76,2026-09-17,
4146,1784.0,249,2,941.36,2026-02-10,
4147,360.0,269,4,2202.68,2026-05-12,
4148,30.0,248,4,2759.28,2025-08-06,
4149,461.0,34,3,2218.86,2026-04-28,
4150,,159,2,229.18,2025-12-25,
4151,1247.0,77,-3,2265.0,2026-03-12,
4152,731.0,62,2,1273.64,2025-09-10,
4153,1167.0,256,4,690.52,2026-01-20,
4154,1840.0,7,5,3508.6,2025-09-15,
4155,745.0,117,2,952.58,2026-06-01,
4156,1283.0,17,4,3046.76,2025-09-17,
4157,1040.0,51,3,828.36,2026-02-16,
4158,1134.0,35,3,2650.5,2026-01-21,
4159,1788.0,274,5,963.85,2025-10-26,
4160,915.0,41,1,781.44,2026-02-28,
4161,508.0,291,5,1683.35,2025-12-27,
4162,1633.0,126,3,510.69,2025-12-12,
4163,468.0,94,2,628.88,2026-03-06,
4164,83.0,234,2,721.64,2026-03-06,
4165,569.0,137,5,3719.0,2025-09-05,
4166,1502.0,47,2,632.48,2026-05-15,
4167,1071.0,33,2,309.46,2026-03-21,
4168,426.0,156,1,668.76,2026-07-13,
4169,1200.0,117,2,952.58,2025-12-04,
4170,951.0,298,4,1935.0,2026-03-13,
4171,1806.0,51,5,1380.6,2026-05-23,
4172,1618.0,27,3,740.67,2026-02-01,
4173,980.0,38,2,1603.56,2026-04-30,
4174,171.0,60,4,3302.6,2026-02-03,
4175,205.0,244,2,388.48,2025-10-09,
4176,441.0,278,5,3131.35,2026-05-05,
4177,1166.0,250,3,1247.7,2026-04-30,
4178,881.0,5,5,1530.7,2025-09-10,
4179,1593.0,58,4,1529.24,2025-12-31,
4180,1651.0,100,5,587.2,2026-03-08,
4181,516.0,234,1,360.82,2026-02-21,
4182,555.0,209,5,3956.55,2025-08-22,
4183,674.0,253,2,692.0,2026-05-07,
4184,1054.0,260,-4,1704.04,2025-08-24,
4185,542.0,146,3,2070.24,2026-05-23,
4186,699.0,273,2,631.54,2026-06-01,
4187,1031.0,141,5,790.25,2025-12-14,
4188,229.0,159,4,458.36,2026-07-27,
4189,14.0,94,4,1257.76,2025-11-04,
4190,964.0,164,5,2201.2,2026-02-06,
4191,367.0,254,2,1249.08,2026-02-28,
4192,1379.0,34,4,2958.48,2026-05-29,
4193,1896.0,156,1,668.76,2026-06-14,
4194,1307.0,227,3,1424.79,2026-05-03,
4195,397.0,276,2,640.52,2026-03-27,
4196,437.0,56,2,1247.98,2026-07-04,
4197,626.0,158,5,954.65,2025-10-27,
4198,967.0,164,5,2201.2,2025-08-31,
4199,1900.0,53,3,2309.58,2026-03-05,
4200,1377.0,108,5,3486.95,2025-12-28,
4201,321.0,80,3,766.56,2026-03-29,
4202,1610.0,99,4,1875.72,2025-10-04,
4203,1250.0,88,2,910.66,2026-02-18,
4204,1960.0,81,3,1732.56,2026-07-23,
4205,1339.0,265,4,743.08,2026-03-18,
4206,469.0,214,3,2120.82,2026-02-07,
4207,1914.0,135,4,-138.4,2026-07-20,
4208,297.0,156,3,2006.28,2025-10-10,
4209,1489.0,157,3,156.33,2026-06-13,
4210,922.0,182,3,1174.89,2026-02-18,
4211,1154.0,158,4,763.72,2025-11-20,
4212,12.0,202,4,2755.2,2025-12-11,
4213,1984.0,207,1,500.65,2026-07-13,
4214,1323.0,210,3,1356.84,2025-12-03,
4215,1571.0,72,4,1968.4,2026-07-07,
4216,1677.0,141,1,158.05,2025-08-25,
4217,1356.0,104,2,310.36,2026-04-17,
4218,1706.0,132,3,616.05,2025-09-11,
4219,660.0,192,1,423.94,2026-02-20,
4220,668.0,219,4,1175.48,2025-09-27,
4221,1514.0,286,5,670.3,2025-10-09,
4222,1265.0,103,2,571.48,2026-05-12,
4223,1754.0,258,4,3403.8,2026-05-24,
4224,153.0,141,1,158.05,2026-02-06,
4225,667.0,125,2,408.14,2025-10-07,
4226,963.0,246,5,898.55,2025-08-05,
4227,1409.0,24,4,376.04,2025-08-25,
4228,574.0,250,2,831.8,2025-10-12,
4229,208.0,193,1,385.95,2026-03-07,
4230,566.0,29,3,1127.37,2025-10-27,
4231,898.0,276,3,960.78,2026-03-31,
4232,967.0,146,1,690.08,2025-11-27,
4233,665.0,69,1,62.6,2026-03-01,
4234,1790.0,212,2,-618.5,2025-09-23,
4235,613.0,78,5,908.05,2026-04-04,
4236,1151.0,294,2,976.32,2026-07-30,
4237,503.0,46,4,2232.44,2026-06-26,
4238,1120.0,168,5,3218.35,2025-11-01,
4239,1088.0,134,5,3168.05,2025-09-26,
4240,288.0,150,1,717.65,2026-04-19,
4241,1961.0,35,3,2650.5,2025-10-04,
4242,1531.0,185,4,568.08,2025-08-27,
4243,658.0,110,2,1447.22,2025-11-10,
4244,944.0,240,2,1619.04,2025-09-08,
4245,408.0,186,3,1997.88,2025-11-20,
4246,1237.0,133,3,700.17,2025-11-21,
4247,245.0,12,2,1637.12,2026-02-10,
4248,812.0,211,4,888.6,2025-11-21,
4249,1704.0,250,1,415.9,2026-04-16,
4250,1870.0,271,1,763.79,2025-10-26,
4251,34.0,263,3,872.97,2026-05-15,
4252,66.0,290,4,1693.48,2025-09-25,
4253,1619.0,259,3,383.76,2026-07-30,
4254,579.0,276,4,1281.04,2026-05-23,
4255,1300.0,295,3,1250.46,2026-07-05,
4256,1158.0,35,1,883.5,2026-02-24,
4257,1599.0,48,5,1517.95,2026-05-22,
4258,325.0,58,5,1911.55,2025-09-16,
4259,1176.0,263,1,290.99,2025-08-30,
4260,1332.0,240,5,4047.6,2026-01-15,
4261,1572.0,98,1,203.26,2025-12-22,
4262,954.0,221,3,783.9,2026-03-17,
4263,1333.0,232,2,981.94,2026-03-26,
4264,373.0,170,1,494.23,2026-05-07,
4265,930.0,295,3,1250.46,2025-10-20,
4266,1822.0,271,4,3055.16,2026-05-04,
4267,1178.0,11,4,1140.6,2025-08-08,
4268,1278.0,151,1,794.0,2026-04-23,
4269,18.0,200,1,715.79,2025-09-23,
4270,875.0,116,3,2675.79,2026-05-17,
4271,1753.0,78,3,544.83,2026-04-05,
4272,1382.0,115,5,4204.9,2026-05-17,
4273,938.0,168,5,3218.35,2025-08-10,
4274,1896.0,103,5,1428.7,2025-09-23,
4275,313.0,182,5,1958.15,2025-08-19,
4276,423.0,97,2,507.02,2026-04-08,
4277,207.0,158,2,381.86,2025-10-24,
4278,1233.0,14,5,4201.05,2025-08-24,
4279,1107.0,21,2,1516.14,2025-11-20,
4280,671.0,179,1,537.35,2026-08-03,
4281,1348.0,162,2,599.34,2026-05-09,
4282,621.0,107,2,1031.54,2026-05-02,
4283,556.0,84,4,3058.32,2025-10-01,
4284,1582.0,120,2,1450.42,2025-10-29,
4285,282.0,182,1,391.63,2026-07-02,
4286,1709.0,226,1,98.45,2025-09-24,
4287,910.0,193,1,385.95,2025-09-24,
4288,101.0,107,4,2063.08,2026-05-10,
4289,818.0,229,4,200.76,2026-01-22,
4290,1579.0,102,2,163.7,2026-02-14,
4291,1669.0,195,5,1206.9,2025-12-22,
4292,1986.0,64,1,812.86,2026-07-01,
4293,1871.0,90,5,1987.15,2026-08-01,
4294,250.0,297,5,2986.25,2025-09-23,
4295,247.0,84,2,1529.16,2026-05-02,
4296,734.0,251,5,4366.35,2026-07-11,
4297,392.0,163,4,2408.68,2025-09-14,
4298,1638.0,108,1,697.39,2025-11-07,
4299,979.0,260,3,1278.03,2025-12-27,
4300,230.0,131,5,3106.25,2026-05-10,
4301,15.0,234,1,360.82,2025-10-19,
4302,820.0,195,4,965.52,2025-08-21,
4303,739.0,52,3,1057.35,2026-07-19,
4304,890.0,159,1,114.59,2026-06-02,
4305,1437.0,154,2,1609.52,2026-05-26,
4306,1794.0,44,4,1866.92,2025-09-24,
4307,1949.0,242,1,80.04,2026-02-16,
4308,93.0,141,3,474.15,2025-09-10,
4309,364.0,73,2,295.56,2026-01-14,
4310,263.0,290,1,423.37,2025-12-13,
4311,288.0,266,2,928.18,2026-07-15,
4312,126.0,241,1,815.09,2025-08-23,
4313,762.0,108,3,2092.17,2026-01-10,
4314,859.0,213,2,762.2,2025-11-11,
4315,1918.0,89,2,205.52,2026-01-05,
4316,1520.0,266,2,928.18,2025-10-20,
4317,1801.0,93,3,2082.51,2025-08-06,
4318,62.0,57,2,1392.5,2026-04-26,
4319,627.0,255,2,1452.66,2026-10-27,
4320,1862.0,207,3,1501.95,2025-08-27,
4321,658.0,136,5,2665.95,2025-12-16,
4322,680.0,15,1,471.73,2026-05-09,
4323,71.0,15,4,1886.92,2026-06-08,
4324,96.0,74,4,1707.92,2026-03-24,
4325,1562.0,277,4,551.76,2025-11-02,
4326,324.0,269,2,1101.34,2026-08-03,
4327,715.0,52,1,352.45,2026-06-22,
4328,860.0,115,1,840.98,2026-01-22,
4329,1984.0,34,1,739.62,2026-01-29,
4330,851.0,244,4,776.96,2026-01-30,
4331,276.0,275,4,2687.96,2025-12-21,
4332,976.0,1,3,517.98,2026-01-06,
4333,263.0,241,3,2445.27,2026-07-21,
4334,749.0,166,5,1142.25,2026-03-20,
4335,1010.0,50,4,305.72,2025-09-11,
4336,258.0,293,2,679.12,2026-03-30,
4337,266.0,113,5,3268.45,2026-03-01,
4338,1351.0,74,2,853.96,2025-10-31,
4339,1469.0,43,1,679.24,2025-09-25,
4340,1817.0,207,3,1501.95,2026-05-30,
4341,464.0,54,2,195.64,2025-09-01,
4342,1496.0,129,2,983.82,2026-04-27,
4343,1456.0,155,3,823.92,2025-08-13,
4344,1065.0,237,5,1830.85,2026-04-15,
4345,1810.0,265,5,928.85,2025-10-06,
4346,672.0,137,2,1487.6,2026-03-25,
4347,1355.0,217,3,1076.43,2025-09-08,
4348,1509.0,75,5,3975.25,2026-01-13,
4349,1295.0,18,4,291.76,2026-04-27,
4350,374.0,25,2,1166.96,2026-07-14,
4351,1300.0,8,2,1741.98,2026-06-16,
4352,332.0,18,2,145.88,2026-04-28,
4353,24.0,204,3,1570.95,2026-05-20,
4354,991.0,293,4,1358.24,2025-09-02,
4355,1288.0,177,2,1237.16,2026-02-03,
4356,926.0,296,4,1192.92,2025-11-28,
4357,1273.0,110,4,2894.44,2025-12-29,
4358,901.0,135,5,-173.0,2026-07-07,
4359,1343.0,61,3,1936.41,2026-03-29,
4360,691.0,264,3,1595.67,2025-08-20,
4361,699.0,96,3,868.74,2026-07-05,
4362,935.0,250,5,2079.5,2025-10-05,
4363,1564.0,50,3,229.29,2026-03-19,
4364,130.0,266,3,1392.27,2026-05-22,
4365,1316.0,188,4,1989.84,2026-02-27,
4366,259.0,14,5,4201.05,2025-10-28,
4367,1997.0,49,2,366.62,2025-09-20,
4368,247.0,235,1,891.6,2026-06-05,
4369,259.0,282,3,1819.35,2025-08-16,
4370,927.0,178,3,1141.56,2025-11-15,
4371,1925.0,224,5,2452.95,2025-11-09,
4372,374.0,43,5,3396.2,2026-06-28,
4373,400.0,204,5,2618.25,2026-05-20,
4374,1590.0,73,2,295.56,2026-03-03,
4375,1503.0,9,2,1581.56,2026-06-19,
4376,1231.0,182,5,1958.15,2025-11-20,
4377,1762.0,78,5,908.05,2025-08-30,
4378,97.0,272,5,1639.35,2026-04-02,
4379,1105.0,273,3,947.31,2026-01-02,
4380,342.0,118,5,3247.6,2026-01-04,
4381,206.0,192,2,847.88,2025-10-06,
4382,464.0,85,5,-141.85,2025-10-02,
4383,1930.0,78,5,908.05,2026-03-13,
4384,,218,2,-535.14,2025-09-05,
4385,608.0,26,4,1161.96,2026-06-12,
4386,1991.0,200,5,3578.95,2026-07-08,
4387,959.0,216,4,1763.04,2025-10-22,
4388,1478.0,165,2,1267.3,2026-08-04,
4389,154.0,154,1,804.76,2025-09-20,
4390,1369.0,129,5,2459.55,2026-01-15,
4391,1891.0,160,2,901.22,2026-02-10,
4392,1547.0,35,1,883.5,2025-08-10,
4393,,211,2,444.3,2026-02-15,
4394,1566.0,247,2,1244.5,2025-08-26,
4395,1611.0,125,4,816.28,2025-12-25,
4396,801.0,82,4,1888.84,2026-01-09,
4397,1709.0,100,2,234.88,2026-03-09,
4398,464.0,180,1,642.33,2026-07-14,
4399,1829.0,142,2,497.02,2025-12-26,
4400,1487.0,206,1,596.17,2026-06-27,
4401,422.0,300,2,1163.18,2026-01-14,
4402,1377.0,228,2,1213.96,2026-06-27,
4403,23.0,142,3,745.53,2026-07-23,
4404,638.0,61,5,3227.35,2026-01-04,
4405,1581.0,269,1,550.67,2026-01-30,
4406,1353.0,242,2,160.08,2026-05-24,
4407,1684.0,225,3,2091.99,2026-07-11,
4408,1522.0,64,5,4064.3,2026-07-17,
4409,145.0,233,2,1482.16,2025-08-20,
4410,1945.0,175,3,2206.44,2025-12-31,
4411,1717.0,21,4,3032.28,2025-11-03,
4412,1284.0,131,1,621.25,2026-05-04,
4413,1199.0,239,4,3067.92,2026-01-05,
4414,1554.0,87,4,1873.24,2026-08-01,
4415,1071.0,150,2,1435.3,2025-10-03,
4416,1499.0,53,1,769.86,2025-09-06,
4417,1781.0,186,2,1331.92,2026-03-14,
4418,864.0,254,4,2498.16,2026-02-19,
4419,1772.0,30,1,883.69,2026-06-13,
4420,1853.0,144,3,379.41,2026-01-04,
4421,674.0,129,5,2459.55,2025-12-23,
4422,731.0,215,3,915.72,2025-12-23,
4423,208.0,43,1,679.24,2025-08-28,
4424,1200.0,249,2,941.36,2025-11-30,
4425,1211.0,254,2,1249.08,2026-03-18,
4426,213.0,223,3,1978.41,2025-11-24,
4427,1243.0,250,0,2079.5,2026-06-03,
4428,1243.0,290,4,1693.48,2026-05-28,
4429,87.0,266,4,1856.36,2026-06-05,
4430,1717.0,56,5,3119.95,2025-11-11,
4431,195.0,51,5,1380.6,2025-11-29,
4432,739.0,61,2,1290.94,2026-04-16,
4433,864.0,298,5,2418.75,2025-08-19,
4434,712.0,202,1,688.8,2026-01-23,
4435,1175.0,226,4,393.8,2026-01-19,
4436,1926.0,268,1,350.57,2026-01-04,
4437,1371.0,205,4,1496.16,2025-10-20,
4438,1162.0,14,2,1680.42,2026-04-27,
4439,1292.0,93,1,694.17,2025-12-01,
4440,599.0,169,1,695.2,2026-03-27,
4441,1494.0,212,1,-309.25,2026-05-31,
4442,735.0,234,3,1082.46,2025-10-17,
4443,1994.0,177,3,1855.74,2026-05-10,
4444,914.0,128,3,1458.21,2025-10-31,
4445,939.0,25,3,1750.44,2026-03-13,
4446,429.0,135,2,-69.2,2026-01-13,
4447,1328.0,286,-5,670.3,2025-12-16,
4448,1543.0,165,4,2534.6,2025-08-08,
4449,1730.0,179,2,1074.7,2025-11-30,
4450,684.0,256,1,172.63,2026-04-13,
4451,1103.0,181,5,4440.4,2026-03-27,
4452,1698.0,117,3,1428.87,2025-12-29,
4453,1873.0,157,1,52.11,2025-10-08,
4454,641.0,47,4,1264.96,2026-01-28,
4455,1550.0,255,2,1452.66,2025-10-17,
4456,543.0,196,2,487.48,2025-09-24,
4457,691.0,249,3,1412.04,2026-06-29,
4458,1546.0,225,3,2091.99,2025-10-09,
4459,662.0,82,2,944.42,2026-01-01,
4460,389.0,9,1,790.78,2025-09-26,
4461,1862.0,298,3,1451.25,2026-01-20,
4462,607.0,260,5,2130.05,2026-07-13,
4463,365.0,287,5,-256.1,2026-06-24,
4464,1425.0,204,5,2618.25,2025-09-19,
4465,192.0,39,2,1781.3,2025-09-08,
4466,1874.0,47,5,1581.2,2025-11-27,
4467,299.0,208,3,1093.08,2025-10-01,
4468,725.0,175,5,3677.4,2025-11-12,
4469,1887.0,204,2,1047.3,2025-10-28,
4470,1731.0,198,1,578.35,2026-06-06,
4471,1168.0,151,5,3970.0,2026-01-11,
4472,461.0,43,3,2037.72,2026-04-20,
4473,,227,1,474.93,2025-09-27,
4474,1368.0,281,2,319.38,2026-07-28,
4475,1013.0,141,1,158.05,2026-06-22,
4476,503.0,115,2,1681.96,2026-05-18,
4477,1327.0,116,4,3567.72,2025-12-16,
4478,26.0,111,2,1378.54,2026-08-05,
4479,1976.0,152,2,1676.94,2026-04-16,
4480,990.0,11,5,1425.75,2026-03-08,
4481,1140.0,225,4,2789.32,2026-05-02,
4482,394.0,283,5,2131.0,2025-12-07,
4483,1737.0,212,2,-618.5,2025-11-16,
4484,819.0,266,5,2320.45,2026-04-23,
4485,1530.0,295,4,1667.28,2025-10-02,
4486,1646.0,134,3,1900.83,2025-09-13,
4487,759.0,135,4,-138.4,2026-04-25,
4488,656.0,187,2,1763.0,2026-02-20,
4489,158.0,277,3,413.82,2026-07-01,
4490,1762.0,69,3,187.8,2026-02-20,
4491,1186.0,127,5,3953.1,2026-04-09,
4492,1879.0,66,1,806.55,2026-07-15,
4493,1097.0,260,4,1704.04,2025-08-20,
4494,1654.0,161,1,369.87,2026-02-28,
4495,1470.0,117,3,1428.87,2026-05-17,
4496,953.0,284,2,999.12,2026-02-12,
4497,1714.0,138,5,1436.8,2026-03-23,
4498,1268.0,28,4,1960.8,2026-04-28,
4499,1211.0,225,4,2789.32,2026-04-01,
4500,1953.0,224,1,490.59,2025-09-12,
4501,1147.0,88,1,455.33,2026-05-19,
4502,1332.0,230,5,2503.65,2026-04-03,
4503,977.0,30,3,2651.07,2026-08-01,
4504,1397.0,76,1,700.29,2026-01-10,
4505,1956.0,182,1,391.63,2025-10-01,
4506,517.0,142,5,1242.55,2026-04-10,
4507,1006.0,15,5,2358.65,2025-11-06,
4508,812.0,221,2,522.6,2026-05-13,
4509,635.0,111,4,2757.08,2025-12-03,
4510,677.0,276,3,960.78,2026-07-23,
4511,1636.0,120,5,3626.05,2026-06-19,
4512,296.0,261,4,515.32,2026-05-08,
4513,645.0,277,5,689.7,2025-09-06,
4514,109.0,4,5,3435.3,2026-04-17,
4515,246.0,184,5,1815.3,2026-03-26,
4516,131.0,37,5,359.05,2026-03-14,
4517,1496.0,272,4,1311.48,2026-04-27,
4518,510.0,83,2,374.46,2025-12-30,
4519,61.0,92,2,1342.82,2025-11-15,
4520,680.0,254,1,624.54,2025-10-29,
4521,1938.0,46,1,558.11,2025-10-22,
4522,1436.0,207,5,2503.25,2026-03-10,
4523,781.0,199,4,321.28,2025-12-14,
4524,1736.0,243,2,1626.82,2026-06-13,
4525,197.0,176,2,865.7,2025-11-05,
4526,364.0,160,3,1351.83,2026-07-15,
4527,1024.0,221,3,783.9,2025-09-26,
4528,534.0,47,2,632.48,2026-05-11,
4529,465.0,206,2,1192.34,2025-11-22,
4530,696.0,180,1,642.33,2026-01-31,
4531,1073.0,232,1,490.97,2025-10-16,
4532,1801.0,132,1,205.35,2026-07-16,
4533,122.0,32,5,-911.05,2025-12-24,
4534,346.0,192,1,423.94,2026-04-20,
4535,26.0,1,5,863.3,2025-08-27,
4536,788.0,3,3,1865.01,2025-12-24,
4537,1639.0,157,-1,52.11,2026-02-27,
4538,768.0,291,5,1683.35,2025-11-04,
4539,387.0,36,2,1475.78,2025-10-31,
4540,1097.0,256,2,345.26,2026-10-12,
4541,199.0,112,3,1410.21,2025-11-14,
4542,767.0,80,5,1277.6,2025-10-22,
4543,1826.0,294,2,976.32,2026-06-17,
4544,1040.0,226,2,196.9,2025-08-18,
4545,63.0,77,4,3020.0,2026-06-15,
4546,1820.0,20,5,4095.2,2026-04-29,
4547,1915.0,62,3,1910.46,2025-11-06,
4548,715.0,150,1,717.65,2025-09-04,
4549,1062.0,93,5,3470.85,2025-09-04,
4550,1020.0,86,1,699.58,2026-05-06,
4551,318.0,99,5,2344.65,2026-06-25,
4552,1902.0,173,4,3099.44,2025-12-25,
4553,1606.0,281,4,638.76,2026-06-30,
4554,1370.0,230,1,500.73,2026-04-21,
4555,693.0,284,1,499.56,2026-02-26,
4556,290.0,127,3,2371.86,2026-02-14,
4557,386.0,123,4,1963.36,2026-01-09,
4558,734.0,207,1,500.65,2025-08-15,
4559,1661.0,31,4,1388.4,2025-12-28,
4560,187.0,51,5,1380.6,2026-05-11,
4561,1154.0,165,5,3168.25,2025-11-16,
4562,,295,5,2084.1,2025-12-26,
4563,1318.0,202,5,3444.0,2026-07-06,
4564,657.0,103,3,857.22,2026-02-02,
4565,1564.0,70,4,1767.88,2026-06-03,
4566,1934.0,102,3,245.55,2026-05-14,
4567,892.0,219,4,1175.48,2026-01-03,
4568,1005.0,194,1,688.77,2026-07-26,
4569,214.0,13,4,3415.68,2026-04-29,
4570,992.0,165,5,3168.25,2026-03-11,
4571,1020.0,200,3,2147.37,2026-04-24,
4572,1081.0,148,1,500.23,2025-11-17,
4573,1940.0,22,2,271.24,2026-02-14,
4574,1828.0,46,3,1674.33,2025-12-11,
4575,356.0,293,5,1697.8,2026-06-10,
4576,1095.0,161,1,369.87,2026-01-28,
4577,1980.0,15,1,471.73,2026-01-07,
4578,386.0,156,4,2675.04,2026-03-20,
4579,108.0,181,5,4440.4,2026-05-08,
4580,1074.0,223,5,3297.35,2026-07-18,
4581,760.0,92,5,3357.05,2026-05-11,
4582,203.0,23,2,289.58,2026-06-10,
4583,1828.0,235,2,1783.2,2025-11-17,
4584,150.0,114,3,504.27,2026-05-12,
4585,424.0,105,4,2787.68,2026-05-31,
4586,32.0,293,5,1697.8,2026-07-21,
4587,422.0,24,4,376.04,2026-07-26,
4588,10.0,60,3,2476.95,2026-04-08,
4589,363.0,124,3,2239.89,2025-12-13,
4590,762.0,200,2,1431.58,2025-10-21,
4591,320.0,206,1,596.17,2025-12-23,
4592,505.0,73,5,738.9,2025-11-06,
4593,1394.0,133,4,933.56,2026-01-21,
4594,420.0,293,3,1018.68,2025-12-26,
4595,1414.0,140,4,3008.16,2026-03-12,
4596,1687.0,6,4,2493.36,2026-02-04,
4597,570.0,212,4,-1237.0,2026-07-03,
4598,520.0,98,4,813.04,2025-11-18,
4599,86.0,6,4,2493.36,2026-01-04,
4600,1358.0,230,2,1001.46,2026-01-02,
4601,1306.0,115,1,840.98,2026-08-01,
4602,326.0,59,1,62.29,2026-05-14,
4603,376.0,251,1,873.27,2026-03-23,
4604,343.0,275,3,2015.97,2026-06-02,
4605,584.0,132,4,821.4,2026-02-16,
4606,584.0,275,3,2015.97,2025-12-31,
4607,223.0,292,3,882.21,2026-06-14,
4608,1686.0,62,4,2547.28,2025-08-29,
4609,1137.0,104,1,155.18,2026-01-19,
4610,261.0,255,2,1452.66,2025-10-25,
4611,961.0,266,1,464.09,2026-07-22,
4612,229.0,246,1,179.71,2025-11-21,
4613,1707.0,118,1,649.52,2025-09-23,
4614,172.0,199,2,160.64,2025-09-04,
4615,893.0,35,2,1767.0,2025-10-12,
4616,1513.0,190,4,270.84,2025-12-16,
4617,1223.0,74,4,1707.92,2025-11-23,
4618,1571.0,22,5,678.1,2025-12-26,
4619,1485.0,97,2,507.02,2025-08-13,
4620,1165.0,163,1,602.17,2026-02-28,
4621,700.0,8,2,1741.98,2026-05-02,
4622,718.0,129,2,983.82,2026-07-23,
4623,1847.0,237,2,732.34,2025-08-08,
4624,779.0,29,4,1503.16,2026-03-15,
4625,1036.0,79,3,1012.74,2025-12-11,
4626,377.0,33,2,309.46,2026-07-30,
4627,1348.0,100,3,352.32,2026-06-26,
4628,1785.0,225,1,697.33,2026-08-03,
4629,1728.0,226,1,98.45,2026-04-02,
4630,,126,5,851.15,2026-07-27,
4631,330.0,148,5,2501.15,2026-08-05,
4632,1975.0,74,5,2134.9,2025-12-01,
4633,229.0,163,1,602.17,2026-02-18,
4634,1061.0,34,4,2958.48,2025-09-07,
4635,1267.0,274,1,192.77,2026-06-17,
4636,759.0,87,3,1404.93,2025-12-15,
4637,1847.0,20,2,1638.08,2025-10-15,
4638,13.0,54,2,195.64,2026-05-27,
4639,1153.0,196,1,243.74,2026-01-06,
4640,1575.0,30,4,3534.76,2026-03-24,
4641,1756.0,291,1,336.67,2025-09-29,
4642,1155.0,115,1,840.98,2025-12-08,
4643,41.0,280,1,754.9,2026-06-06,
4644,1321.0,244,5,971.2,2026-08-05,
4645,1405.0,198,3,1735.05,2025-12-27,
4646,1865.0,199,4,321.28,2026-03-16,
4647,1255.0,122,4,2641.6,2025-12-31,
4648,1304.0,129,3,1475.73,2026-01-06,
4649,1883.0,233,4,2964.32,2025-11-30,
4650,1099.0,79,4,1350.32,2026-06-28,
4651,296.0,185,2,284.04,2026-01-25,
4652,1973.0,147,2,1190.94,2025-10-14,
4653,1807.0,199,-3,240.96,2025-09-17,
4654,1516.0,83,3,561.69,2026-07-02,
4655,1650.0,11,4,1140.6,2026-07-29,
4656,88.0,154,2,1609.52,2025-11-06,
4657,1456.0,236,4,2408.84,2025-08-10,
4658,824.0,278,2,1252.54,2026-01-28,
4659,427.0,65,3,1843.02,2026-07-08,
4660,1810.0,208,4,1457.44,2025-11-20,
4661,,214,4,2827.76,2025-09-27,
4662,1951.0,232,4,1963.88,2025-11-06,
4663,745.0,199,4,321.28,2025-12-25,
4664,1363.0,173,3,2324.58,2026-06-02,
4665,1482.0,205,2,748.08,2026-05-10,
4666,504.0,272,2,655.74,2026-03-21,
4667,1165.0,112,2,940.14,2025-09-20,
4668,745.0,100,5,587.2,2025-11-16,
4669,1767.0,238,5,2938.0,2025-10-14,
4670,1319.0,210,3,1356.84,2026-01-01,
4671,805.0,158,2,381.86,2025-09-21,
4672,223.0,73,4,591.12,2026-08-02,
4673,616.0,278,4,2505.08,2026-09-17,
4674,409.0,212,1,-309.25,2025-11-24,
4675,1130.0,112,3,1410.21,2025-08-25,
4676,1920.0,81,4,2310.08,2026-04-21,
4677,370.0,265,4,743.08,2025-11-15,
4678,1422.0,227,1,474.93,2026-04-14,
4679,1163.0,106,4,336.0,2026-03-04,
4680,1528.0,89,3,308.28,2026-03-19,
4681,1314.0,289,2,98.14,2025-10-19,
4682,1602.0,206,5,2980.85,2025-11-09,
4683,843.0,102,2,163.7,2026-06-08,
4684,504.0,163,4,2408.68,2026-07-19,
4685,648.0,67,4,2890.32,2025-10-05,
4686,1385.0,272,1,327.87,2026-08-05,
4687,176.0,50,1,76.43,2026-01-13,
4688,1885.0,11,1,285.15,2026-06-18,
4689,1747.0,28,3,1470.6,2025-09-19,
4690,1908.0,47,3,948.72,2025-11-29,
4691,1523.0,183,2,724.08,2026-06-02,
4692,630.0,78,2,363.22,2025-12-06,
4693,1277.0,34,3,2218.86,2026-07-15,
4694,1853.0,162,5,1498.35,2025-12-02,
4695,694.0,229,4,200.76,2025-10-26,
4696,622.0,90,3,1192.29,2026-05-10,
4697,328.0,52,5,1762.25,2026-06-15,
4698,851.0,78,2,363.22,2025-08-26,
4699,1865.0,61,5,3227.35,2026-01-27,
4700,1151.0,210,2,904.56,2026-03-13,
4701,1434.0,283,4,1704.8,2026-01-12,
4702,2000.0,144,2,252.94,2025-10-29,
4703,1863.0,59,2,124.58,2026-04-17,
4704,1548.0,228,1,606.98,2026-05-31,
4705,1803.0,21,2,1516.14,2026-01-29,
4706,777.0,196,4,974.96,2025-10-31,
4707,1572.0,245,2,1089.7,2025-09-14,
4708,1410.0,11,5,1425.75,2026-07-23,
4709,1198.0,186,4,2663.84,2026-04-26,
4710,917.0,293,2,679.12,2026-07-21,
4711,1939.0,11,4,1140.6,2025-08-12,
4712,1814.0,291,3,1010.01,2025-08-16,
4713,1816.0,174,1,656.55,2026-02-28,
4714,363.0,190,1,67.71,2026-04-12,
4715,615.0,70,5,2209.85,2026-04-28,
4716,228.0,202,2,1377.6,2026-05-15,
4717,599.0,101,3,2614.05,2025-09-21,
4718,1235.0,43,3,2037.72,2026-02-13,
4719,1274.0,254,1,624.54,2026-08-05,
4720,748.0,214,-2,1413.88,2026-02-27,
4721,1052.0,130,2,1648.86,2026-06-20,
4722,1852.0,144,5,632.35,2025-12-21,
4723,653.0,13,4,3415.68,2026-07-28,
4724,1330.0,86,1,699.58,2025-10-08,
4725,539.0,123,3,1472.52,2025-09-29,
4726,692.0,230,4,2002.92,2026-08-01,
4727,1536.0,21,3,2274.21,2025-09-20,
4728,682.0,235,1,891.6,2025-09-04,
4729,268.0,283,1,426.2,2025-12-26,
4730,40.0,6,5,3116.7,2026-05-15,
4731,409.0,155,4,1098.56,2026-03-06,
4732,796.0,241,4,3260.36,2026-01-25,
4733,1428.0,19,3,2077.8,2025-09-09,
4734,752.0,193,3,1157.85,2026-07-26,
4735,834.0,263,4,1163.96,2026-08-02,
4736,1932.0,176,2,865.7,2026-03-09,
4737,1132.0,178,3,1141.56,2025-11-22,
4738,577.0,99,4,1875.72,2025-12-06,
4739,1871.0,137,1,743.8,2025-10-04,
4740,1650.0,231,1,733.3,2025-10-25,
4741,1835.0,164,5,2201.2,2025-12-23,
4742,1661.0,59,1,62.29,2026-06-17,
4743,498.0,66,1,806.55,2026-04-17,
4744,765.0,39,2,1781.3,2025-11-21,
4745,1172.0,34,2,1479.24,2026-05-19,
4746,1769.0,122,1,660.4,2026-07-19,
4747,1481.0,39,1,890.65,2026-09-19,
4748,1783.0,7,3,2105.16,2026-01-20,
4749,1194.0,37,2,143.62,2026-07-16,
4750,1610.0,236,3,1806.63,2026-07-22,
4751,250.0,55,5,4282.7,2026-02-17,
4752,409.0,29,2,751.58,2026-06-10,
4753,188.0,42,2,549.94,2026-01-30,
4754,887.0,47,1,316.24,2025-11-13,
4755,103.0,120,2,1450.42,2025-11-16,
4756,657.0,41,4,3125.76,2026-06-28,
4757,975.0,272,2,655.74,2026-04-26,
4758,1240.0,102,4,327.4,2026-04-14,
4759,590.0,96,4,1158.32,2026-07-16,
4760,379.0,32,4,-728.84,2026-04-25,
4761,163.0,260,1,426.01,2026-02-14,
4762,540.0,91,2,1123.46,2025-08-23,
4763,1179.0,74,5,2134.9,2025-09-17,
4764,1440.0,97,1,253.51,2026-02-14,
4765,384.0,39,2,1781.3,2025-10-19,
4766,333.0,165,2,1267.3,2026-04-11,
4767,608.0,203,5,1493.15,2025-10-07,
4768,1312.0,212,5,-1546.25,2026-07-08,
4769,874.0,147,2,1190.94,2026-04-13,
4770,1507.0,129,3,1475.73,2026-08-02,
4771,15.0,124,5,3733.15,2026-06-17,
4772,,129,3,1475.73,2026-04-24,
4773,127.0,83,1,187.23,2025-08-14,
4774,705.0,33,4,618.92,2026-04-30,
4775,1548.0,31,5,1735.5,2026-02-26,
4776,1381.0,221,1,261.3,2026-01-11,
4777,1525.0,229,1,50.19,2026-06-10,
4778,1205.0,46,3,1674.33,2025-12-15,
4779,1389.0,186,5,3329.8,2026-07-10,
4780,538.0,34,5,3698.1,2026-05-20,
4781,734.0,164,4,1760.96,2026-06-19,
4782,1024.0,246,3,539.13,2025-10-01,
4783,642.0,154,4,3219.04,2025-10-30,
4784,468.0,280,2,1509.8,2026-07-22,
4785,1415.0,88,1,455.33,2026-01-24,
4786,953.0,181,4,3552.32,2026-01-31,
4787,1892.0,237,3,1098.51,2026-01-27,
4788,1780.0,207,4,2002.6,2025-09-25,
4789,313.0,238,4,2350.4,2026-03-17,
4790,860.0,73,4,591.12,2026-01-18,
4791,1615.0,13,2,1707.84,2026-01-07,
4792,1783.0,163,4,2408.68,2026-04-26,
4793,749.0,77,4,3020.0,2025-12-08,
4794,1621.0,8,4,3483.96,2026-01-09,
4795,1215.0,89,2,205.52,2025-10-17,
4796,195.0,95,2,853.3,2025-10-19,
4797,968.0,9,4,3163.12,2026-02-02,
4798,691.0,77,3,2265.0,2025-08-06,
4799,1019.0,102,1,81.85,2025-09-17,
4800,622.0,201,2,782.2,2025-11-21,
4801,467.0,282,3,1819.35,2026-07-24,
4802,1243.0,98,4,813.04,2026-08-12,
4803,892.0,256,4,690.52,2026-04-12,
4804,1985.0,82,4,1888.84,2026-06-22,
4805,1970.0,31,3,1041.3,2025-08-23,
4806,1952.0,55,1,856.54,2026-07-30,
4807,1245.0,166,4,913.8,2026-05-28,
4808,482.0,149,2,1597.46,2026-04-06,
4809,1646.0,266,4,1856.36,2026-05-03,
4810,1005.0,111,4,2757.08,2025-12-21,
4811,1294.0,7,3,2105.16,2026-06-17,
4812,1292.0,82,3,1416.63,2025-10-03,
4813,879.0,160,5,2253.05,2026-06-16,
4814,266.0,63,5,783.65,2026-01-22,
4815,699.0,272,3,983.61,2026-08-02,
4816,,192,2,847.88,2026-03-01,
4817,130.0,290,4,1693.48,2025-08-29,
4818,758.0,10,4,3166.96,2025-08-14,
4819,429.0,214,0,1413.88,2026-07-31,
4820,1864.0,168,2,1287.34,2026-08-03,
4821,1612.0,161,4,1479.48,2025-12-25,
4822,698.0,144,5,632.35,2025-12-09,
4823,1431.0,296,3,894.69,2026-04-14,
4824,1978.0,100,2,234.88,2026-02-22,
4825,1989.0,165,5,3168.25,2026-04-17,
4826,1249.0,118,5,3247.6,2025-08-22,
4827,1001.0,122,2,1320.8,2025-08-19,
4828,1824.0,289,4,196.28,2025-08-14,
4829,1047.0,10,3,2375.22,2026-07-28,
4830,1537.0,49,4,733.24,2025-10-03,
4831,659.0,76,5,3501.45,2026-02-08,
4832,1006.0,42,5,1374.85,2026-07-03,
4833,1845.0,237,5,1830.85,2026-04-27,
4834,921.0,137,1,743.8,2025-10-13,
4835,1621.0,200,2,1431.58,2026-05-15,
4836,746.0,142,2,497.02,2025-09-23,
4837,506.0,31,4,1388.4,2025-08-30,
4838,671.0,115,1,840.98,2025-12-03,
4839,989.0,183,5,1810.2,2025-10-16,
4840,1605.0,288,2,1742.92,2025-12-07,
4841,993.0,140,3,2256.12,2026-01-31,
4842,1809.0,161,5,1849.35,2026-04-19,
4843,1688.0,275,2,1343.98,2026-06-29,
4844,1240.0,97,5,1267.55,2025-10-19,
4845,1503.0,62,3,1910.46,2025-09-20,
4846,1073.0,32,2,-364.42,2026-01-17,
4847,509.0,259,3,383.76,2025-08-15,
4848,1435.0,193,4,1543.8,2026-03-27,
4849,535.0,6,3,1870.02,2025-11-29,
4850,607.0,105,2,1393.84,2025-11-01,
4851,1335.0,13,1,853.92,2026-03-15,
4852,755.0,216,1,440.76,2026-04-30,
4853,915.0,239,2,1533.96,2026-06-08,
4854,322.0,196,5,1218.7,2025-09-21,
4855,221.0,228,3,1820.94,2026-05-30,
4856,566.0,141,4,632.2,2026-07-27,
4857,929.0,102,5,409.25,2025-10-28,
4858,,146,2,1380.16,2026-05-28,
4859,1959.0,66,3,2419.65,2026-01-06,
4860,108.0,9,1,790.78,2026-02-26,
4861,978.0,168,5,3218.35,2026-06-14,
4862,646.0,189,2,675.4,2026-04-05,
4863,53.0,193,5,1929.75,2026-05-01,
4864,811.0,223,3,1978.41,2025-09-07,
4865,1256.0,92,3,2014.23,2026-02-12,
4866,664.0,18,3,218.82,2025-10-07,
4867,81.0,290,5,2116.85,2026-07-23,
4868,1481.0,262,1,553.36,2025-08-18,
4869,131.0,68,4,3548.84,2025-10-21,
4870,311.0,35,2,1767.0,2025-09-21,
4871,335.0,53,5,3849.3,2025-10-20,
4872,1546.0,121,1,268.36,2025-12-29,
4873,693.0,185,3,426.06,2026-04-03,
4874,704.0,42,4,1099.88,2025-12-17,
4875,821.0,36,4,2951.56,2025-12-19,
4876,1075.0,280,1,754.9,2026-05-07,
4877,1423.0,214,4,2827.76,2025-10-03,
4878,1686.0,80,5,1277.6,2026-02-22,
4879,919.0,46,2,1116.22,2026-06-02,
4880,1563.0,82,1,472.21,2026-01-03,
4881,491.0,134,2,1267.22,2025-10-12,
4882,50.0,29,5,1878.95,2026-07-23,
4883,981.0,27,2,493.78,2026-05-11,
4884,449.0,22,1,135.62,2025-08-15,
4885,1955.0,120,2,1450.42,2026-03-26,
4886,655.0,71,5,482.7,2026-04-12,
4887,1549.0,166,4,913.8,2025-10-16,
4888,1045.0,203,1,298.63,2026-03-16,
4889,49.0,149,4,3194.92,2026-05-14,
4890,140.0,213,5,1905.5,2026-04-07,
4891,1208.0,21,2,1516.14,2026-07-03,
4892,471.0,19,2,1385.2,2026-02-09,
4893,15.0,299,4,2085.88,2026-06-05,
4894,1192.0,179,1,537.35,2025-11-08,
4895,1841.0,189,5,1688.5,2025-12-16,
4896,436.0,85,4,-113.48,2025-09-23,
4897,16.0,78,5,908.05,2026-10-21,
4898,1140.0,145,3,1169.82,2025-12-28,
4899,796.0,192,5,2119.7,2026-03-31,
4900,1545.0,82,2,944.42,2025-12-19,
4901,401.0,132,3,616.05,2026-06-22,
4902,805.0,168,3,1931.01,2026-07-17,
4903,925.0,62,3,1910.46,2026-07-04,
4904,1236.0,15,4,1886.92,2026-04-18,
4905,420.0,263,4,1163.96,2026-04-27,
4906,,95,1,426.65,2025-10-26,
4907,1522.0,199,1,80.32,2026-07-24,
4908,1556.0,106,2,168.0,2025-11-04,
4909,1706.0,292,3,882.21,2025-10-01,
4910,1675.0,110,5,3618.05,2025-10-09,
4911,950.0,156,3,2006.28,2025-10-02,
4912,1161.0,28,2,980.4,2026-04-10,
4913,1047.0,130,2,1648.86,2026-05-01,
4914,26.0,13,3,2561.76,2026-05-31,
4915,,111,2,1378.54,2026-06-17,
4916,1024.0,171,2,186.22,2026-01-23,
4917,938.0,199,3,240.96,2025-11-01,
4918,1544.0,201,5,1955.5,2026-05-03,
4919,984.0,85,4,-113.48,2026-04-01,
4920,585.0,288,5,4357.3,2025-10-17,
4921,1263.0,128,1,486.07,2026-07-18,
4922,1747.0,55,1,856.54,2026-02-23,
4923,103.0,16,5,1812.1,2026-03-27,
4924,1905.0,6,3,1870.02,2026-03-29,
4925,912.0,1,3,517.98,2025-10-11,
4926,1969.0,196,5,1218.7,2025-08-05,
4927,110.0,82,1,472.21,2025-11-24,
4928,1323.0,189,2,675.4,2025-12-24,
4929,1520.0,98,4,813.04,2026-07-02,
4930,574.0,191,1,246.97,2026-02-04,
4931,610.0,214,1,706.94,2026-04-30,
4932,619.0,18,1,72.94,2026-05-01,
4933,936.0,73,0,443.34,2026-06-22,
4934,1883.0,105,0,696.92,2026-07-18,
4935,358.0,16,4,1449.68,2026-06-04,
4936,177.0,8,1,870.99,2026-06-23,
4937,1782.0,121,4,1073.44,2025-10-30,
4938,560.0,297,5,2986.25,2026-06-04,
4939,1440.0,139,1,604.14,2025-12-20,
4940,130.0,289,4,196.28,2025-10-31,
4941,134.0,79,2,675.16,2025-09-24,
4942,62.0,204,4,2094.6,2025-11-01,
4943,886.0,20,4,3276.16,2026-01-16,
4944,359.0,239,4,3067.92,2026-01-17,
4945,1838.0,7,5,3508.6,2025-09-07,
4946,,23,1,144.79,2026-02-18,
4947,1473.0,144,3,379.41,2025-12-18,
4948,1643.0,246,2,359.42,2025-08-18,
4949,1375.0,137,1,743.8,2026-02-03,
4950,481.0,140,2,1504.08,2026-01-06,
4951,1332.0,230,1,500.73,2025-09-09,
4952,1711.0,23,5,723.95,2026-07-23,
4953,1950.0,223,5,3297.35,2025-08-24,
4954,1466.0,251,2,1746.54,2026-03-07,
4955,746.0,25,-3,1750.44,2026-01-30,
4956,753.0,46,5,2790.55,2025-08-22,
4957,1116.0,234,4,1443.28,2026-02-19,
4958,1349.0,84,3,2293.74,2025-10-16,
4959,1108.0,191,5,1234.85,2026-01-03,
4960,1506.0,75,3,2385.15,2026-03-28,
4961,357.0,178,4,1522.08,2026-02-14,
4962,763.0,298,4,1935.0,2026-06-06,
4963,1572.0,240,3,2428.56,2025-09-20,
4964,1668.0,150,2,1435.3,2026-05-28,
4965,836.0,254,5,3122.7,2026-02-17,
4966,178.0,185,4,568.08,2026-06-14,
4967,682.0,130,2,1648.86,2026-08-10,
4968,924.0,184,4,1452.24,2026-06-23,
4969,1823.0,277,2,275.88,2026-07-02,
4970,1038.0,22,3,406.86,2025-10-21,
4971,700.0,75,5,3975.25,2025-12-31,
4972,1744.0,277,2,275.88,2025-08-19,
4973,1672.0,294,2,976.32,2025-09-12,
4974,168.0,106,4,336.0,2025-08-10,
4975,1027.0,215,1,305.24,2026-02-11,
4976,,279,1,850.96,2025-09-22,
4977,9.0,54,5,489.1,2025-10-04,
4978,1362.0,131,5,3106.25,2026-01-05,
4979,1401.0,85,2,-56.74,2025-09-12,
4980,240.0,172,4,2130.08,2025-12-20,
4981,1124.0,167,3,1293.84,2026-04-12,
4982,1346.0,203,5,1493.15,2026-06-29,
4983,1182.0,202,2,1377.6,2026-06-20,
4984,1409.0,180,4,2569.32,2026-03-08,
4985,,55,2,1713.08,2025-10-30,
4986,1709.0,233,2,1482.16,2026-07-17,
4987,1830.0,97,1,253.51,2026-03-09,
4988,1015.0,259,1,127.92,2026-04-25,
4989,1424.0,74,1,426.98,2026-03-10,
4990,1548.0,157,2,104.22,2026-04-07,
4991,1691.0,208,3,1093.08,2025-10-15,
4992,1308.0,108,5,3486.95,2026-05-06,
4993,49.0,50,2,152.86,2025-09-08,
4994,606.0,9,1,790.78,2026-07-04,
4995,381.0,62,-2,1273.64,2026-02-12,
4996,520.0,37,1,71.81,2026-04-20,
4997,865.0,232,1,490.97,2026-06-09,
4998,22.0,184,4,1452.24,2026-06-27,
4999,795.0,154,3,2414.28,2026-04-06,
5000,623.0,192,2,847.88,2026-01-20,
5001,1208.0,220,5,1833.3,2026-07-29,
5002,1216.0,245,5,2724.25,2026-05-06,
5003,65.0,22,4,542.48,2026-05-27,
5004,720.0,256,3,517.89,2025-11-14,
5005,1435.0,16,3,1087.26,2026-02-28,
5006,1542.0,243,4,3253.64,2026-07-04,
5007,866.0,276,1,320.26,2025-11-13,
5008,56.0,180,4,2569.32,2026-06-03,
5009,1972.0,195,1,241.38,2026-01-08,
5010,973.0,250,1,415.9,2026-02-06,
5011,189.0,130,5,4122.15,2025-10-21,
5012,1484.0,43,2,1358.48,2025-12-08,
5013,778.0,49,4,733.24,2026-01-23,
5014,1237.0,173,2,1549.72,2026-05-24,
5015,662.0,241,1,815.09,2025-11-15,
5016,1592.0,159,5,572.95,2025-09-24,
5017,1257.0,232,2,981.94,2025-09-30,
5018,22.0,211,1,222.15,2025-10-25,
5019,1767.0,66,5,4032.75,2025-10-28,
5020,911.0,15,-5,2358.65,2026-04-30,
5021,372.0,36,5,3689.45,2025-10-03,
5022,1428.0,238,3,1762.8,2025-09-29,
5023,1642.0,290,4,1693.48,2025-10-06,
5024,519.0,275,1,671.99,2026-07-28,
5025,1430.0,300,1,581.59,2026-05-08,
5026,357.0,265,4,743.08,2026-02-18,
5027,1749.0,232,3,1472.91,2025-08-11,
5028,595.0,84,1,764.58,2026-04-08,
5029,225.0,170,4,1976.92,2025-09-15,
5030,408.0,80,1,255.52,2026-05-24,
5031,511.0,247,4,2489.0,2026-03-28,
5032,1589.0,3,4,2486.68,2025-11-26,
5033,90.0,91,4,2246.92,2025-11-11,
5034,458.0,155,-2,549.28,2025-10-03,
5035,1732.0,175,5,3677.4,2025-12-17,
5036,1462.0,253,2,692.0,2026-03-10,
5037,208.0,228,1,606.98,2026-04-22,
5038,271.0,85,2,-56.74,2026-07-04,
5039,898.0,289,1,49.07,2026-05-19,
5040,1627.0,255,3,2178.99,2026-03-12,
5041,1451.0,221,1,261.3,2025-10-03,
5042,1301.0,269,3,1652.01,2026-05-10,
5043,858.0,279,1,850.96,2026-06-17,
5044,572.0,243,1,813.41,2026-04-20,
5045,1438.0,224,5,2452.95,2026-04-28,
5046,134.0,217,1,358.81,2026-04-07,
5047,1798.0,45,3,2186.97,2026-07-05,
5048,822.0,184,4,1452.24,2025-10-15,
5049,1857.0,260,2,852.02,2025-10-13,
5050,50.0,71,1,96.54,2026-05-17,
5051,1169.0,83,1,187.23,2025-12-20,
5052,914.0,96,2,579.16,2026-01-09,
5053,1142.0,280,3,2264.7,2025-08-27,
5054,137.0,135,4,-138.4,2025-12-29,
5055,847.0,95,5,2133.25,2025-10-15,
5056,82.0,60,5,4128.25,2026-06-19,
5057,302.0,119,2,713.58,2026-07-16,
5058,1530.0,154,2,1609.52,2026-04-01,
5059,762.0,201,1,391.1,2025-12-14,
5060,1615.0,31,5,1735.5,2025-10-25,
5061,1075.0,7,1,701.72,2025-12-27,
5062,1087.0,137,5,3719.0,2026-04-16,
5063,1804.0,5,3,918.42,2025-08-24,
5064,1886.0,71,3,289.62,2026-07-20,
5065,1641.0,125,4,816.28,2026-01-03,
5066,1360.0,110,2,1447.22,2025-11-07,
5067,981.0,244,4,776.96,2026-06-24,
5068,354.0,110,1,723.61,2026-07-19,
5069,1298.0,199,5,401.6,2026-04-08,
5070,300.0,278,1,626.27,2026-06-07,
5071,298.0,66,5,4032.75,2026-05-12,
5072,1052.0,35,4,3534.0,2026-02-06,
5073,338.0,38,5,4008.9,2026-07-06,
5074,1720.0,127,4,3162.48,2026-06-11,
5075,1696.0,186,2,1331.92,2025-11-08,
5076,123.0,135,4,-138.4,2025-08-30,
5077,1784.0,222,1,436.31,2026-07-03,
5078,57.0,165,4,2534.6,2026-04-13,
5079,,99,3,1406.79,2025-09-18,
5080,1713.0,231,5,3666.5,2026-02-27,
5081,982.0,116,2,1783.86,2025-08-26,
5082,1324.0,261,4,515.32,2025-11-18,
5083,1227.0,81,2,1155.04,2026-01-06,
5084,1019.0,267,3,831.99,2026-04-27,
5085,1229.0,39,4,3562.6,2026-06-08,
5086,136.0,16,4,1449.68,2026-02-11,
5087,1443.0,288,1,871.46,2025-11-20,
5088,757.0,75,1,795.05,2025-09-14,
5089,576.0,143,4,340.56,2026-06-22,
5090,622.0,238,3,1762.8,2025-11-04,
5091,670.0,275,5,3359.95,2025-08-07,
5092,1048.0,158,4,763.72,2026-02-09,
5093,1552.0,250,4,1663.6,2026-04-21,
5094,1228.0,287,5,-256.1,2025-12-05,
5095,962.0,294,2,976.32,2025-11-01,
5096,1417.0,173,1,774.86,2026-07-03,
5097,1092.0,251,3,2619.81,2026-03-10,
5098,1294.0,265,5,928.85,2025-12-01,
5099,1289.0,33,3,464.19,2026-05-31,
5100,1792.0,138,3,862.08,2025-09-21,
5101,1052.0,148,5,2501.15,2026-04-15,
5102,1899.0,117,3,1428.87,2026-03-11,
5103,1160.0,166,2,456.9,2025-12-08,
5104,1992.0,98,3,609.78,2025-10-01,
5105,1692.0,157,2,104.22,2025-08-10,
5106,1385.0,172,5,2662.6,2026-07-16,
5107,541.0,211,3,666.45,2026-04-18,
5108,1574.0,218,2,-535.14,2025-09-01,
5109,390.0,72,3,1476.3,2025-10-29,
5110,1133.0,186,5,3329.8,2026-10-09,
5111,1635.0,165,2,1267.3,2026-01-01,
5112,1066.0,237,5,1830.85,2025-10-11,
5113,1484.0,89,1,102.76,2026-01-07,
5114,422.0,150,2,1435.3,2026-04-18,
5115,1818.0,173,2,1549.72,2025-08-27,
5116,504.0,255,3,2178.99,2026-02-18,
5117,1469.0,201,4,1564.4,2026-06-05,
5118,941.0,139,5,3020.7,2025-11-24,
5119,300.0,276,3,960.78,2026-04-19,
5120,148.0,131,5,3106.25,2026-01-07,
5121,1980.0,130,1,824.43,2025-11-02,
5122,806.0,193,5,1929.75,2026-03-14,
5123,387.0,2,1,660.22,2026-06-22,
5124,932.0,131,4,2485.0,2026-05-11,
5125,1682.0,282,5,3032.25,2026-02-04,
5126,1163.0,142,5,1242.55,2026-04-17,
5127,545.0,216,2,881.52,2025-12-24,
5128,1287.0,27,4,987.56,2026-01-01,
5129,222.0,251,5,4366.35,2025-08-29,
5130,793.0,244,4,776.96,2025-12-04,
5131,287.0,161,1,369.87,2026-05-15,
5132,741.0,93,1,694.17,2025-11-20,
5133,1736.0,28,1,490.2,2026-06-08,
5134,221.0,36,3,2213.67,2026-02-05,
5135,550.0,281,5,798.45,2025-08-22,
5136,1896.0,66,1,806.55,2025-12-23,
5137,82.0,217,2,717.62,2025-12-06,
5138,21.0,291,1,336.67,2025-11-10,
5139,1279.0,58,3,1146.93,2026-03-13,
5140,881.0,142,3,745.53,2025-09-02,
5141,452.0,124,2,1493.26,2026-06-11,
5142,1901.0,293,3,1018.68,2025-10-11,
5143,1722.0,283,3,1278.6,2026-08-03,
5144,48.0,122,2,1320.8,2026-04-05,
5145,649.0,284,5,2497.8,2026-04-18,
5146,1651.0,113,2,1307.38,2025-08-31,
5147,1110.0,197,2,791.32,2025-12-26,
5148,187.0,9,2,1581.56,2025-09-07,
5149,1995.0,293,5,1697.8,2026-01-18,
5150,256.0,139,4,2416.56,2026-05-11,
5151,1732.0,49,2,366.62,2025-11-16,
5152,496.0,209,2,1582.62,2025-09-01,
5153,340.0,236,5,3011.05,2025-09-04,
5154,573.0,89,2,205.52,2026-03-12,
5155,490.0,55,1,856.54,2026-05-29,
5156,1188.0,158,4,763.72,2026-07-27,
5157,438.0,198,4,2313.4,2026-04-23,
5158,1736.0,119,0,356.79,2025-12-15,
5159,1460.0,42,4,1099.88,2025-12-11,
5160,308.0,228,4,2427.92,2026-01-18,
5161,1538.0,197,5,1978.3,2025-11-18,
5162,1109.0,195,1,241.38,2025-08-11,
5163,1806.0,140,2,1504.08,2026-03-14,
5164,1618.0,252,4,2855.4,2026-08-02,
5165,660.0,269,3,1652.01,2026-04-22,
5166,1040.0,11,4,1140.6,2025-09-09,
5167,1243.0,199,4,321.28,2026-03-16,
5168,296.0,106,3,252.0,2026-05-11,
5169,1715.0,40,5,357.45,2025-12-29,
5170,1614.0,194,2,1377.54,2026-03-23,
5171,447.0,207,2,1001.3,2025-10-26,
5172,830.0,161,3,1109.61,2026-03-22,
5173,1465.0,141,2,316.1,2025-12-07,
5174,778.0,149,2,1597.46,2026-01-27,
5175,1406.0,241,1,815.09,2026-03-05,
5176,1322.0,289,2,98.14,2026-02-13,
5177,1461.0,34,4,2958.48,2025-12-21,
5178,1171.0,12,4,3274.24,2026-06-13,
5179,781.0,177,3,1855.74,2025-10-15,
5180,894.0,11,4,1140.6,2025-08-28,
5181,184.0,229,4,200.76,2026-02-06,
5182,714.0,224,3,1471.77,2026-06-13,
5183,751.0,118,3,1948.56,2025-08-05,
5184,324.0,134,4,2534.44,2026-06-16,
5185,1749.0,87,2,936.62,2025-09-27,
5186,1227.0,300,5,2907.95,2025-08-12,
5187,1733.0,272,2,655.74,2025-11-11,
5188,747.0,19,4,2770.4,2025-10-09,
5189,185.0,25,2,1166.96,2026-01-20,
5190,1261.0,82,1,472.21,2025-10-05,
5191,513.0,284,1,499.56,2026-04-20,
5192,1909.0,41,5,3907.2,2025-08-10,
5193,,131,4,2485.0,2025-09-01,
5194,1759.0,151,2,1588.0,2026-04-03,
5195,1784.0,224,3,1471.77,2026-07-07,
5196,,96,2,579.16,2026-04-15,
5197,1067.0,160,2,901.22,2026-02-13,
5198,1786.0,35,2,1767.0,2025-09-11,
5199,107.0,48,5,1517.95,2025-09-26,
5200,591.0,294,2,976.32,2026-05-15,
5201,1930.0,281,4,638.76,2026-04-18,
5202,484.0,217,2,717.62,2025-09-08,
5203,1235.0,9,2,1581.56,2025-10-02,
5204,1583.0,40,1,71.49,2025-12-02,
5205,1674.0,52,3,1057.35,2025-09-02,
5206,255.0,92,5,3357.05,2026-08-05,
5207,1559.0,237,5,1830.85,2025-10-22,
5208,313.0,189,2,675.4,2026-03-14,
5209,504.0,274,2,385.54,2025-11-07,
5210,1752.0,5,3,918.42,2026-05-24,
5211,1052.0,88,3,1365.99,2026-05-10,
5212,1034.0,11,5,1425.75,2026-01-18,
5213,277.0,30,4,3534.76,2026-07-22,
5214,961.0,86,1,699.58,2026-04-02,
5215,496.0,80,2,511.04,2026-01-08,
5216,1604.0,189,5,1688.5,2026-01-31,
5217,504.0,143,4,340.56,2026-02-27,
5218,1455.0,233,2,1482.16,2026-03-13,
5219,332.0,57,2,1392.5,2026-04-13,
5220,773.0,22,1,135.62,2026-01-28,
5221,589.0,70,1,441.97,2026-01-09,
5222,,236,5,3011.05,2025-08-19,
5223,1128.0,251,4,3493.08,2026-03-12,
5224,1821.0,278,4,2505.08,2026-02-24,
5225,1971.0,269,4,2202.68,2026-02-05,
5226,1611.0,267,3,831.99,2025-10-27,
5227,1540.0,296,4,1192.92,2025-09-02,
5228,1919.0,129,5,2459.55,2025-10-08,
5229,1031.0,209,2,1582.62,2026-01-17,
5230,1649.0,256,2,345.26,2026-02-11,
5231,151.0,19,2,1385.2,2026-07-17,
5232,237.0,189,3,1013.1,2026-02-08,
5233,770.0,212,4,-1237.0,2025-11-02,
5234,49.0,154,3,2414.28,2025-09-05,
5235,407.0,162,4,1198.68,2026-06-10,
5236,892.0,9,2,1581.56,2026-03-26,
5237,1772.0,76,4,2801.16,2026-05-31,
5238,812.0,72,3,1476.3,2025-10-15,
5239,34.0,126,2,340.46,2025-09-25,
5240,518.0,117,4,1905.16,2026-01-22,
5241,956.0,250,4,1663.6,2026-04-15,
5242,,239,3,2300.94,2026-01-03,
5243,268.0,105,4,2787.68,2026-04-24,
5244,503.0,213,1,381.1,2026-05-28,
5245,606.0,75,1,795.05,2025-08-15,
5246,718.0,192,1,423.94,2026-01-30,
5247,1817.0,239,4,3067.92,2025-12-14,
5248,1226.0,222,1,436.31,2026-05-02,
5249,1682.0,151,3,2382.0,2026-03-16,
5250,978.0,263,5,1454.95,2026-02-26,
5251,139.0,21,4,3032.28,2026-02-28,
5252,397.0,181,3,2664.24,2026-04-03,
5253,340.0,159,5,572.95,2026-02-05,
5254,299.0,6,1,623.34,2026-04-13,
5255,123.0,288,3,2614.38,2026-08-27,
5256,448.0,13,5,4269.6,2026-01-15,
5257,50.0,267,3,831.99,2025-12-19,
5258,685.0,230,4,2002.92,2025-11-05,
5259,1274.0,236,3,1806.63,2026-06-27,
5260,754.0,168,3,1931.01,2026-04-09,
5261,1200.0,27,5,1234.45,2026-08-03,
5262,1554.0,64,4,3251.44,2025-10-24,
5263,1564.0,250,4,1663.6,2026-08-05,
5264,1365.0,264,1,531.89,2026-04-07,
5265,1037.0,281,5,798.45,2026-04-28,
5266,1911.0,35,2,1767.0,2026-03-15,
5267,1353.0,194,3,2066.31,2026-07-20,
5268,295.0,226,3,295.35,2026-07-26,
5269,191.0,73,2,295.56,2026-05-03,
5270,808.0,197,3,1186.98,2026-05-01,
5271,,113,1,653.69,2025-12-02,
5272,1953.0,156,1,668.76,2025-10-22,
5273,857.0,69,2,125.2,2025-09-18,
5274,856.0,292,2,588.14,2026-03-27,
5275,1121.0,78,4,726.44,2025-09-09,
5276,1877.0,291,3,1010.01,2026-04-06,
5277,136.0,108,1,697.39,2026-05-31,
5278,544.0,84,1,764.58,2025-12-31,
5279,449.0,248,1,689.82,2025-12-10,
5280,1895.0,240,2,1619.04,2025-12-02,
5281,164.0,253,0,346.0,2026-08-19,
5282,1264.0,236,3,1806.63,2025-08-16,
5283,1958.0,191,4,987.88,2026-02-20,
5284,1144.0,133,5,1166.95,2026-04-23,
5285,1294.0,281,3,479.07,2026-05-13,
5286,319.0,168,5,3218.35,2026-06-06,
5287,1652.0,267,3,831.99,2026-03-17,
5288,1669.0,126,2,340.46,2026-04-09,
5289,990.0,12,4,3274.24,2025-12-13,
5290,1925.0,140,3,2256.12,2025-10-14,
5291,1022.0,261,3,386.49,2025-11-03,
5292,1950.0,208,1,364.36,2025-09-22,
5293,219.0,154,3,2414.28,2025-09-30,
5294,458.0,76,5,3501.45,2025-08-22,
5295,951.0,113,2,1307.38,2025-10-05,
5296,1429.0,79,1,337.58,2025-09-21,
5297,744.0,278,5,3131.35,2026-03-20,
5298,859.0,212,4,-1237.0,2025-08-31,
5299,613.0,291,3,1010.01,2025-12-19,
5300,333.0,42,2,549.94,2026-06-28,
5301,1588.0,247,1,622.25,2025-08-14,
5302,893.0,161,1,369.87,2026-06-01,
5303,316.0,208,4,1457.44,2025-12-18,
5304,63.0,213,4,1524.4,2026-02-09,
5305,243.0,171,3,279.33,2026-06-14,
5306,997.0,158,2,381.86,2025-12-29,
5307,1206.0,252,4,2855.4,2025-11-18,
5308,881.0,110,4,2894.44,2025-11-22,
5309,499.0,121,3,805.08,2026-03-11,
5310,327.0,85,3,-85.11,2026-04-10,
5311,772.0,168,5,3218.35,2026-01-29,
5312,169.0,43,1,679.24,2026-06-11,
5313,308.0,43,1,679.24,2026-07-28,
5314,1009.0,277,-4,551.76,2025-11-23,
5315,106.0,48,2,607.18,2026-02-07,
5316,364.0,2,4,2640.88,2025-08-07,
5317,597.0,17,2,1523.38,2026-05-08,
5318,1365.0,188,3,1492.38,2025-08-24,
5319,83.0,293,1,339.56,2025-08-05,
5320,677.0,85,3,-85.11,2025-09-28,
5321,1194.0,52,1,352.45,2026-01-15,
5322,1259.0,43,1,679.24,2026-03-10,
5323,1617.0,1,2,345.32,2026-02-01,
5324,1688.0,88,4,1821.32,2026-01-05,
5325,548.0,252,1,713.85,2025-12-01,
5326,1714.0,150,5,3588.25,2025-12-03,
5327,1704.0,270,1,156.52,2026-03-04,
5328,134.0,146,2,1380.16,2026-04-20,
5329,1746.0,237,5,1830.85,2026-05-28,
5330,1318.0,134,2,1267.22,2026-01-21,
5331,1017.0,264,1,531.89,2026-02-13,
5332,66.0,115,3,2522.94,2026-01-07,
5333,1362.0,202,3,2066.4,2025-11-28,
5334,1660.0,84,4,3058.32,2026-03-15,
5335,1950.0,232,3,1472.91,2026-01-25,
5336,602.0,261,3,386.49,2026-03-23,
5337,1653.0,206,4,2384.68,2026-01-26,
5338,1365.0,121,3,805.08,2026-07-29,
5339,493.0,168,2,1287.34,2025-12-03,
5340,1441.0,237,2,732.34,2026-07-14,
5341,,80,1,255.52,2026-08-05,
5342,1793.0,31,5,1735.5,2025-09-08,
5343,221.0,61,2,1290.94,2026-01-15,
5344,306.0,230,2,1001.46,2026-06-17,
5345,1578.0,38,3,2405.34,2025-10-22,
5346,1187.0,171,3,279.33,2026-01-01,
5347,892.0,123,4,1963.36,2026-07-16,
5348,1905.0,210,1,452.28,2025-12-17,
5349,620.0,283,5,2131.0,2026-01-17,
5350,1344.0,108,4,2789.56,2026-04-30,
5351,321.0,18,3,218.82,2025-08-18,
5352,707.0,201,2,782.2,2025-11-12,
5353,65.0,34,1,739.62,2026-07-04,
5354,383.0,130,4,3297.72,2025-12-11,
5355,1349.0,255,4,2905.32,2025-08-17,
5356,921.0,204,3,1570.95,2025-08-13,
5357,1527.0,69,3,187.8,2026-01-09,
5358,1963.0,217,3,1076.43,2025-11-07,
5359,16.0,291,2,673.34,2025-12-20,
5360,852.0,85,3,-85.11,2025-12-05,
5361,1794.0,48,4,1214.36,2026-05-03,
5362,87.0,172,2,1065.04,2025-10-29,
5363,1051.0,72,2,984.2,2026-02-03,
5364,1859.0,254,3,1873.62,2025-10-21,
5365,856.0,104,2,310.36,2025-08-19,
5366,1294.0,20,1,819.04,2026-03-21,
5367,1639.0,185,3,426.06,2026-05-19,
5368,6.0,191,3,740.91,2026-01-01,
5369,1581.0,54,4,391.28,2025-11-18,
5370,433.0,257,2,624.68,2026-03-12,
5371,1394.0,76,3,2100.87,2026-01-17,
5372,1088.0,259,3,383.76,2026-04-01,
5373,1210.0,201,5,1955.5,2025-10-16,
5374,1577.0,101,4,3485.4,2026-02-01,
5375,1975.0,21,4,3032.28,2026-01-23,
5376,1104.0,281,3,479.07,2025-09-04,
5377,583.0,234,1,360.82,2025-09-16,
5378,835.0,171,1,93.11,2026-07-13,
5379,1699.0,33,4,618.92,2026-04-08,
5380,1873.0,214,4,2827.76,2026-03-12,
5381,1891.0,293,2,679.12,2026-04-14,
5382,457.0,162,5,1498.35,2025-12-22,
5383,615.0,231,3,2199.9,2025-09-27,
5384,1369.0,20,2,1638.08,2026-03-14,
5385,809.0,297,3,1791.75,2026-05-02,
5386,1087.0,136,1,533.19,2025-12-30,
5387,455.0,118,1,649.52,2025-10-30,
5388,814.0,231,2,1466.6,2025-12-07,
5389,98.0,2,4,2640.88,2025-10-23,
5390,1097.0,39,3,2671.95,2025-08-24,
5391,34.0,280,4,3019.6,2026-05-01,
5392,1575.0,257,3,937.02,2025-12-27,
5393,1189.0,27,4,987.56,2026-10-18,
5394,1355.0,110,5,3618.05,2026-02-01,
5395,1597.0,283,3,1278.6,2026-05-11,
5396,1896.0,60,2,1651.3,2025-08-08,
5397,1487.0,200,5,3578.95,2025-10-13,
5398,1117.0,169,2,1390.4,2025-12-25,
5399,1404.0,103,1,285.74,2025-12-18,
5400,674.0,220,1,366.66,2025-09-16,
5401,43.0,126,4,680.92,2025-10-06,
5402,1907.0,51,2,552.24,2026-02-26,
5403,1347.0,133,2,466.78,2025-10-06,
5404,852.0,150,3,2152.95,2026-01-31,
5405,418.0,83,4,748.92,2026-01-12,
5406,200.0,84,3,2293.74,2026-04-23,
5407,1111.0,148,3,1500.69,2025-10-24,
5408,157.0,281,1,159.69,2026-01-17,
5409,,80,1,255.52,2025-11-29,
5410,136.0,2,2,1320.44,2025-11-04,
5411,233.0,139,2,1208.28,2025-09-04,
5412,249.0,232,3,1472.91,2026-07-02,
5413,953.0,257,5,1561.7,2025-12-04,
5414,986.0,262,1,553.36,2026-03-31,
5415,730.0,143,1,85.14,2025-11-25,
5416,362.0,48,3,910.77,2026-07-26,
5417,1117.0,199,2,160.64,2026-02-24,
5418,1866.0,129,1,491.91,2026-04-03,
5419,333.0,45,1,728.99,2026-07-01,
5420,329.0,75,3,2385.15,2026-03-10,
5421,398.0,268,5,1752.85,2026-06-27,
5422,62.0,246,3,539.13,2026-03-14,
5423,1624.0,175,4,2941.92,2026-05-28,
5424,1654.0,222,1,436.31,2025-12-13,
5425,435.0,263,4,1163.96,2026-03-30,
5426,1272.0,86,2,1399.16,2026-01-04,
5427,1532.0,248,5,3449.1,2025-12-18,
5428,1710.0,35,2,1767.0,2026-07-29,
5429,1579.0,254,5,3122.7,2025-11-22,
5430,660.0,235,4,3566.4,2026-01-12,
5431,1844.0,189,2,675.4,2026-04-17,
5432,928.0,22,1,135.62,2026-01-20,
5433,1170.0,97,1,253.51,2025-11-09,
5434,1362.0,182,1,391.63,2025-11-28,
5435,852.0,191,3,740.91,2025-12-11,
5436,1766.0,4,3,2061.18,2026-05-24,
5437,275.0,238,1,587.6,2025-11-14,
5438,1067.0,50,5,382.15,2026-07-10,
5439,1215.0,288,1,871.46,2026-07-20,
5440,1013.0,70,0,1767.88,2026-08-05,
5441,1487.0,284,5,2497.8,2026-07-29,
5442,1280.0,175,1,735.48,2025-11-26,
5443,504.0,17,3,2285.07,2026-05-21,
5444,1684.0,160,5,2253.05,2025-10-29,
5445,80.0,218,3,-802.71,2025-12-02,
5446,1924.0,55,1,856.54,2026-05-07,
5447,1426.0,154,2,1609.52,2025-11-12,
5448,314.0,133,4,933.56,2026-06-06,
5449,1741.0,144,3,379.41,2025-09-02,
5450,1998.0,211,1,222.15,2026-06-08,
5451,154.0,272,3,983.61,2026-07-19,
5452,1513.0,256,3,517.89,2025-12-01,
5453,47.0,154,4,3219.04,2026-03-30,
5454,672.0,14,3,2520.63,2025-09-21,
5455,1781.0,95,1,426.65,2026-01-05,
5456,1235.0,71,5,482.7,2026-03-14,
5457,233.0,52,3,1057.35,2026-07-31,
5458,1573.0,49,3,549.93,2026-03-27,
5459,1820.0,171,3,279.33,2026-03-21,
5460,1181.0,64,2,1625.72,2025-11-07,
5461,1640.0,109,5,753.25,2026-05-24,
5462,101.0,41,2,1562.88,2026-03-28,
5463,,142,3,745.53,2025-11-07,
5464,1870.0,282,5,3032.25,2026-06-24,
5465,1916.0,41,5,3907.2,2026-05-06,
5466,609.0,296,5,1491.15,2026-07-04,
5467,206.0,283,3,1278.6,2025-11-13,
5468,639.0,207,1,500.65,2025-11-20,
5469,1348.0,216,1,440.76,2026-03-17,
5470,1518.0,171,3,279.33,2026-01-27,
5471,141.0,27,2,493.78,2025-11-23,
5472,9.0,49,5,916.55,2025-10-31,
5473,88.0,55,4,3426.16,2026-03-16,
5474,832.0,241,3,2445.27,2026-07-13,
5475,542.0,278,1,626.27,2025-11-17,
5476,1925.0,82,5,2361.05,2026-07-11,
5477,168.0,288,2,1742.92,2026-01-11,
5478,380.0,172,2,1065.04,2025-11-15,
5479,1292.0,292,1,294.07,2025-08-11,
5480,448.0,9,4,3163.12,2026-02-25,
5481,1512.0,65,2,1228.68,2026-05-26,
5482,836.0,261,2,257.66,2026-04-24,
5483,1793.0,3,5,3108.35,2026-06-25,
5484,1628.0,140,5,3760.2,2026-04-17,
5485,1122.0,97,4,1014.04,2026-05-03,
5486,881.0,122,1,660.4,2026-03-11,
5487,1366.0,109,5,753.25,2025-10-10,
5488,1690.0,199,2,160.64,2025-09-30,
5489,706.0,271,3,2291.37,2025-10-31,
5490,1995.0,70,4,1767.88,2025-08-23,
5491,590.0,211,5,1110.75,2026-03-23,
5492,,138,2,574.72,2025-12-10,
5493,523.0,64,4,3251.44,2026-02-15,
5494,235.0,255,1,726.33,2026-01-15,
5495,392.0,208,5,1821.8,2025-09-23,
5496,1181.0,130,2,1648.86,2026-03-28,
5497,246.0,95,5,2133.25,2026-05-12,
5498,1457.0,128,2,972.14,2026-02-06,
5499,512.0,21,2,1516.14,2026-05-12,
5500,1401.0,24,1,94.01,2026-08-03,
5501,1977.0,203,2,597.26,2025-10-28,
5502,1965.0,112,3,1410.21,2026-03-16,
5503,6.0,58,5,1911.55,2026-04-21,
5504,1700.0,108,1,697.39,2026-06-18,
5505,220.0,8,4,3483.96,2026-02-28,
5506,916.0,175,2,1470.96,2026-04-11,
5507,1484.0,74,2,853.96,2026-05-31,
5508,666.0,64,3,2438.58,2026-07-13,
5509,1351.0,211,4,888.6,2026-02-23,
5510,909.0,266,3,1392.27,2026-03-19,
5511,424.0,104,2,310.36,2026-07-04,
5512,386.0,200,3,2147.37,2026-08-02,
5513,1002.0,125,4,816.28,2025-11-17,
5514,101.0,141,4,632.2,2025-09-12,
5515,888.0,130,1,824.43,2025-11-09,
5516,126.0,238,2,1175.2,2025-10-05,
5517,1074.0,31,4,1388.4,2025-09-14,
5518,847.0,149,2,1597.46,2025-08-08,
5519,289.0,57,3,2088.75,2026-07-18,
5520,363.0,146,3,2070.24,2026-05-27,
5521,970.0,219,1,293.87,2026-03-14,
5522,1202.0,272,1,327.87,2026-01-25,
5523,621.0,233,3,2223.24,2025-09-24,
5524,412.0,115,4,3363.92,2025-08-28,
5525,1974.0,142,4,994.04,2026-04-30,
5526,329.0,200,3,2147.37,2025-10-11,
5527,898.0,246,2,359.42,2025-09-18,
5528,1600.0,69,1,62.6,2026-07-05,
5529,788.0,121,4,1073.44,2026-02-06,
5530,1044.0,113,5,3268.45,2026-05-27,
5531,,75,1,795.05,2025-08-21,
5532,522.0,190,5,338.55,2026-02-06,
5533,1766.0,51,3,828.36,2025-12-09,
5534,1529.0,265,3,557.31,2025-11-30,
5535,129.0,207,1,500.65,2026-07-20,
5536,495.0,291,1,336.67,2026-07-01,
5537,1659.0,145,3,1169.82,2026-02-22,
5538,1753.0,126,5,851.15,2025-12-18,
5539,1888.0,295,5,2084.1,2025-10-18,
5540,1083.0,94,4,1257.76,2025-11-24,
5541,1964.0,2,2,1320.44,2026-04-06,
5542,1574.0,11,3,855.45,2026-05-07,
5543,1164.0,284,0,1998.24,2026-06-05,
5544,986.0,175,1,735.48,2026-01-12,
5545,223.0,100,2,234.88,2025-12-26,
5546,515.0,157,4,208.44,2025-12-13,
5547,409.0,140,5,3760.2,2026-02-04,
5548,1158.0,206,5,2980.85,2026-06-11,
5549,197.0,289,3,147.21,2026-03-20,
5550,1280.0,195,4,965.52,2025-09-25,
5551,666.0,101,2,1742.7,2026-07-04,
5552,731.0,24,3,282.03,2026-06-03,
5553,1091.0,242,2,160.08,2025-09-22,
5554,467.0,171,4,372.44,2025-08-19,
5555,,221,5,1306.5,2025-11-07,
5556,1158.0,40,1,71.49,2025-08-08,
5557,842.0,71,2,193.08,2025-08-21,
5558,957.0,23,2,289.58,2025-11-30,
5559,1513.0,212,5,-1546.25,2025-11-21,
5560,1395.0,38,1,801.78,2026-03-13,
5561,1472.0,281,4,638.76,2026-01-20,
5562,1512.0,70,2,883.94,2026-06-30,
5563,760.0,110,2,1447.22,2025-12-01,
5564,526.0,50,1,76.43,2025-12-31,
5565,838.0,6,5,3116.7,2026-07-31,
5566,1317.0,62,3,1910.46,2025-08-29,
5567,192.0,231,2,1466.6,2025-10-01,
5568,1253.0,175,2,1470.96,2026-05-12,
5569,1650.0,61,1,645.47,2026-03-30,
5570,1100.0,129,5,2459.55,2025-10-30,
5571,975.0,124,1,746.63,2026-03-13,
5572,343.0,142,5,1242.55,2025-08-26,
5573,1674.0,4,4,2748.24,2026-06-20,
5574,1818.0,111,4,2757.08,2025-08-15,
5575,182.0,170,1,494.23,2025-09-28,
5576,470.0,258,5,4254.75,2026-07-19,
5577,1.0,295,3,1250.46,2026-05-18,
5578,1915.0,219,3,881.61,2026-07-10,
5579,1140.0,183,4,1448.16,2025-12-21,
5580,1514.0,85,1,-28.37,2025-09-15,
5581,44.0,50,5,382.15,2025-09-26,
5582,353.0,141,2,316.1,2026-06-03,
5583,1511.0,81,2,1155.04,2025-09-18,
5584,402.0,24,2,188.02,2025-10-23,
5585,272.0,108,2,1394.78,2026-05-16,
5586,126.0,152,4,3353.88,2026-07-06,
5587,1267.0,231,2,1466.6,2026-01-31,
5588,242.0,69,1,62.6,2025-12-12,
5589,1285.0,105,3,2090.76,2026-07-04,
5590,316.0,154,4,3219.04,2026-01-04,
5591,971.0,33,2,309.46,2026-07-06,
5592,351.0,194,1,688.77,2025-12-21,
5593,1092.0,192,1,423.94,2026-02-26,
5594,223.0,90,4,1589.72,2026-05-06,
5595,434.0,44,2,933.46,2026-03-24,
5596,,38,2,1603.56,2026-01-04,
5597,470.0,56,4,2495.96,2025-10-17,
5598,1462.0,86,3,2098.74,2025-12-11,
5599,1811.0,267,5,1386.65,2026-03-19,
5600,1842.0,272,5,1639.35,2025-12-14,
5601,1816.0,300,3,1744.77,2026-04-05,
5602,1698.0,232,2,981.94,2026-04-25,
5603,442.0,273,5,1578.85,2026-06-27,
5604,353.0,230,4,2002.92,2026-02-04,
5605,647.0,228,3,1820.94,2025-08-05,
5606,439.0,134,5,3168.05,2026-03-08,
5607,832.0,11,2,570.3,2026-08-05,
5608,1583.0,152,4,3353.88,2026-01-19,
5609,1900.0,275,4,2687.96,2026-06-14,
5610,237.0,47,5,1581.2,2025-09-04,
5611,471.0,65,1,614.34,2026-07-29,
5612,1148.0,274,1,192.77,2026-03-15,
5613,1863.0,246,4,718.84,2026-03-29,
5614,109.0,298,2,967.5,2025-10-28,
5615,1104.0,266,2,928.18,2025-08-31,
5616,493.0,119,2,713.58,2025-11-14,
5617,1758.0,26,5,1452.45,2026-05-06,
5618,495.0,279,1,850.96,2025-12-23,
5619,,276,5,1601.3,2026-03-07,
5620,,174,5,3282.75,2025-11-28,
5621,535.0,48,3,910.77,2025-10-17,
5622,279.0,171,5,465.55,2025-11-13,
5623,876.0,92,1,671.41,2026-05-02,
5624,287.0,252,2,1427.7,2025-12-10,
5625,1061.0,113,0,653.69,2026-01-06,
5626,906.0,76,5,3501.45,2026-01-02,
5627,1477.0,37,4,287.24,2025-10-29,
5628,1511.0,280,1,754.9,2025-09-06,
5629,338.0,165,4,2534.6,2025-09-02,
5630,62.0,142,0,745.53,2025-10-30,
5631,1598.0,17,1,761.69,2026-08-02,
5632,1768.0,14,1,840.21,2026-03-03,
5633,661.0,16,1,362.42,2026-03-06,
5634,167.0,85,5,-141.85,2025-12-27,
5635,985.0,43,2,1358.48,2025-08-23,
5636,1605.0,51,4,1104.48,2026-07-14,
5637,118.0,276,3,960.78,2025-10-23,
5638,724.0,14,2,1680.42,2025-11-28,
5639,1377.0,161,4,1479.48,2026-07-16,
5640,1323.0,59,5,311.45,2025-10-15,
5641,535.0,149,3,2396.19,2025-10-17,
5642,1118.0,82,1,472.21,2026-06-22,
5643,1369.0,76,5,3501.45,2026-01-10,
5644,977.0,296,5,1491.15,2025-10-05,
5645,1070.0,148,4,2000.92,2026-08-02,
5646,360.0,40,2,142.98,2026-08-18,
5647,1274.0,148,5,2501.15,2026-05-19,
5648,778.0,22,3,406.86,2025-09-26,
5649,1039.0,241,1,815.09,2025-08-18,
5650,54.0,223,4,2637.88,2026-07-04,
5651,101.0,23,5,723.95,2025-11-09,
5652,1815.0,2,3,1980.66,2025-10-19,
5653,708.0,126,4,680.92,2025-12-03,
5654,741.0,175,1,735.48,2026-01-29,
5655,1086.0,265,3,557.31,2025-11-26,
5656,774.0,77,4,3020.0,2025-10-15,
5657,483.0,289,1,49.07,2025-11-15,
5658,1634.0,212,2,-618.5,2026-01-09,
5659,467.0,138,5,1436.8,2025-10-24,
5660,1355.0,165,3,1900.95,2026-04-16,
5661,636.0,26,-3,871.47,2025-09-15,
5662,769.0,88,5,2276.65,2025-08-12,
5663,1463.0,22,5,678.1,2025-11-29,
5664,109.0,21,4,3032.28,2025-11-03,
5665,493.0,209,2,1582.62,2026-04-19,
5666,1754.0,211,5,1110.75,2026-01-27,
5667,1266.0,286,4,536.24,2026-05-09,
5668,1582.0,182,1,391.63,2026-03-18,
5669,258.0,270,2,313.04,2026-01-13,
5670,549.0,34,1,739.62,2026-02-16,
5671,1773.0,25,1,583.48,2026-05-19,
5672,1710.0,201,3,1173.3,2026-05-01,
5673,1824.0,271,1,763.79,2026-04-24,
5674,1513.0,285,5,3600.1,2026-06-12,
5675,1282.0,3,3,1865.01,2026-04-17,
5676,1122.0,133,2,466.78,2026-01-05,
5677,1804.0,243,4,3253.64,2026-06-04,
5678,398.0,128,5,2430.35,2026-06-20,
5679,1083.0,194,2,1377.54,2026-03-02,
5680,549.0,33,4,618.92,2026-06-23,
5681,1379.0,125,2,408.14,2025-08-15,
5682,1427.0,34,2,1479.24,2025-08-17,
5683,1389.0,205,5,1870.2,2026-03-07,
5684,1069.0,152,0,1676.94,2026-06-08,
5685,835.0,293,3,1018.68,2026-07-21,
5686,43.0,153,2,1781.26,2026-04-14,
5687,1550.0,125,4,816.28,2025-12-04,
5688,1480.0,67,3,2167.74,2026-05-08,
5689,439.0,271,4,3055.16,2026-05-06,
5690,1968.0,54,3,293.46,2026-07-19,
5691,947.0,129,1,491.91,2025-09-28,
5692,598.0,21,4,3032.28,2026-03-14,
5693,727.0,200,2,1431.58,2026-07-05,
5694,1775.0,192,3,1271.82,2025-11-21,
5695,826.0,22,2,271.24,2025-12-31,
5696,697.0,118,3,1948.56,2026-05-24,
5697,602.0,279,2,1701.92,2026-03-19,
5698,1370.0,99,1,468.93,2025-08-24,
5699,773.0,44,4,1866.92,2025-10-03,
5700,1623.0,158,4,763.72,2026-07-15,
5701,1051.0,144,3,379.41,2026-06-13,
5702,1035.0,295,5,2084.1,2026-04-15,
5703,1497.0,12,2,1637.12,2025-09-08,
5704,495.0,56,3,1871.97,2026-04-13,
5705,1063.0,285,5,3600.1,2026-04-19,
5706,680.0,92,3,2014.23,2026-02-10,
5707,1250.0,69,4,250.4,2026-01-22,
5708,77.0,32,3,-546.63,2026-07-16,
5709,1747.0,149,1,798.73,2025-11-24,
5710,420.0,150,2,1435.3,2025-08-30,
5711,1987.0,111,2,1378.54,2026-02-01,
5712,1697.0,182,2,783.26,2025-11-15,
5713,1203.0,270,3,469.56,2025-10-17,
5714,809.0,162,1,299.67,2025-08-19,
5715,1651.0,114,2,336.18,2025-11-30,
5716,194.0,53,1,769.86,2025-10-24,
5717,956.0,233,5,3705.4,2026-06-27,
5718,99.0,64,5,4064.3,2025-12-06,
5719,,102,2,163.7,2025-08-27,
5720,1009.0,47,2,632.48,2025-10-04,
5721,830.0,111,2,1378.54,2025-11-01,
5722,81.0,166,0,456.9,2026-03-01,
5723,1482.0,209,1,791.31,2026-06-09,
5724,1881.0,40,1,71.49,2026-06-08,
5725,1554.0,259,4,511.68,2026-06-25,
5726,196.0,168,4,2574.68,2025-12-25,
5727,1758.0,237,5,1830.85,2025-08-23,
5728,1476.0,209,5,3956.55,2025-10-07,
5729,22.0,269,1,550.67,2025-10-06,
5730,1681.0,95,2,853.3,2026-06-17,
5731,1201.0,14,1,840.21,2026-03-10,
5732,1595.0,55,3,2569.62,2026-03-29,
5733,1126.0,213,1,381.1,2025-11-21,
5734,1073.0,66,5,4032.75,2026-01-15,
5735,,7,2,1403.44,2026-01-03,
5736,968.0,194,3,2066.31,2025-12-14,
5737,1494.0,255,3,2178.99,2025-10-14,
5738,246.0,146,5,3450.4,2026-01-26,
5739,1807.0,213,1,381.1,2026-05-23,
5740,754.0,110,4,2894.44,2025-12-13,
5741,,178,2,761.04,2026-05-15,
5742,638.0,30,1,883.69,2026-07-09,
5743,1784.0,37,1,71.81,2026-05-24,
5744,588.0,270,5,782.6,2026-07-29,
5745,599.0,56,5,3119.95,2026-05-26,
5746,814.0,116,2,1783.86,2025-10-05,
5747,703.0,272,4,1311.48,2025-10-21,
5748,286.0,14,5,4201.05,2025-10-22,
5749,350.0,209,2,1582.62,2025-09-25,
5750,1243.0,81,2,1155.04,2026-02-23,
5751,151.0,259,2,255.84,2025-10-03,
5752,564.0,123,4,1963.36,2026-04-04,
5753,857.0,172,3,1597.56,2026-06-09,
5754,523.0,40,1,71.49,2025-11-03,
5755,267.0,19,3,2077.8,2025-08-08,
5756,835.0,267,5,1386.65,2025-09-26,
5757,1292.0,22,3,406.86,2025-08-11,
5758,487.0,11,3,855.45,2025-09-26,
5759,878.0,253,4,1384.0,2025-12-11,
5760,1064.0,223,1,659.47,2026-01-07,
5761,1529.0,50,1,76.43,2026-03-15,
5762,1599.0,66,0,3226.2,2025-09-15,
5763,1934.0,10,1,791.74,2025-10-27,
5764,1066.0,99,1,468.93,2025-10-23,
5765,800.0,105,3,2090.76,2026-07-11,
5766,182.0,204,5,2618.25,2025-08-08,
5767,316.0,14,4,3360.84,2025-11-02,
5768,657.0,234,1,360.82,2025-08-13,
5769,1952.0,109,1,150.65,2025-10-29,
5770,521.0,90,2,794.86,2025-10-20,
5771,107.0,175,3,2206.44,2025-11-11,
5772,1127.0,221,5,1306.5,2026-01-10,
5773,1172.0,94,4,1257.76,2026-02-02,
5774,1283.0,56,4,2495.96,2026-01-23,
5775,1563.0,249,4,1882.72,2025-08-31,
5776,1273.0,288,2,1742.92,2026-05-17,
5777,1703.0,108,5,3486.95,2026-04-30,
5778,1536.0,136,3,1599.57,2025-09-21,
5779,496.0,21,1,758.07,2026-04-22,
5780,11.0,156,5,3343.8,2026-07-20,
5781,1598.0,271,4,3055.16,2026-01-18,
5782,612.0,100,3,352.32,2026-06-05,
5783,1768.0,122,4,2641.6,2026-01-29,
5784,280.0,282,5,3032.25,2025-12-24,
5785,435.0,209,1,791.31,2026-08-02,
5786,1259.0,120,3,2175.63,2026-06-17,
5787,210.0,64,1,812.86,2025-08-09,
5788,1416.0,190,4,270.84,2026-01-21,
5789,,10,5,3958.7,2026-07-03,
5790,755.0,25,5,2917.4,2026-01-17,
5791,1450.0,290,5,2116.85,2025-09-29,
5792,586.0,34,3,2218.86,2026-06-02,
5793,1915.0,294,2,976.32,2026-02-06,
5794,523.0,9,4,3163.12,2026-03-29,
5795,826.0,299,2,1042.94,2026-03-29,
5796,1931.0,294,5,2440.8,2025-12-17,
5797,1173.0,216,-5,2203.8,2026-05-23,
5798,1701.0,193,3,1157.85,2026-06-17,
5799,1556.0,283,5,2131.0,2025-12-05,
5800,1821.0,234,1,360.82,2025-11-09,
5801,298.0,268,3,1051.71,2026-07-19,
5802,1187.0,275,3,2015.97,2026-05-22,
5803,509.0,197,5,1978.3,2025-08-27,
5804,1158.0,76,3,2100.87,2025-10-11,
5805,44.0,53,3,2309.58,2025-11-20,
5806,1167.0,257,3,937.02,2026-04-11,
5807,1824.0,100,2,234.88,2025-12-26,
5808,379.0,98,1,203.26,2025-10-25,
5809,1599.0,115,3,2522.94,2025-08-26,
5810,828.0,73,4,591.12,2025-09-04,
5811,1968.0,289,5,245.35,2026-08-05,
5812,1275.0,29,4,1503.16,2026-07-21,
5813,969.0,12,-5,4092.8,2025-10-11,
5814,1312.0,80,4,1022.08,2026-07-24,
5815,1565.0,61,4,2581.88,2025-11-02,
5816,1315.0,214,1,706.94,2026-05-17,
5817,1535.0,227,2,949.86,2026-03-18,
5818,1151.0,111,3,2067.81,2026-03-08,
5819,1243.0,117,5,2381.45,2026-05-30,
5820,1373.0,113,3,1961.07,2025-11-13,
5821,1841.0,186,2,1331.92,2026-06-17,
5822,1347.0,267,2,554.66,2026-02-10,
5823,1713.0,288,0,871.46,2025-10-10,
5824,1838.0,146,1,690.08,2025-11-04,
5825,1818.0,177,4,2474.32,2025-08-16,
5826,1848.0,61,0,1290.94,2025-10-28,
5827,890.0,290,5,2116.85,2025-11-18,
5828,1125.0,175,1,735.48,2026-05-10,
5829,1210.0,76,4,2801.16,2026-07-27,
5830,1386.0,184,5,1815.3,2026-06-08,
5831,1354.0,76,4,2801.16,2025-09-25,
5832,1605.0,137,1,743.8,2025-08-23,
5833,1174.0,282,4,2425.8,2025-09-23,
5834,834.0,194,3,2066.31,2026-03-02,
5835,31.0,38,2,1603.56,2025-11-27,
5836,1657.0,288,4,3485.84,2026-01-30,
5837,1377.0,219,1,293.87,2025-08-31,
5838,1654.0,75,2,1590.1,2026-06-11,
5839,1171.0,271,3,2291.37,2026-03-18,
5840,516.0,173,1,774.86,2026-06-15,
5841,817.0,99,3,1406.79,2026-05-19,
5842,493.0,278,2,1252.54,2026-06-10,
5843,557.0,160,5,2253.05,2026-07-27,
5844,1706.0,21,1,758.07,2026-05-31,
5845,1541.0,85,4,-113.48,2025-08-11,
5846,14.0,115,1,840.98,2025-09-09,
5847,1230.0,264,4,2127.56,2026-01-28,
5848,129.0,201,4,1564.4,2026-05-10,
5849,1708.0,29,1,375.79,2025-10-07,
5850,414.0,199,5,401.6,2025-10-07,
5851,1369.0,39,1,890.65,2026-04-19,
5852,686.0,99,5,2344.65,2026-06-10,
5853,1937.0,14,1,840.21,2025-09-25,
5854,1081.0,34,4,2958.48,2025-11-26,
5855,1328.0,29,5,1878.95,2025-08-25,
5856,601.0,143,1,85.14,2026-07-13,
5857,112.0,38,3,2405.34,2025-12-27,
5858,1585.0,233,4,2964.32,2025-08-27,
5859,402.0,91,5,2808.65,2026-01-22,
5860,1315.0,299,4,2085.88,2026-06-17,
5861,104.0,211,2,444.3,2026-07-12,
5862,1306.0,189,2,675.4,2026-05-12,
5863,35.0,144,3,379.41,2026-01-12,
5864,907.0,254,4,2498.16,2026-07-26,
5865,333.0,145,4,1559.76,2026-06-23,
5866,1814.0,30,4,3534.76,2025-11-13,
5867,1563.0,72,4,1968.4,2026-04-18,
5868,1222.0,211,2,444.3,2026-07-13,
5869,40.0,71,3,289.62,2026-03-05,
5870,1528.0,285,1,720.02,2026-01-31,
5871,1890.0,252,4,2855.4,2026-09-03,
5872,330.0,197,1,395.66,2026-06-02,
5873,137.0,290,5,2116.85,2025-09-13,
5874,814.0,135,1,-34.6,2026-06-23,
5875,539.0,269,5,2753.35,2026-07-27,
5876,407.0,35,2,1767.0,2026-02-05,
5877,476.0,104,4,620.72,2026-04-11,
5878,1955.0,46,2,1116.22,2026-04-09,
5879,1465.0,161,3,1109.61,2026-04-30,
5880,707.0,88,2,910.66,2026-02-13,
5881,957.0,206,1,596.17,2025-12-07,
5882,951.0,279,1,850.96,2026-06-21,
5883,1740.0,6,2,1246.68,2025-11-14,
5884,161.0,85,1,-28.37,2026-01-12,
5885,778.0,84,1,764.58,2025-09-15,
5886,1537.0,58,2,764.62,2026-04-03,
5887,1690.0,217,2,717.62,2026-06-06,
5888,272.0,263,3,872.97,2026-06-24,
5889,1119.0,240,4,3238.08,2026-03-26,
5890,771.0,294,3,1464.48,2026-08-03,
5891,447.0,63,2,313.46,2026-07-05,
5892,1826.0,230,1,500.73,2025-10-15,
5893,629.0,280,3,2264.7,2026-07-30,
5894,101.0,136,5,2665.95,2025-11-15,
5895,662.0,87,5,2341.55,2025-08-24,
5896,1770.0,25,2,1166.96,2026-01-02,
5897,1046.0,203,3,895.89,2025-12-22,
5898,884.0,23,1,144.79,2026-09-12,
5899,109.0,142,3,745.53,2026-03-03,
5900,420.0,122,4,2641.6,2025-11-01,
5901,816.0,129,1,491.91,2026-03-01,
5902,222.0,241,5,4075.45,2026-07-09,
5903,1518.0,73,4,591.12,2026-07-28,
5904,349.0,256,5,863.15,2026-01-23,
5905,29.0,96,1,289.58,2025-10-03,
5906,1799.0,83,1,187.23,2026-06-07,
5907,1099.0,252,5,3569.25,2026-04-25,
5908,1287.0,94,1,314.44,2026-02-03,
5909,1064.0,100,3,352.32,2026-04-06,
5910,1173.0,215,2,610.48,2025-10-01,
5911,1505.0,280,3,2264.7,2025-12-14,
5912,897.0,252,5,3569.25,2026-02-17,
5913,1775.0,120,4,2900.84,2026-07-09,
5914,498.0,119,5,1783.95,2026-08-01,
5915,363.0,59,5,311.45,2025-08-29,
5916,837.0,279,3,2552.88,2025-10-13,
5917,469.0,15,3,1415.19,2025-10-04,
5918,1966.0,294,4,1952.64,2025-12-05,
5919,,12,4,3274.24,2026-03-25,
5920,825.0,279,4,3403.84,2025-08-20,
5921,980.0,61,4,2581.88,2026-06-12,
5922,1764.0,32,4,-728.84,2026-03-20,
5923,1844.0,255,2,1452.66,2026-06-04,
5924,1598.0,208,5,1821.8,2026-04-29,
5925,748.0,76,1,700.29,2025-12-16,
5926,1108.0,2,4,2640.88,2026-01-01,
5927,1350.0,74,1,426.98,2026-01-05,
5928,459.0,88,2,910.66,2026-05-26,
5929,1381.0,179,3,1612.05,2026-02-28,
5930,806.0,82,1,472.21,2025-11-22,
5931,1592.0,188,1,497.46,2026-05-08,
5932,917.0,172,5,2662.6,2025-11-11,
5933,830.0,54,3,293.46,2026-07-26,
5934,1501.0,292,2,588.14,2026-02-17,
5935,1334.0,38,5,4008.9,2026-05-13,
5936,1169.0,90,1,397.43,2026-05-19,
5937,1163.0,72,3,1476.3,2025-10-01,
5938,1547.0,204,4,2094.6,2025-11-09,
5939,1210.0,21,5,3790.35,2026-02-09,
5940,482.0,274,3,578.31,2025-11-09,
5941,1248.0,221,5,1306.5,2026-04-05,
5942,1605.0,278,3,1878.81,2025-10-16,
5943,1952.0,280,1,754.9,2026-01-27,
5944,1828.0,82,2,944.42,2026-03-15,
5945,1636.0,20,3,2457.12,2026-05-30,
5946,1417.0,18,5,364.7,2026-08-05,
5947,888.0,118,5,3247.6,2025-09-03,
5948,1985.0,129,5,2459.55,2026-06-09,
5949,611.0,150,2,1435.3,2025-10-16,
5950,1049.0,173,5,3874.3,2025-09-12,
5951,1326.0,284,1,499.56,2025-09-24,
5952,711.0,44,3,1400.19,2025-09-06,
5953,1040.0,232,5,2454.85,2025-09-07,
5954,1424.0,235,1,891.6,2025-08-23,
5955,732.0,226,1,98.45,2025-09-20,
5956,1834.0,92,2,1342.82,2026-02-27,
5957,917.0,279,4,3403.84,2026-01-29,
5958,402.0,200,4,2863.16,2026-02-20,
5959,54.0,277,2,275.88,2025-08-21,
5960,780.0,232,3,1472.91,2025-11-04,
5961,131.0,40,5,357.45,2026-05-02,
5962,1251.0,237,4,1464.68,2025-12-17,
5963,788.0,273,4,1263.08,2026-04-29,
5964,1756.0,278,2,1252.54,2026-03-07,
5965,1036.0,295,4,1667.28,2026-01-13,
5966,1715.0,255,2,1452.66,2026-06-14,
5967,1058.0,67,3,2167.74,2026-07-27,
5968,1012.0,296,2,596.46,2026-05-20,
5969,652.0,20,5,4095.2,2026-03-31,
5970,817.0,269,1,550.67,2025-08-24,
5971,756.0,96,2,579.16,2026-04-22,
5972,1809.0,27,3,740.67,2026-07-26,
5973,1548.0,16,3,1087.26,2026-07-16,
5974,1491.0,200,4,2863.16,2026-07-20,
5975,1166.0,170,4,1976.92,2025-09-02,
5976,1379.0,20,1,819.04,2026-01-28,
5977,573.0,64,2,1625.72,2026-07-03,
5978,1595.0,278,2,1252.54,2025-08-24,
5979,550.0,176,3,1298.55,2026-07-06,
5980,1914.0,129,2,983.82,2026-06-21,
5981,944.0,269,4,2202.68,2026-02-09,
5982,288.0,202,2,1377.6,2025-11-26,
5983,603.0,181,5,4440.4,2026-05-01,
5984,1299.0,96,2,579.16,2025-08-19,
5985,1515.0,69,5,313.0,2026-06-10,
5986,1617.0,295,3,1250.46,2026-04-06,
5987,1775.0,201,2,782.2,2026-08-02,
5988,,100,5,587.2,2025-10-31,
5989,697.0,294,1,488.16,2026-03-25,
5990,534.0,208,0,728.72,2025-10-02,
5991,383.0,41,3,2344.32,2025-12-19,
5992,1480.0,273,3,947.31,2025-09-14,
5993,1872.0,248,2,1379.64,2026-03-21,
5994,344.0,176,4,1731.4,2026-04-02,
5995,827.0,295,2,833.64,2026-04-01,
5996,704.0,114,2,336.18,2025-11-10,
5997,1601.0,272,5,1639.35,2026-05-01,
5998,458.0,190,1,67.71,2025-12-20,
5999,1147.0,259,1,127.92,2025-10-13,
6000,750.0,201,3,1173.3,2026-03-25,
6001,1063.0,14,4,3360.84,2025-12-06,
6002,1945.0,135,4,-138.4,2026-05-17,
6003,33.0,287,3,-153.66,2026-07-14,
6004,1584.0,165,4,2534.6,2026-07-19,
6005,460.0,148,3,1500.69,2026-05-28,
6006,628.0,4,2,1374.12,2025-09-16,
6007,1689.0,62,5,3184.1,2026-02-12,
6008,1898.0,296,1,298.23,2025-09-13,
6009,1227.0,58,4,1529.24,2025-10-11,
6010,97.0,248,2,1379.64,2025-10-12,
6011,1707.0,102,5,409.25,2025-09-29,
6012,484.0,171,5,465.55,2026-07-22,
6013,177.0,138,1,287.36,2026-02-12,
6014,808.0,187,2,1763.0,2026-01-02,
6015,667.0,158,1,190.93,2026-05-22,
6016,221.0,151,4,3176.0,2025-11-11,
6017,415.0,168,3,1931.01,2025-11-10,
6018,1493.0,55,2,1713.08,2025-10-29,
6019,1269.0,89,3,308.28,2026-03-09,
6020,975.0,110,4,2894.44,2026-01-28,
6021,,269,1,550.67,2025-10-14,
6022,1744.0,219,4,1175.48,2025-10-07,
6023,33.0,163,1,602.17,2025-08-13,
6024,1428.0,137,2,1487.6,2025-12-23,
6025,1947.0,56,3,1871.97,2026-07-03,
6026,1590.0,45,1,728.99,2025-11-25,
6027,936.0,182,2,783.26,2025-10-02,
6028,1084.0,197,5,1978.3,2025-09-30,
6029,1073.0,63,5,783.65,2025-09-17,
6030,124.0,243,5,4067.05,2025-12-28,
6031,,68,4,3548.84,2025-10-12,
6032,266.0,140,3,2256.12,2025-12-29,
6033,1079.0,121,5,1341.8,2026-04-25,
6034,824.0,286,3,402.18,2025-12-07,
6035,1916.0,84,2,1529.16,2026-04-28,
6036,1658.0,170,5,2471.15,2026-06-15,
6037,120.0,220,4,1466.64,2025-11-14,
6038,1038.0,167,5,2156.4,2026-03-22,
6039,1104.0,213,4,1524.4,2026-07-12,
6040,612.0,227,3,1424.79,2026-04-12,
6041,1010.0,86,2,1399.16,2025-12-31,
6042,691.0,173,5,3874.3,2026-07-01,
6043,1295.0,144,5,632.35,2025-10-18,
6044,865.0,174,5,3282.75,2026-07-23,
6045,1614.0,187,3,2644.5,2025-10-19,
6046,1029.0,148,2,1000.46,2026-05-19,
6047,1962.0,66,3,2419.65,2026-05-17,
6048,1664.0,61,1,645.47,2025-08-05,
6049,53.0,220,3,1099.98,2026-04-30,
6050,1808.0,70,1,441.97,2026-03-02,
6051,320.0,21,1,758.07,2026-06-18,
6052,1310.0,158,3,572.79,2025-10-19,
6053,1326.0,118,5,3247.6,2025-10-22,
6054,1963.0,119,1,356.79,2025-11-25,
6055,1317.0,122,2,1320.8,2025-11-27,
6056,1779.0,60,3,2476.95,2025-11-30,
6057,427.0,163,1,602.17,2026-01-23,
6058,697.0,3,3,1865.01,2026-07-11,
6059,1069.0,247,1,622.25,2026-07-22,
6060,1138.0,105,4,2787.68,2026-06-24,
6061,582.0,94,1,314.44,2025-08-12,
6062,1744.0,156,3,2006.28,2025-12-01,
6063,1264.0,267,5,1386.65,2026-02-16,
6064,1202.0,197,4,1582.64,2026-06-27,
6065,1024.0,252,2,1427.7,2026-02-22,
6066,920.0,114,4,672.36,2026-02-14,
6067,1318.0,226,3,295.35,2026-02-18,
6068,1530.0,212,2,-618.5,2026-03-25,
6069,751.0,4,2,1374.12,2026-03-18,
6070,,264,2,1063.78,2026-07-29,
6071,429.0,189,3,1013.1,2025-12-11,
6072,448.0,36,5,3689.45,2025-08-09,
6073,1655.0,89,5,513.8,2025-11-18,
6074,390.0,55,2,1713.08,2026-02-01,
6075,410.0,33,2,309.46,2025-08-13,
6076,1284.0,74,1,426.98,2026-06-13,
6077,190.0,157,5,260.55,2026-09-24,
6078,1513.0,31,4,1388.4,2025-08-09,
6079,1065.0,5,1,306.14,2026-07-05,
6080,538.0,126,4,680.92,2025-12-28,
6081,418.0,251,2,1746.54,2026-03-31,
6082,707.0,284,4,1998.24,2026-04-27,
6083,339.0,13,5,4269.6,2025-12-29,
6084,1063.0,242,4,320.16,2026-05-29,
6085,363.0,45,4,2915.96,2026-02-18,
6086,984.0,93,3,2082.51,2026-04-27,
6087,534.0,238,3,1762.8,2025-12-18,
6088,1286.0,186,5,3329.8,2025-09-01,
6089,278.0,137,4,2975.2,2026-03-30,
6090,1767.0,195,2,482.76,2026-05-29,
6091,667.0,293,1,339.56,2026-07-10,
6092,185.0,73,5,738.9,2025-12-04,
6093,784.0,262,4,2213.44,2025-10-17,
6094,1495.0,284,2,999.12,2026-06-07,
6095,109.0,53,4,3079.44,2026-04-26,
6096,1472.0,282,2,1212.9,2026-01-26,
6097,1322.0,226,1,98.45,2026-02-13,
6098,130.0,241,2,1630.18,2025-11-12,
6099,407.0,235,2,1783.2,2026-04-04,
6100,1897.0,227,2,949.86,2026-05-04,
6101,1980.0,290,5,2116.85,2026-07-21,
6102,668.0,96,1,289.58,2025-10-14,
6103,318.0,94,2,628.88,2026-01-06,
6104,1863.0,296,5,1491.15,2026-01-17,
6105,1806.0,110,4,2894.44,2026-04-08,
6106,1501.0,88,1,455.33,2026-04-17,
6107,1347.0,219,3,881.61,2025-10-25,
6108,1312.0,300,1,581.59,2025-10-06,
6109,1133.0,156,2,1337.52,2026-07-11,
6110,485.0,282,2,1212.9,2026-03-25,
6111,1338.0,86,3,2098.74,2026-05-19,
6112,1617.0,187,2,1763.0,2025-12-05,
6113,417.0,296,5,1491.15,2026-01-12,
6114,1925.0,164,5,2201.2,2025-11-03,
6115,856.0,158,3,572.79,2025-11-17,
6116,1485.0,63,4,626.92,2025-10-15,
6117,449.0,238,4,2350.4,2026-01-27,
6118,594.0,83,4,748.92,2026-07-28,
6119,1170.0,127,1,790.62,2026-02-14,
6120,1773.0,171,3,279.33,2026-02-05,
6121,1661.0,130,5,4122.15,2025-12-06,
6122,1466.0,256,5,863.15,2026-06-09,
6123,1830.0,60,2,1651.3,2025-10-10,
6124,1690.0,229,5,250.95,2025-10-06,
6125,6.0,299,4,2085.88,2026-07-25,
6126,358.0,96,5,1447.9,2025-12-22,
6127,332.0,226,1,98.45,2026-03-13,
6128,505.0,29,3,1127.37,2025-10-03,
6129,1866.0,240,5,4047.6,2025-08-11,
6130,439.0,255,1,726.33,2026-01-14,
6131,284.0,252,3,2141.55,2025-09-05,
6132,1938.0,297,5,2986.25,2026-07-15,
6133,268.0,266,2,928.18,2026-01-07,
6134,1664.0,77,1,755.0,2025-12-18,
6135,1625.0,51,2,552.24,2026-03-03,
6136,1494.0,187,4,3526.0,2025-09-06,
6137,386.0,28,5,2451.0,2025-09-29,
6138,1810.0,89,1,102.76,2026-06-15,
6139,1559.0,23,3,434.37,2026-03-27,
6140,,284,4,1998.24,2025-09-25,
6141,1032.0,239,5,3834.9,2025-08-15,
6142,898.0,260,5,2130.05,2026-04-16,
6143,1420.0,179,2,1074.7,2025-12-26,
6144,732.0,191,5,1234.85,2026-03-15,
6145,1306.0,95,2,853.3,2026-05-13,
6146,1893.0,274,4,771.08,2026-07-31,
6147,414.0,32,1,-182.21,2025-10-05,
6148,619.0,9,3,2372.34,2025-10-02,
6149,1322.0,121,4,1073.44,2026-03-23,
6150,1752.0,42,5,1374.85,2025-11-24,
6151,225.0,294,3,1464.48,2025-09-19,
6152,711.0,236,1,602.21,2025-09-01,
6153,1786.0,84,2,1529.16,2025-12-08,
6154,47.0,293,1,339.56,2026-07-29,
6155,343.0,77,5,3775.0,2026-07-06,
6156,190.0,179,1,537.35,2026-07-31,
6157,979.0,156,2,1337.52,2026-05-30,
6158,395.0,142,5,1242.55,2026-01-11,
6159,1687.0,30,5,4418.45,2025-10-28,
6160,1181.0,101,1,871.35,2025-08-21,
6161,170.0,213,4,1524.4,2025-10-02,
6162,1024.0,108,5,3486.95,2026-03-22,
6163,1982.0,48,5,1517.95,2025-12-06,
6164,815.0,59,2,124.58,2025-12-05,
6165,1499.0,25,2,1166.96,2026-05-26,
6166,425.0,78,1,181.61,2026-04-20,
6167,1776.0,81,1,577.52,2026-05-04,
6168,956.0,236,4,2408.84,2026-03-18,
6169,236.0,72,1,492.1,2026-01-08,
6170,231.0,46,1,558.11,2025-11-03,
6171,215.0,196,4,974.96,2026-01-21,
6172,86.0,67,-2,1445.16,2025-11-07,
6173,1478.0,62,5,3184.1,2026-01-31,
6174,279.0,17,4,3046.76,2026-04-21,
6175,1557.0,176,-5,2164.25,2026-05-11,
6176,406.0,225,2,1394.66,2026-06-16,
6177,602.0,110,1,723.61,2025-10-03,
6178,884.0,293,2,679.12,2026-04-12,
6179,427.0,195,3,724.14,2026-01-10,
6180,1353.0,275,1,671.99,2025-10-10,
6181,1333.0,92,4,2685.64,2026-06-22,
6182,213.0,155,5,1373.2,2026-04-03,
6183,361.0,77,3,2265.0,2026-05-12,
6184,583.0,52,1,352.45,2025-11-28,
6185,1399.0,12,5,4092.8,2026-04-19,
6186,288.0,203,5,1493.15,2026-05-28,
6187,1181.0,173,1,774.86,2025-10-13,
6188,308.0,168,2,1287.34,2025-08-21,
6189,264.0,147,4,2381.88,2026-01-19,
6190,397.0,9,5,3953.9,2025-12-29,
6191,1478.0,188,3,1492.38,2025-09-03,
6192,1660.0,195,1,241.38,2025-12-13,
6193,,1,2,345.32,2026-04-19,
6194,708.0,292,5,1470.35,2025-11-13,
6195,1017.0,66,5,4032.75,2026-04-04,
6196,469.0,9,1,790.78,2026-02-20,
6197,291.0,233,1,741.08,2025-08-15,
6198,869.0,142,2,497.02,2026-04-13,
6199,669.0,184,5,1815.3,2026-04-21,
6200,794.0,277,3,413.82,2026-03-07,
6201,435.0,158,2,381.86,2025-12-14,
6202,1929.0,14,3,2520.63,2025-09-11,
6203,53.0,39,2,1781.3,2025-10-19,
6204,1906.0,73,4,591.12,2025-10-23,
6205,253.0,28,4,1960.8,2026-05-13,
6206,332.0,186,5,3329.8,2025-09-15,
6207,1142.0,246,2,359.42,2025-10-30,
6208,124.0,254,3,1873.62,2026-04-16,
6209,1269.0,86,5,3497.9,2026-03-02,
6210,,32,4,-728.84,2026-05-27,
6211,873.0,44,4,1866.92,2026-07-01,
6212,468.0,12,4,3274.24,2025-08-20,
6213,1762.0,67,2,1445.16,2025-08-21,
6214,1332.0,145,5,1949.7,2025-11-18,
6215,655.0,55,3,2569.62,2026-03-15,
6216,1696.0,134,2,1267.22,2026-02-28,
6217,1437.0,4,2,1374.12,2026-07-01,
6218,512.0,147,1,595.47,2026-07-01,
6219,35.0,31,1,347.1,2025-10-31,
6220,1960.0,186,4,2663.84,2026-05-05,
6221,1873.0,255,5,3631.65,2026-07-03,
6222,867.0,232,3,1472.91,2025-10-04,
6223,133.0,158,5,954.65,2025-08-29,
6224,1209.0,190,4,270.84,2026-06-19,
6225,584.0,179,3,1612.05,2026-04-11,
6226,1937.0,218,2,-535.14,2025-09-06,
6227,983.0,127,3,2371.86,2025-10-12,
6228,1714.0,55,2,1713.08,2026-07-01,
6229,890.0,129,4,1967.64,2025-10-02,
6230,91.0,2,1,660.22,2025-09-10,
6231,1576.0,285,1,720.02,2026-06-22,
6232,252.0,61,5,3227.35,2025-10-11,
6233,55.0,20,2,1638.08,2026-06-04,
6234,471.0,212,5,-1546.25,2025-09-03,
6235,817.0,52,4,1409.8,2025-12-27,
6236,1002.0,142,1,248.51,2026-05-22,
6237,1058.0,83,4,748.92,2025-11-27,
6238,27.0,22,5,678.1,2026-02-19,
6239,1664.0,265,1,185.77,2026-04-19,
6240,220.0,188,4,1989.84,2026-07-25,
6241,63.0,76,5,3501.45,2026-07-14,
6242,1443.0,56,3,1871.97,2025-09-17,
6243,173.0,32,4,-728.84,2026-05-08,
6244,87.0,101,5,4356.75,2025-12-27,
6245,209.0,210,4,1809.12,2026-03-02,
6246,947.0,127,1,790.62,2025-10-03,
6247,164.0,118,3,1948.56,2026-07-08,
6248,740.0,25,3,1750.44,2026-01-21,
6249,1008.0,272,3,983.61,2026-03-04,
6250,1641.0,154,2,1609.52,2026-01-14,
6251,234.0,206,2,1192.34,2026-03-01,
6252,36.0,101,1,871.35,2026-02-14,
6253,373.0,290,4,1693.48,2026-01-07,
6254,1761.0,179,5,2686.75,2025-11-28,
6255,916.0,271,3,2291.37,2026-07-18,
6256,1221.0,219,4,1175.48,2025-08-08,
6257,61.0,130,4,3297.72,2025-09-14,
6258,1150.0,105,1,696.92,2026-05-28,
6259,408.0,3,3,1865.01,2026-03-19,
6260,825.0,103,5,1428.7,2025-09-16,
6261,1889.0,81,4,2310.08,2026-02-27,
6262,1822.0,131,4,2485.0,2025-12-09,
6263,1686.0,202,4,2755.2,2025-11-14,
6264,724.0,77,1,755.0,2026-03-09,
6265,1075.0,300,1,581.59,2026-03-01,
6266,1433.0,124,2,1493.26,2025-08-27,
6267,66.0,244,1,194.24,2026-01-03,
6268,826.0,30,3,2651.07,2025-12-03,
6269,206.0,213,4,1524.4,2025-12-01,
6270,1284.0,160,3,1351.83,2026-05-23,
6271,1629.0,13,1,853.92,2025-09-25,
6272,916.0,60,1,825.65,2026-06-26,
6273,255.0,249,4,1882.72,2026-06-25,
6274,41.0,130,1,824.43,2026-04-23,
6275,484.0,135,5,-173.0,2025-08-05,
6276,140.0,279,5,4254.8,2025-08-21,
6277,1176.0,289,3,147.21,2026-06-09,
6278,511.0,2,3,1980.66,2026-01-02,
6279,1607.0,34,3,2218.86,2025-10-12,
6280,524.0,89,1,102.76,2026-03-14,
6281,1655.0,257,1,312.34,2026-07-31,
6282,1683.0,153,5,4453.15,2026-02-16,
6283,1605.0,255,4,2905.32,2026-07-26,
6284,1309.0,271,4,3055.16,2026-08-02,
6285,407.0,115,1,840.98,2026-02-14,
6286,900.0,238,5,2938.0,2026-01-23,
6287,,62,4,2547.28,2026-04-09,
6288,210.0,285,3,2160.06,2026-02-24,
6289,1957.0,211,4,888.6,2026-02-07,
6290,443.0,51,2,552.24,2025-11-07,
6291,,249,3,1412.04,2026-06-24,
6292,983.0,26,4,1161.96,2025-12-04,
6293,509.0,293,3,1018.68,2026-10-10,
6294,1561.0,120,2,1450.42,2025-12-10,
6295,375.0,166,4,913.8,2026-06-02,
6296,1372.0,108,5,3486.95,2026-05-18,
6297,1165.0,149,5,3993.65,2026-01-02,
6298,914.0,59,5,311.45,2026-04-09,
6299,1458.0,8,1,870.99,2026-01-08,
6300,1810.0,136,2,1066.38,2025-11-22,
6301,54.0,221,2,522.6,2026-07-08,
6302,105.0,110,4,2894.44,2026-01-07,
6303,1679.0,264,4,2127.56,2026-05-22,
6304,217.0,277,2,275.88,2025-12-03,
6305,113.0,46,4,2232.44,2026-06-02,
6306,1292.0,82,1,472.21,2026-05-21,
6307,,133,1,233.39,2025-09-20,
6308,482.0,280,1,754.9,2026-03-24,
6309,1171.0,190,5,338.55,2026-01-21,
6310,1034.0,263,5,1454.95,2026-05-13,
6311,1845.0,300,4,2326.36,2025-09-24,
6312,172.0,76,1,700.29,2025-10-28,
6313,1497.0,228,1,606.98,2025-11-28,
6314,1282.0,276,5,1601.3,2026-04-17,
6315,,149,5,3993.65,2025-10-14,
6316,1901.0,37,5,359.05,2025-09-17,
6317,623.0,205,3,1122.12,2026-03-30,
6318,330.0,274,2,385.54,2025-09-28,
6319,1940.0,62,4,2547.28,2026-05-09,
6320,1051.0,183,5,1810.2,2026-08-01,
6321,902.0,120,5,3626.05,2026-01-21,
6322,897.0,260,3,1278.03,2026-06-15,
6323,354.0,6,5,3116.7,2025-09-30,
6324,532.0,32,1,-182.21,2025-10-13,
6325,858.0,277,1,137.94,2025-09-03,
6326,970.0,243,3,2440.23,2025-10-19,
6327,1725.0,48,2,607.18,2025-10-15,
6328,1154.0,97,4,1014.04,2025-08-11,
6329,1220.0,44,3,1400.19,2025-12-01,
6330,1566.0,207,1,500.65,2026-04-30,
6331,1047.0,44,2,933.46,2025-08-29,
6332,554.0,256,5,863.15,2025-08-22,
6333,1374.0,85,5,-141.85,2025-11-23,
6334,1852.0,217,5,1794.05,2025-10-07,
6335,949.0,259,2,255.84,2026-03-30,
6336,1932.0,201,5,1955.5,2025-11-11,
6337,548.0,245,1,544.85,2026-02-27,
6338,727.0,23,5,723.95,2025-10-28,
6339,530.0,118,1,649.52,2026-06-10,
6340,868.0,46,5,2790.55,2025-09-17,
6341,875.0,58,3,1146.93,2025-11-22,
6342,1843.0,23,4,579.16,2026-05-16,
6343,363.0,283,2,852.4,2026-02-09,
6344,1381.0,250,3,1247.7,2026-08-04,
6345,460.0,284,5,2497.8,2026-02-19,
6346,726.0,171,4,372.44,2026-07-27,
6347,1190.0,55,4,3426.16,2026-07-12,
6348,600.0,204,2,1047.3,2026-03-13,
6349,1897.0,24,5,470.05,2026-06-01,
6350,1711.0,216,3,1322.28,2026-07-05,
6351,1120.0,193,4,1543.8,2026-05-03,
6352,1917.0,128,3,1458.21,2026-07-07,
6353,545.0,220,0,366.66,2025-09-17,
6354,640.0,232,5,2454.85,2025-09-08,
6355,910.0,78,1,181.61,2026-02-03,
6356,1149.0,6,2,1246.68,2026-07-06,
6357,791.0,174,1,656.55,2026-03-31,
6358,1912.0,73,2,295.56,2026-01-25,
6359,1557.0,183,5,1810.2,2025-10-03,
6360,564.0,125,4,816.28,2026-06-21,
6361,257.0,278,5,3131.35,2026-05-27,
6362,1982.0,1,5,863.3,2026-01-09,
6363,545.0,294,2,976.32,2026-03-21,
6364,1091.0,274,4,771.08,2026-03-29,
6365,1258.0,257,2,624.68,2026-03-23,
6366,282.0,22,4,542.48,2026-03-31,
6367,983.0,133,4,933.56,2025-11-20,
6368,912.0,78,5,908.05,2026-03-16,
6369,871.0,295,1,416.82,2026-04-30,
6370,1707.0,12,5,4092.8,2026-02-25,
6371,615.0,33,1,154.73,2025-09-11,
6372,1700.0,38,2,1603.56,2026-04-15,
6373,1836.0,58,5,1911.55,2025-10-06,
6374,1355.0,128,3,1458.21,2026-02-20,
6375,1464.0,84,2,1529.16,2026-05-03,
6376,477.0,209,1,791.31,2025-10-21,
6377,1474.0,110,4,2894.44,2025-09-17,
6378,700.0,209,1,791.31,2026-05-17,
6379,90.0,96,0,579.16,2026-03-06,
6380,1140.0,131,3,1863.75,2025-08-12,
6381,821.0,262,1,553.36,2025-08-27,
6382,1864.0,171,1,93.11,2025-10-29,
6383,1857.0,85,3,-85.11,2026-07-10,
6384,1015.0,143,3,255.42,2026-01-19,
6385,,75,3,2385.15,2026-01-15,
6386,652.0,50,4,305.72,2026-01-11,
6387,1428.0,17,2,1523.38,2025-08-13,
6388,58.0,149,3,2396.19,2026-05-18,
6389,824.0,291,4,1346.68,2026-04-29,
6390,1548.0,33,4,618.92,2026-05-21,
6391,1582.0,248,1,689.82,2025-10-09,
6392,1434.0,265,2,371.54,2026-05-06,
6393,1103.0,133,5,1166.95,2025-08-05,
6394,1292.0,294,5,2440.8,2025-08-29,
6395,1109.0,22,5,678.1,2025-08-07,
6396,946.0,2,4,2640.88,2025-12-18,
6397,199.0,283,2,852.4,2026-08-03,
6398,907.0,140,1,752.04,2025-10-20,
6399,1059.0,139,4,2416.56,2026-05-22,
6400,1720.0,54,2,195.64,2025-10-06,
6401,379.0,168,5,3218.35,2026-03-02,
6402,1940.0,202,4,2755.2,2025-12-13,
6403,865.0,136,5,2665.95,2025-10-19,
6404,1649.0,276,5,1601.3,2026-03-04,
6405,811.0,128,5,2430.35,2026-01-05,
6406,639.0,282,4,2425.8,2025-10-17,
6407,1162.0,260,4,1704.04,2026-07-10,
6408,671.0,160,1,450.61,2025-09-11,
6409,535.0,175,5,3677.4,2025-08-06,
6410,227.0,161,1,369.87,2025-12-07,
6411,277.0,64,5,4064.3,2026-04-07,
6412,1731.0,93,1,694.17,2025-08-23,
6413,505.0,245,3,1634.55,2025-12-09,
6414,720.0,196,1,243.74,2026-06-15,
6415,972.0,59,1,62.29,2025-10-13,
6416,1399.0,41,4,3125.76,2025-11-17,
6417,1706.0,32,2,-364.42,2025-11-07,
6418,1654.0,276,5,1601.3,2026-07-15,
6419,863.0,203,2,597.26,2026-02-26,
6420,842.0,161,2,739.74,2026-07-20,
6421,1055.0,65,1,614.34,2025-11-04,
6422,672.0,297,3,1791.75,2026-03-06,
6423,115.0,191,5,1234.85,2026-05-07,
6424,16.0,195,4,965.52,2025-08-05,
6425,1217.0,26,1,290.49,2026-08-03,
6426,1653.0,294,3,1464.48,2025-12-20,
6427,1087.0,70,3,1325.91,2026-03-07,
6428,367.0,298,3,1451.25,2026-04-29,
6429,1886.0,25,3,1750.44,2025-10-06,
6430,1398.0,193,4,1543.8,2026-07-30,
6431,,141,5,790.25,2026-01-14,
6432,1019.0,223,4,2637.88,2026-06-28,
6433,670.0,211,1,222.15,2026-06-15,
6434,332.0,224,3,1471.77,2026-04-01,
6435,645.0,8,3,2612.97,2025-10-10,
6436,1004.0,217,3,1076.43,2026-04-18,
6437,1101.0,227,3,1424.79,2026-06-03,
6438,923.0,15,5,2358.65,2026-03-12,
6439,1976.0,158,3,572.79,2026-05-29,
6440,1601.0,114,2,336.18,2026-03-30,
6441,60.0,260,5,2130.05,2025-08-29,
6442,497.0,218,2,-535.14,2025-08-28,
6443,1637.0,190,3,203.13,2026-01-27,
6444,1605.0,208,4,1457.44,2026-01-06,
6445,1578.0,67,2,1445.16,2026-02-28,
6446,1435.0,215,3,915.72,2026-05-02,
6447,223.0,149,1,798.73,2026-01-19,
6448,1237.0,204,3,1570.95,2025-10-07,
6449,1896.0,178,2,761.04,2026-06-20,
6450,1423.0,28,1,490.2,2026-01-29,
6451,1753.0,218,2,-535.14,2026-05-25,
6452,359.0,96,1,289.58,2026-01-21,
6453,371.0,78,3,544.83,2026-08-02,
6454,1975.0,232,4,1963.88,2025-11-07,
6455,,245,4,2179.4,2026-07-04,
6456,1565.0,206,2,1192.34,2025-11-01,
6457,138.0,162,5,1498.35,2025-10-12,
6458,213.0,200,1,715.79,2026-06-28,
6459,576.0,41,2,1562.88,2026-03-08,
6460,763.0,52,1,352.45,2026-07-16,
6461,1093.0,258,3,2552.85,2025-10-24,
6462,123.0,265,4,743.08,2026-07-13,
6463,,4,5,3435.3,2026-07-09,
6464,1206.0,56,4,2495.96,2026-02-15,
6465,986.0,265,4,743.08,2026-03-29,
6466,262.0,254,5,3122.7,2026-07-17,
6467,355.0,101,1,871.35,2026-01-01,
6468,1808.0,296,5,1491.15,2026-04-23,
6469,1907.0,184,4,1452.24,2026-06-07,
6470,914.0,7,3,2105.16,2026-07-13,
6471,1624.0,70,4,1767.88,2025-10-23,
6472,1308.0,135,2,-69.2,2025-10-27,
6473,302.0,218,1,-267.57,2026-06-17,
6474,110.0,57,2,1392.5,2026-02-08,
6475,515.0,105,5,3484.6,2026-01-10,
6476,701.0,118,4,2598.08,2026-07-20,
6477,709.0,117,4,1905.16,2026-05-22,
6478,99.0,198,5,2891.75,2025-09-06,
6479,718.0,237,5,1830.85,2026-02-17,
6480,543.0,87,3,1404.93,2025-12-13,
6481,635.0,264,2,1063.78,2026-04-08,
6482,1376.0,66,1,806.55,2025-09-18,
6483,1032.0,286,2,268.12,2026-07-14,
6484,742.0,167,3,1293.84,2026-04-07,
6485,65.0,138,1,287.36,2026-03-03,
6486,626.0,220,3,1099.98,2026-07-25,
6487,1336.0,189,3,1013.1,2026-06-16,
6488,1516.0,240,3,2428.56,2026-05-23,
6489,1732.0,75,2,1590.1,2026-06-22,
6490,287.0,40,1,71.49,2026-05-30,
6491,1915.0,100,2,234.88,2026-01-08,
6492,1577.0,230,3,1502.19,2025-10-12,
6493,1568.0,276,5,1601.3,2026-01-06,
6494,1503.0,252,5,3569.25,2026-01-28,
6495,898.0,44,4,1866.92,2025-09-14,
6496,498.0,204,2,1047.3,2025-11-09,
6497,1003.0,151,2,1588.0,2026-01-20,
6498,393.0,87,1,468.31,2026-03-07,
6499,,285,5,3600.1,2025-12-01,
6500,1839.0,87,1,468.31,2026-06-02,
6501,1463.0,244,3,582.72,2025-09-16,
6502,125.0,7,5,3508.6,2025-08-05,
6503,1606.0,35,5,4417.5,2025-09-02,
6504,1694.0,199,2,160.64,2025-10-17,
6505,674.0,22,3,406.86,2025-10-04,
6506,792.0,100,1,117.44,2026-04-19,
6507,1473.0,118,3,1948.56,2026-02-17,
6508,1700.0,280,5,3774.5,2026-06-08,
6509,1279.0,75,3,2385.15,2025-10-04,
6510,1737.0,118,3,1948.56,2025-10-22,
6511,25.0,118,3,1948.56,2026-07-20,
6512,1055.0,19,1,692.6,2025-10-31,
6513,903.0,36,4,2951.56,2026-05-10,
6514,587.0,243,5,4067.05,2026-03-29,
6515,1726.0,264,1,531.89,2025-10-03,
6516,353.0,218,3,-802.71,2025-09-12,
6517,521.0,143,3,255.42,2026-04-23,
6518,537.0,185,3,426.06,2026-03-02,
6519,1692.0,219,1,293.87,2026-06-30,
6520,1679.0,273,2,631.54,2026-02-18,
6521,1410.0,274,3,578.31,2026-05-15,
6522,,34,4,2958.48,2025-10-30,
6523,1443.0,112,4,1880.28,2025-12-18,
6524,32.0,283,1,426.2,2026-07-19,
6525,1319.0,165,2,1267.3,2025-10-16,
6526,1100.0,64,2,1625.72,2026-01-31,
6527,1050.0,234,5,1804.1,2026-05-18,
6528,1506.0,131,5,3106.25,2026-03-26,
6529,1164.0,198,5,2891.75,2026-05-14,
6530,1201.0,297,4,2389.0,2026-07-03,
6531,1591.0,271,5,3818.95,2026-09-18,
6532,125.0,80,5,1277.6,2026-02-26,
6533,986.0,157,3,156.33,2026-02-06,
6534,1716.0,297,2,1194.5,2025-12-09,
6535,562.0,246,1,179.71,2026-05-07,
6536,520.0,231,2,1466.6,2026-08-04,
6537,75.0,193,2,771.9,2026-05-28,
6538,1107.0,46,5,2790.55,2026-05-17,
6539,359.0,196,3,731.22,2026-08-05,
6540,1853.0,138,2,574.72,2026-05-03,
6541,1329.0,105,5,3484.6,2025-08-12,
6542,921.0,116,5,4459.65,2026-01-09,
6543,483.0,84,5,3822.9,2026-07-18,
6544,1623.0,122,5,3302.0,2026-02-08,
6545,1999.0,53,2,1539.72,2026-02-12,
6546,1024.0,58,5,1911.55,2026-01-01,
6547,1885.0,16,4,1449.68,2025-09-10,
6548,431.0,81,5,2887.6,2026-04-14,
6549,1776.0,89,5,513.8,2025-08-21,
6550,1458.0,264,1,531.89,2026-01-16,
6551,1893.0,296,5,1491.15,2026-05-25,
6552,299.0,109,0,301.3,2026-04-06,
6553,1672.0,63,1,156.73,2026-05-12,
6554,380.0,60,1,825.65,2025-12-26,
6555,1821.0,118,2,1299.04,2026-06-21,
6556,130.0,2,1,660.22,2026-03-19,
6557,945.0,268,4,1402.28,2025-10-08,
6558,235.0,223,4,2637.88,2025-08-07,
6559,1041.0,24,1,94.01,2026-04-08,
6560,1465.0,286,4,536.24,2026-07-20,
6561,23.0,198,1,578.35,2026-08-02,
6562,1675.0,281,1,159.69,2026-03-02,
6563,764.0,152,2,1676.94,2026-02-23,
6564,592.0,197,1,395.66,2025-09-13,
6565,1839.0,32,2,-364.42,2026-07-03,
6566,1902.0,284,3,1498.68,2026-04-16,
6567,1314.0,164,2,880.48,2026-06-16,
6568,1046.0,44,5,2333.65,2025-11-16,
6569,566.0,25,4,2333.92,2025-11-09,
6570,1314.0,216,5,2203.8,2026-05-31,
6571,645.0,71,2,193.08,2025-09-03,
6572,1775.0,159,4,458.36,2026-04-03,
6573,72.0,162,1,299.67,2025-09-23,
6574,1502.0,2,2,1320.44,2026-02-02,
6575,1711.0,9,4,3163.12,2026-03-28,
6576,8.0,207,2,1001.3,2026-01-24,
6577,1933.0,190,3,203.13,2026-01-11,
6578,777.0,169,5,3476.0,2025-09-19,
6579,679.0,225,1,697.33,2026-01-30,
6580,893.0,11,1,285.15,2026-07-27,
6581,865.0,222,4,1745.24,2026-02-16,
6582,152.0,138,1,287.36,2026-05-01,
6583,1877.0,7,4,2806.88,2025-09-16,
6584,1777.0,190,3,203.13,2026-09-30,
6585,1442.0,45,1,728.99,2026-03-23,
6586,4.0,116,3,2675.79,2026-01-14,
6587,664.0,229,5,250.95,2026-03-18,
6588,1258.0,52,4,1409.8,2026-07-02,
6589,962.0,138,5,1436.8,2026-02-28,
6590,1260.0,22,5,678.1,2026-04-11,
6591,1584.0,8,3,2612.97,2025-11-08,
6592,881.0,288,2,1742.92,2026-03-03,
6593,415.0,215,5,1526.2,2026-05-01,
6594,289.0,151,5,3970.0,2025-11-29,
6595,1487.0,194,5,3443.85,2025-12-18,
6596,1274.0,291,5,1683.35,2026-04-18,
6597,796.0,208,2,728.72,2026-02-14,
6598,1082.0,236,1,602.21,2025-10-13,
6599,888.0,120,5,3626.05,2026-05-17,
6600,1066.0,286,5,670.3,2026-04-24,
6601,968.0,290,1,423.37,2025-08-11,
6602,1601.0,271,4,3055.16,2026-05-10,
6603,63.0,38,3,2405.34,2026-06-20,
6604,879.0,190,5,338.55,2026-05-16,
6605,929.0,93,3,2082.51,2025-10-02,
6606,931.0,40,5,357.45,2026-05-04,
6607,1420.0,194,1,688.77,2026-01-03,
6608,46.0,122,2,1320.8,2025-12-29,
6609,884.0,45,2,1457.98,2025-12-26,
6610,1740.0,184,4,1452.24,2026-05-02,
6611,1145.0,268,5,1752.85,2026-06-20,
6612,31.0,96,4,1158.32,2026-01-07,
6613,1134.0,155,1,274.64,2026-02-28,
6614,755.0,3,5,3108.35,2026-01-01,
6615,1606.0,72,1,492.1,2026-05-28,
6616,,237,3,1098.51,2025-10-10,
6617,1990.0,262,3,1660.08,2026-03-30,
6618,997.0,61,4,2581.88,2026-07-08,
6619,1447.0,234,3,1082.46,2025-12-20,
6620,1000.0,47,2,632.48,2026-03-16,
6621,1234.0,152,4,3353.88,2026-06-23,
6622,198.0,95,1,426.65,2025-09-10,
6623,297.0,278,5,3131.35,2025-09-27,
6624,1247.0,144,1,126.47,2025-12-08,
6625,893.0,207,2,1001.3,2026-01-26,
6626,334.0,137,2,1487.6,2025-10-23,
6627,1932.0,73,5,738.9,2025-12-02,
6628,1050.0,245,3,1634.55,2026-04-01,
6629,110.0,39,4,3562.6,2026-02-17,
6630,546.0,136,3,1599.57,2026-03-23,
6631,1687.0,68,1,887.21,2026-03-12,
6632,1395.0,284,3,1498.68,2026-07-17,
6633,996.0,151,3,2382.0,2025-10-07,
6634,892.0,24,3,282.03,2025-12-16,
6635,6.0,259,2,255.84,2025-12-09,
6636,259.0,296,2,596.46,2025-10-30,
6637,1701.0,188,4,1989.84,2026-03-26,
6638,37.0,1,5,863.3,2025-11-18,
6639,1295.0,26,1,290.49,2026-04-22,
6640,1896.0,205,2,748.08,2026-01-20,
6641,564.0,176,4,1731.4,2026-04-05,
6642,352.0,28,4,1960.8,2026-04-09,
6643,571.0,109,2,301.3,2025-08-08,
6644,1031.0,241,2,1630.18,2026-05-28,
6645,1252.0,84,5,3822.9,2026-01-24,
6646,11.0,168,3,1931.01,2026-05-18,
6647,995.0,30,1,883.69,2025-11-28,
6648,375.0,267,5,1386.65,2026-07-15,
6649,1469.0,83,3,561.69,2025-09-27,
6650,185.0,232,2,981.94,2026-03-17,
6651,149.0,70,4,1767.88,2026-07-05,
6652,1893.0,200,5,3578.95,2026-03-29,
6653,987.0,192,1,423.94,2025-08-13,
6654,1611.0,34,1,739.62,2026-01-24,
6655,1314.0,180,5,3211.65,2025-11-17,
6656,238.0,31,1,347.1,2026-04-05,
6657,1997.0,295,3,1250.46,2026-02-05,
6658,365.0,1,5,863.3,2025-09-29,
6659,1672.0,238,1,587.6,2026-05-29,
6660,381.0,45,3,2186.97,2026-04-01,
6661,1531.0,219,1,293.87,2026-01-12,
6662,466.0,23,-3,434.37,2026-01-16,
6663,1682.0,226,1,98.45,2026-03-22,
6664,409.0,292,2,588.14,2025-12-01,
6665,947.0,23,1,144.79,2025-08-29,
6666,1216.0,37,4,287.24,2026-05-28,
6667,10.0,161,1,369.87,2026-01-22,
6668,1856.0,248,3,2069.46,2026-03-15,
6669,1176.0,45,5,3644.95,2026-04-02,
6670,1457.0,160,5,2253.05,2026-01-05,
6671,465.0,168,3,1931.01,2026-02-09,
6672,1069.0,73,5,738.9,2025-08-13,
6673,1215.0,240,4,3238.08,2026-03-11,
6674,437.0,285,5,3600.1,2025-08-06,
6675,270.0,212,3,-927.75,2026-03-07,
6676,1960.0,132,3,616.05,2026-06-04,
6677,847.0,242,0,80.04,2026-03-24,
6678,1625.0,46,5,2790.55,2026-01-29,
6679,972.0,264,2,1063.78,2025-12-02,
6680,1661.0,104,3,465.54,2026-04-28,
6681,437.0,276,1,320.26,2026-04-25,
6682,529.0,37,1,71.81,2026-02-14,
6683,315.0,171,1,93.11,2025-11-11,
6684,1360.0,181,5,4440.4,2026-03-10,
6685,1403.0,207,2,1001.3,2025-12-19,
6686,960.0,94,1,314.44,2026-04-28,
6687,1989.0,152,2,1676.94,2026-04-01,
6688,525.0,185,4,568.08,2026-07-01,
6689,691.0,269,2,1101.34,2026-03-14,
6690,1086.0,78,4,726.44,2025-11-23,
6691,1766.0,31,4,1388.4,2026-01-09,
6692,892.0,140,5,3760.2,2025-11-20,
6693,918.0,20,4,3276.16,2025-09-03,
6694,1123.0,100,5,587.2,2026-09-17,
6695,1825.0,113,3,1961.07,2025-10-19,
6696,1031.0,154,5,4023.8,2026-06-12,
6697,622.0,100,5,587.2,2026-03-29,
6698,1639.0,91,3,1685.19,2026-06-12,
6699,1887.0,117,4,1905.16,2026-02-16,
6700,1874.0,153,4,3562.52,2026-06-29,
6701,,71,5,482.7,2025-11-30,
6702,109.0,170,3,1482.69,2025-09-17,
6703,1899.0,229,4,200.76,2026-01-11,
6704,806.0,142,1,248.51,2026-01-31,
6705,1270.0,185,4,568.08,2025-11-07,
6706,164.0,172,3,1597.56,2025-11-25,
6707,327.0,187,4,3526.0,2026-06-26,
6708,375.0,106,5,420.0,2026-01-29,
6709,70.0,5,5,1530.7,2026-02-22,
6710,1848.0,277,3,413.82,2026-04-06,
6711,88.0,167,1,431.28,2025-12-16,
6712,1497.0,253,3,1038.0,2025-10-24,
6713,209.0,15,5,2358.65,2026-01-06,
6714,1948.0,120,1,725.21,2026-05-16,
6715,948.0,43,1,679.24,2026-03-18,
6716,195.0,260,4,1704.04,2026-03-01,
6717,673.0,10,2,1583.48,2026-06-14,
6718,1397.0,152,4,3353.88,2026-02-28,
6719,1407.0,200,1,715.79,2025-09-15,
6720,1299.0,91,2,1123.46,2025-12-30,
6721,1469.0,13,4,3415.68,2025-11-26,
6722,646.0,190,2,135.42,2026-06-02,
6723,1398.0,138,1,287.36,2026-03-19,
6724,1829.0,91,1,561.73,2026-02-28,
6725,374.0,43,2,1358.48,2025-08-15,
6726,1608.0,225,3,2091.99,2025-11-16,
6727,1786.0,290,3,1270.11,2025-11-25,
6728,324.0,31,1,347.1,2025-12-05,
6729,162.0,214,1,706.94,2025-08-08,
6730,691.0,164,1,440.24,2026-06-08,
6731,1857.0,110,2,1447.22,2026-03-27,
6732,532.0,178,5,1902.6,2025-10-08,
6733,696.0,226,5,492.25,2026-04-19,
6734,579.0,17,4,3046.76,2026-04-10,
6735,205.0,23,4,579.16,2026-02-20,
6736,1730.0,227,2,949.86,2026-06-14,
6737,1219.0,67,4,2890.32,2026-01-05,
6738,1907.0,282,1,606.45,2026-07-11,
6739,1381.0,182,-5,1958.15,2025-08-08,
6740,1871.0,188,1,497.46,2025-12-09,
6741,99.0,119,0,356.79,2025-10-10,
6742,590.0,5,4,1224.56,2025-09-19,
6743,1583.0,111,3,2067.81,2026-06-25,
6744,1414.0,7,2,1403.44,2026-07-15,
6745,7.0,297,1,597.25,2025-08-17,
6746,259.0,143,3,255.42,2025-10-07,
6747,878.0,17,2,1523.38,2026-01-06,
6748,1253.0,24,5,470.05,2025-09-28,
6749,148.0,146,1,690.08,2026-01-30,
6750,1284.0,278,3,1878.81,2025-08-20,
6751,1340.0,49,2,366.62,2026-01-06,
6752,1263.0,173,5,3874.3,2026-01-07,
6753,736.0,90,5,1987.15,2025-11-25,
6754,1863.0,178,2,761.04,2026-03-07,
6755,698.0,192,5,2119.7,2026-03-26,
6756,741.0,76,1,700.29,2026-07-21,
6757,69.0,199,1,80.32,2025-08-28,
6758,1974.0,31,4,1388.4,2025-08-12,
6759,1927.0,250,5,2079.5,2026-06-27,
6760,1320.0,296,1,298.23,2026-03-04,
6761,1170.0,10,4,3166.96,2025-10-13,
6762,121.0,220,5,1833.3,2025-11-18,
6763,793.0,38,5,4008.9,2026-02-28,
6764,539.0,225,4,2789.32,2026-06-24,
6765,,23,2,289.58,2025-11-11,
6766,1423.0,257,3,937.02,2025-12-22,
6767,1357.0,65,2,1228.68,2026-02-22,
6768,1738.0,100,5,587.2,2025-09-14,
6769,1190.0,148,3,1500.69,2026-05-31,
6770,43.0,192,2,847.88,2025-10-29,
6771,1006.0,2,4,2640.88,2025-08-05,
6772,1554.0,235,-4,3566.4,2026-03-09,
6773,672.0,81,3,1732.56,2026-07-11,
6774,330.0,5,2,612.28,2026-03-02,
6775,150.0,179,1,537.35,2026-03-15,
6776,778.0,253,2,692.0,2026-03-08,
6777,267.0,161,3,1109.61,2025-10-17,
6778,586.0,201,2,782.2,2026-07-10,
6779,1101.0,55,4,3426.16,2026-04-20,
6780,1193.0,131,2,1242.5,2026-06-13,
6781,1355.0,32,2,-364.42,2025-08-20,
6782,449.0,294,2,976.32,2025-12-11,
6783,678.0,114,3,504.27,2026-02-08,
6784,32.0,49,1,183.31,2025-12-01,
6785,82.0,17,5,3808.45,2026-04-20,
6786,730.0,216,1,440.76,2026-06-17,
6787,1305.0,126,1,170.23,2026-03-03,
6788,1871.0,277,5,689.7,2026-03-07,
6789,519.0,212,0,-1546.25,2025-11-05,
6790,311.0,125,1,204.07,2026-04-02,
6791,787.0,60,1,825.65,2026-03-24,
6792,451.0,202,4,2755.2,2026-05-18,
6793,1900.0,70,5,2209.85,2026-02-04,
6794,1836.0,4,3,2061.18,2025-11-14,
6795,685.0,172,4,2130.08,2026-06-24,
6796,1618.0,289,5,245.35,2026-07-02,
6797,663.0,279,4,3403.84,2026-05-20,
6798,180.0,290,2,846.74,2025-09-15,
6799,1510.0,88,5,2276.65,2026-03-07,
6800,344.0,217,3,1076.43,2025-12-18,
6801,473.0,203,1,298.63,2026-01-13,
6802,1375.0,124,4,2986.52,2026-07-07,
6803,1812.0,92,1,671.41,2025-11-04,
6804,758.0,73,4,591.12,2025-08-10,
6805,383.0,182,5,1958.15,2025-10-02,
6806,947.0,40,3,214.47,2026-07-30,
6807,1424.0,238,1,587.6,2026-01-25,
6808,1859.0,65,1,614.34,2026-06-07,
6809,187.0,228,1,606.98,2025-12-26,
6810,463.0,177,2,1237.16,2026-07-26,
6811,371.0,282,1,606.45,2025-08-09,
6812,1435.0,97,4,1014.04,2025-08-23,
6813,1326.0,87,1,468.31,2025-08-05,
6814,723.0,88,1,455.33,2025-10-26,
6815,1070.0,269,1,550.67,2025-08-22,
6816,1481.0,294,4,1952.64,2026-04-25,
6817,1159.0,3,3,1865.01,2025-12-16,
6818,218.0,49,4,733.24,2026-05-11,
6819,895.0,58,5,1911.55,2026-01-03,
6820,761.0,109,5,753.25,2026-05-27,
6821,1128.0,171,5,465.55,2026-04-25,
6822,1804.0,42,5,1374.85,2026-01-08,
6823,1536.0,161,5,1849.35,2025-09-13,
6824,343.0,238,4,2350.4,2026-03-22,
6825,1139.0,49,4,733.24,2026-07-16,
6826,1452.0,265,1,185.77,2026-07-08,
6827,1879.0,26,3,871.47,2026-06-03,
6828,1096.0,122,4,2641.6,2026-03-24,
6829,1122.0,111,1,689.27,2025-12-21,
6830,1931.0,193,5,1929.75,2026-04-12,
6831,1861.0,80,5,1277.6,2025-10-22,
6832,1842.0,298,4,1935.0,2025-08-11,
6833,566.0,89,5,513.8,2026-07-24,
6834,1775.0,170,3,1482.69,2025-12-21,
6835,1053.0,28,1,490.2,2026-01-02,
6836,1480.0,71,2,193.08,2025-11-26,
6837,3.0,245,2,1089.7,2025-09-11,
6838,1129.0,28,2,980.4,2026-03-09,
6839,604.0,110,5,3618.05,2025-11-14,
6840,1281.0,275,2,1343.98,2026-05-29,
6841,1357.0,118,2,1299.04,2026-03-12,
6842,517.0,80,1,255.52,2025-10-18,
6843,571.0,46,3,1674.33,2026-06-21,
6844,1342.0,250,3,1247.7,2026-01-22,
6845,1894.0,109,2,301.3,2026-03-03,
6846,136.0,269,1,550.67,2026-04-20,
6847,1183.0,216,3,1322.28,2026-06-29,
6848,1379.0,101,1,871.35,2026-07-19,
6849,262.0,65,1,614.34,2025-11-27,
6850,104.0,19,2,1385.2,2026-01-19,
6851,449.0,142,2,497.02,2026-01-26,
6852,1469.0,68,2,1774.42,2026-03-14,
6853,736.0,225,4,2789.32,2025-08-25,
6854,500.0,66,1,806.55,2026-02-16,
6855,85.0,191,2,493.94,2026-05-27,
6856,192.0,67,5,3612.9,2026-02-07,
6857,1816.0,214,-3,2120.82,2026-07-25,
6858,520.0,25,4,2333.92,2026-05-12,
6859,6.0,203,2,597.26,2026-07-25,
6860,1465.0,30,3,2651.07,2025-08-12,
6861,936.0,119,4,1427.16,2026-04-15,
6862,815.0,236,3,1806.63,2025-09-19,
6863,1252.0,300,1,581.59,2026-02-27,
6864,271.0,276,2,640.52,2026-02-04,
6865,1335.0,37,1,71.81,2025-10-06,
6866,184.0,83,5,936.15,2026-01-12,
6867,962.0,213,1,381.1,2026-08-26,
6868,1772.0,153,4,3562.52,2026-04-11,
6869,1193.0,21,2,1516.14,2026-06-13,
6870,245.0,272,2,655.74,2025-08-18,
6871,508.0,15,3,1415.19,2025-08-17,
6872,137.0,278,3,1878.81,2025-09-17,
6873,333.0,199,4,321.28,2026-04-07,
6874,167.0,78,5,908.05,2026-05-23,
6875,860.0,104,1,155.18,2025-10-23,
6876,1027.0,250,1,415.9,2026-01-18,
6877,832.0,29,3,1127.37,2025-12-27,
6878,1985.0,286,3,402.18,2026-07-16,
6879,944.0,214,4,2827.76,2026-04-29,
6880,479.0,21,4,3032.28,2025-09-21,
6881,173.0,202,2,1377.6,2025-08-23,
6882,1647.0,293,5,1697.8,2025-11-02,
6883,741.0,202,3,2066.4,2025-11-18,
6884,1191.0,31,3,1041.3,2026-07-27,
6885,616.0,147,3,1786.41,2025-11-27,
6886,1977.0,19,4,2770.4,2025-11-30,
6887,403.0,221,4,1045.2,2025-11-10,
6888,1578.0,157,5,260.55,2025-09-25,
6889,1163.0,97,2,507.02,2026-03-26,
6890,18.0,214,3,2120.82,2026-03-24,
6891,772.0,155,5,1373.2,2026-09-04,
6892,389.0,86,4,2798.32,2025-08-21,
6893,790.0,67,2,1445.16,2026-01-04,
6894,1807.0,69,4,250.4,2026-02-08,
6895,606.0,61,1,645.47,2025-11-19,
6896,444.0,76,3,2100.87,2026-04-20,
6897,1884.0,211,2,444.3,2025-12-16,
6898,1425.0,176,5,2164.25,2026-01-15,
6899,1380.0,165,3,1900.95,2026-03-09,
6900,1391.0,78,1,181.61,2026-07-21,
6901,1304.0,264,5,2659.45,2026-07-31,
6902,1506.0,21,5,3790.35,2026-01-07,
6903,1947.0,253,5,1730.0,2026-06-18,
6904,1906.0,51,5,1380.6,2026-07-26,
6905,1310.0,209,2,1582.62,2025-12-28,
6906,1859.0,123,3,1472.52,2025-10-08,
6907,1170.0,44,5,2333.65,2025-11-29,
6908,452.0,195,3,724.14,2026-08-05,
6909,694.0,103,5,1428.7,2025-08-19,
6910,1475.0,123,2,981.68,2025-12-29,
6911,1995.0,145,4,1559.76,2025-09-29,
6912,1366.0,96,3,868.74,2026-06-06,
6913,1089.0,30,3,2651.07,2026-06-03,
6914,503.0,121,2,536.72,2025-09-22,
6915,1945.0,134,2,1267.22,2025-09-19,
6916,159.0,18,2,145.88,2025-12-08,
6917,1738.0,41,3,2344.32,2026-07-24,
6918,831.0,271,4,3055.16,2025-12-16,
6919,1473.0,15,3,1415.19,2026-03-30,
6920,1769.0,137,3,2231.4,2026-03-24,
6921,1877.0,240,4,3238.08,2026-01-21,
6922,1023.0,289,-3,147.21,2026-07-09,
6923,823.0,170,4,1976.92,2026-02-06,
6924,1940.0,138,3,862.08,2025-09-27,
6925,1981.0,103,3,857.22,2025-12-05,
6926,760.0,123,4,1963.36,2026-08-02,
6927,1756.0,289,4,196.28,2026-01-17,
6928,792.0,139,4,2416.56,2026-05-30,
6929,1971.0,258,4,3403.8,2025-10-13,
6930,428.0,33,4,618.92,2025-10-15,
6931,162.0,144,2,252.94,2026-08-04,
6932,585.0,91,3,1685.19,2026-07-03,
6933,1097.0,190,1,67.71,2025-10-14,
6934,681.0,5,5,1530.7,2025-09-22,
6935,180.0,157,5,260.55,2026-03-29,
6936,1558.0,175,2,1470.96,2025-08-08,
6937,293.0,205,5,1870.2,2025-12-11,
6938,1180.0,166,3,685.35,2025-11-04,
6939,619.0,196,4,974.96,2025-10-27,
6940,232.0,229,2,100.38,2026-08-01,
6941,929.0,123,1,490.84,2026-04-08,
6942,491.0,142,2,497.02,2026-04-13,
6943,244.0,189,5,1688.5,2026-04-18,
6944,789.0,137,2,1487.6,2025-11-27,
6945,108.0,63,3,470.19,2026-01-22,
6946,1196.0,136,5,2665.95,2026-06-09,
6947,1624.0,101,2,1742.7,2025-08-16,
6948,1673.0,81,4,2310.08,2025-11-13,
6949,1591.0,60,3,2476.95,2026-02-14,
6950,438.0,163,3,1806.51,2025-12-02,
6951,1161.0,29,4,1503.16,2026-02-07,
6952,1348.0,212,2,-618.5,2026-07-20,
6953,214.0,235,2,1783.2,2026-01-02,
6954,1094.0,10,1,791.74,2025-11-30,
6955,1926.0,63,4,626.92,2026-03-03,
6956,1884.0,272,3,983.61,2025-11-25,
6957,1909.0,86,2,1399.16,2026-04-27,
6958,755.0,62,1,636.82,2026-06-06,
6959,190.0,282,4,2425.8,2025-12-09,
6960,,286,3,402.18,2025-12-27,
6961,743.0,81,2,1155.04,2026-03-24,
6962,887.0,144,2,252.94,2025-10-30,
6963,532.0,259,4,511.68,2026-03-26,
6964,100.0,137,4,2975.2,2026-01-21,
6965,398.0,58,4,1529.24,2025-12-09,
6966,1417.0,84,1,764.58,2025-10-10,
6967,1632.0,271,4,3055.16,2025-09-11,
6968,,175,2,1470.96,2026-06-30,
6969,928.0,228,4,2427.92,2026-06-21,
6970,881.0,68,5,4436.05,2026-06-18,
6971,833.0,205,3,1122.12,2025-11-03,
6972,959.0,97,2,507.02,2026-02-28,
6973,571.0,2,1,660.22,2025-10-31,
6974,1895.0,32,1,-182.21,2025-12-04,
6975,1667.0,183,2,724.08,2025-08-07,
6976,129.0,225,5,3486.65,2026-02-10,
6977,667.0,13,3,2561.76,2026-06-23,
6978,75.0,266,1,464.09,2025-09-05,
6979,991.0,13,2,1707.84,2025-09-27,
6980,135.0,92,2,1342.82,2025-11-24,
6981,655.0,159,2,229.18,2025-12-12,
6982,246.0,238,2,1175.2,2026-05-14,
6983,1238.0,218,1,-267.57,2025-12-18,
6984,1982.0,155,2,549.28,2025-10-28,
6985,1576.0,294,1,488.16,2025-09-13,
6986,1084.0,112,4,1880.28,2025-10-08,
6987,337.0,45,4,2915.96,2026-05-04,
6988,250.0,18,2,145.88,2026-06-22,
6989,1275.0,102,4,327.4,2026-07-05,
6990,1453.0,178,-3,1141.56,2026-07-20,
6991,1589.0,79,5,1687.9,2026-03-24,
6992,1857.0,201,2,782.2,2025-08-26,
6993,1321.0,14,5,4201.05,2025-08-06,
6994,1488.0,96,5,1447.9,2026-05-19,
6995,705.0,249,2,941.36,2025-11-09,
6996,1980.0,66,3,2419.65,2026-01-05,
6997,1863.0,181,2,1776.16,2025-09-23,
6998,347.0,121,2,536.72,2026-04-17,
6999,465.0,78,4,726.44,2025-10-15,
7000,1236.0,98,5,1016.3,2025-09-09,
7001,589.0,90,1,397.43,2026-08-01,
7002,1416.0,187,4,3526.0,2026-07-08,
7003,462.0,114,3,504.27,2025-08-31,
7004,867.0,67,2,1445.16,2026-07-31,
7005,1039.0,219,1,293.87,2026-05-10,
7006,962.0,180,1,642.33,2026-06-03,
7007,1859.0,204,1,523.65,2026-02-04,
7008,2000.0,26,5,1452.45,2026-10-22,
7009,1048.0,236,1,602.21,2026-07-29,
7010,1244.0,96,4,1158.32,2026-06-03,
7011,1566.0,255,1,726.33,2026-04-10,
7012,1700.0,259,2,255.84,2025-09-29,
7013,80.0,103,4,1142.96,2026-04-07,
7014,1007.0,51,1,276.12,2026-01-31,
7015,812.0,64,2,1625.72,2026-02-13,
7016,1321.0,52,3,1057.35,2025-10-04,
7017,1829.0,284,2,999.12,2026-01-17,
7018,1295.0,286,5,670.3,2026-05-31,
7019,1974.0,94,1,314.44,2025-11-18,
7020,1891.0,253,4,1384.0,2026-03-01,
7021,1761.0,135,5,-173.0,2026-04-11,
7022,980.0,133,4,933.56,2026-03-04,
7023,907.0,103,3,857.22,2026-05-16,
7024,298.0,135,2,-69.2,2025-11-08,
7025,1415.0,108,2,1394.78,2026-04-01,
7026,1951.0,79,2,675.16,2025-12-17,
7027,35.0,83,5,936.15,2026-03-08,
7028,599.0,55,5,4282.7,2025-12-07,
7029,709.0,130,2,1648.86,2026-09-02,
7030,316.0,287,5,-256.1,2026-04-24,
7031,1504.0,95,2,853.3,2025-12-07,
7032,118.0,182,4,1566.52,2026-03-08,
7033,1682.0,194,2,1377.54,2025-12-09,
7034,,173,2,1549.72,2025-10-10,
7035,497.0,26,4,1161.96,2025-10-14,
7036,137.0,246,2,359.42,2026-03-19,
7037,114.0,59,5,311.45,2026-04-21,
7038,,140,4,3008.16,2025-12-01,
7039,215.0,252,3,2141.55,2025-10-10,
7040,995.0,121,1,268.36,2026-04-26,
7041,1755.0,162,2,599.34,2026-06-27,
7042,1582.0,287,3,-153.66,2025-12-17,
7043,664.0,63,5,783.65,2025-09-28,
7044,1820.0,77,1,755.0,2026-05-08,
7045,1587.0,37,2,143.62,2026-07-04,
7046,822.0,198,2,1156.7,2025-12-04,
7047,1607.0,30,0,4418.45,2025-09-13,
7048,470.0,147,4,2381.88,2026-01-09,
7049,1346.0,293,4,1358.24,2025-09-18,
7050,130.0,188,4,1989.84,2026-02-16,
7051,1620.0,161,3,1109.61,2025-12-10,
7052,741.0,244,1,194.24,2026-02-11,
7053,1165.0,164,3,1320.72,2025-12-26,
7054,1919.0,38,2,1603.56,2026-03-31,
7055,178.0,35,3,2650.5,2025-09-06,
7056,148.0,220,3,1099.98,2026-01-26,
7057,1570.0,40,5,357.45,2025-08-30,
7058,878.0,176,3,1298.55,2025-08-26,
7059,1167.0,140,1,752.04,2025-12-13,
7060,1477.0,47,-5,1581.2,2026-07-26,
7061,434.0,193,5,1929.75,2025-08-25,
7062,1121.0,165,4,2534.6,2026-02-26,
7063,1649.0,255,3,2178.99,2026-07-01,
7064,978.0,95,1,426.65,2026-04-09,
7065,38.0,1,2,345.32,2025-08-23,
7066,891.0,130,2,1648.86,2025-12-24,
7067,146.0,82,1,472.21,2025-12-02,
7068,279.0,255,1,726.33,2026-03-25,
7069,630.0,46,2,1116.22,2025-09-10,
7070,1171.0,38,2,1603.56,2025-11-13,
7071,1856.0,125,4,816.28,2026-01-26,
7072,1090.0,207,4,2002.6,2026-01-28,
7073,832.0,291,4,1346.68,2025-12-02,
7074,1956.0,19,5,3463.0,2025-11-17,
7075,442.0,268,4,1402.28,2026-02-04,
7076,874.0,38,2,1603.56,2025-11-02,
7077,474.0,252,4,2855.4,2026-05-28,
7078,1578.0,41,5,3907.2,2025-12-25,
7079,897.0,95,2,853.3,2026-04-10,
7080,943.0,200,1,715.79,2025-10-27,
7081,,174,5,3282.75,2025-12-21,
7082,1274.0,272,5,1639.35,2026-05-31,
7083,861.0,244,5,971.2,2025-09-28,
7084,1722.0,181,2,1776.16,2025-11-28,
7085,1844.0,107,5,2578.85,2026-01-22,
7086,237.0,159,2,229.18,2026-07-10,
7087,,47,4,1264.96,2026-02-26,
7088,64.0,159,2,229.18,2026-05-16,
7089,1305.0,263,5,1454.95,2026-05-20,
7090,478.0,172,2,1065.04,2026-07-02,
7091,94.0,64,2,1625.72,2026-05-16,
7092,1201.0,82,1,472.21,2025-11-27,
7093,1725.0,36,3,2213.67,2025-09-17,
7094,996.0,13,3,2561.76,2026-06-24,
7095,580.0,194,3,2066.31,2026-06-07,
7096,1638.0,289,4,196.28,2026-06-28,
7097,15.0,146,4,2760.32,2026-01-31,
7098,288.0,26,1,290.49,2025-09-20,
7099,951.0,216,5,2203.8,2025-12-21,
7100,634.0,203,3,895.89,2026-03-18,
7101,1017.0,279,4,3403.84,2025-11-29,
7102,1173.0,206,3,1788.51,2026-05-04,
7103,922.0,230,5,2503.65,2026-06-13,
7104,860.0,159,1,114.59,2026-03-14,
7105,1824.0,104,4,620.72,2026-01-30,
7106,1415.0,178,4,1522.08,2025-10-21,
7107,1757.0,18,3,218.82,2025-11-13,
7108,48.0,170,1,494.23,2025-11-25,
7109,723.0,209,2,1582.62,2026-06-30,
7110,964.0,162,2,599.34,2026-07-21,
7111,1206.0,102,1,81.85,2026-03-27,
7112,1158.0,198,3,1735.05,2025-10-22,
7113,382.0,219,5,1469.35,2025-08-19,
7114,162.0,238,4,2350.4,2025-12-12,
7115,1332.0,57,5,3481.25,2025-11-02,
7116,1166.0,184,0,726.12,2026-02-10,
7117,658.0,195,2,482.76,2026-02-19,
7118,1423.0,106,1,84.0,2026-02-28,
7119,955.0,190,5,338.55,2025-08-16,
7120,754.0,5,2,612.28,2025-10-30,
7121,331.0,180,1,642.33,2025-10-19,
7122,948.0,271,2,1527.58,2025-09-22,
7123,874.0,212,2,-618.5,2026-02-26,
7124,161.0,154,2,1609.52,2025-10-28,
7125,594.0,161,5,1849.35,2026-01-15,
7126,1741.0,269,5,2753.35,2025-09-06,
7127,1564.0,287,5,-256.1,2026-07-10,
7128,806.0,172,5,2662.6,2026-06-06,
7129,848.0,179,3,1612.05,2025-08-31,
7130,612.0,223,2,1318.94,2026-04-29,
7131,1792.0,170,3,1482.69,2025-10-22,
7132,630.0,150,2,1435.3,2025-11-06,
7133,1622.0,132,1,205.35,2026-06-21,
7134,249.0,157,5,260.55,2026-04-12,
7135,1901.0,203,5,1493.15,2026-02-23,
7136,497.0,126,5,851.15,2026-07-27,
7137,1185.0,133,3,700.17,2026-03-26,
7138,464.0,231,3,2199.9,2025-10-14,
7139,1797.0,295,3,1250.46,2026-01-17,
7140,36.0,210,3,1356.84,2026-08-03,
7141,351.0,270,5,782.6,2025-08-19,
7142,98.0,75,2,1590.1,2026-02-20,
7143,861.0,169,5,3476.0,2026-02-05,
7144,1481.0,66,5,4032.75,2026-02-17,
7145,1179.0,245,2,1089.7,2026-02-28,
7146,1194.0,273,5,1578.85,2026-07-16,
7147,511.0,139,1,604.14,2025-10-11,
7148,1982.0,81,1,577.52,2026-06-16,
7149,913.0,5,5,1530.7,2026-07-25,
7150,1416.0,67,1,722.58,2026-03-09,
7151,1763.0,89,1,102.76,2025-08-31,
7152,981.0,246,1,179.71,2025-12-19,
7153,1842.0,168,3,1931.01,2026-06-09,
7154,395.0,266,3,1392.27,2025-10-11,
7155,759.0,147,4,2381.88,2026-02-07,
7156,1640.0,173,4,3099.44,2026-03-03,
7157,1760.0,300,2,1163.18,2026-02-05,
7158,501.0,65,1,614.34,2025-10-20,
7159,619.0,6,1,623.34,2025-08-08,
7160,887.0,143,5,425.7,2025-11-23,
7161,1903.0,156,4,2675.04,2026-06-22,
7162,1482.0,33,2,309.46,2026-03-08,
7163,112.0,115,5,4204.9,2026-01-20,
7164,1838.0,15,2,943.46,2025-10-15,
7165,280.0,183,1,362.04,2025-12-05,
7166,1503.0,59,2,124.58,2026-04-27,
7167,1759.0,237,3,1098.51,2025-08-29,
7168,1083.0,202,3,2066.4,2025-12-04,
7169,678.0,201,2,782.2,2025-10-14,
7170,1287.0,299,3,1564.41,2025-09-21,
7171,1138.0,242,1,80.04,2026-01-24,
7172,1890.0,221,1,261.3,2026-04-30,
7173,448.0,294,5,2440.8,2025-12-01,
7174,1446.0,36,3,2213.67,2026-01-10,
7175,612.0,185,5,710.1,2025-12-09,
7176,1425.0,97,3,760.53,2026-06-24,
7177,795.0,168,4,2574.68,2026-04-18,
7178,149.0,114,1,168.09,2025-10-26,
7179,1128.0,115,5,4204.9,2026-07-30,
7180,1813.0,190,1,67.71,2025-12-10,
7181,1824.0,105,3,2090.76,2026-05-15,
7182,1698.0,94,2,628.88,2025-10-31,
7183,1911.0,209,2,1582.62,2026-02-08,
7184,1758.0,70,1,441.97,2026-06-16,
7185,635.0,128,2,972.14,2026-06-13,
7186,376.0,235,3,2674.8,2026-06-05,
7187,426.0,136,4,2132.76,2026-02-19,
7188,617.0,56,1,623.99,2025-08-24,
7189,1463.0,119,4,1427.16,2025-09-13,
7190,1034.0,297,4,2389.0,2026-02-19,
7191,1703.0,203,5,1493.15,2026-03-12,
7192,1131.0,15,1,471.73,2026-07-06,
7193,1166.0,161,2,739.74,2025-09-15,
7194,1543.0,144,4,505.88,2025-12-21,
7195,314.0,299,1,521.47,2026-01-16,
7196,898.0,46,4,2232.44,2026-04-28,
7197,954.0,147,1,595.47,2026-02-06,
7198,77.0,135,2,-69.2,2025-10-17,
7199,1724.0,155,2,549.28,2025-11-26,
7200,318.0,164,1,440.24,2025-11-21,
7201,1626.0,117,5,2381.45,2026-07-08,
7202,335.0,188,1,497.46,2025-12-31,
7203,1249.0,83,5,936.15,2026-02-13,
7204,801.0,144,4,505.88,2025-09-08,
7205,919.0,174,2,1313.1,2026-05-17,
7206,408.0,173,2,1549.72,2026-02-07,
7207,1066.0,103,2,571.48,2026-01-23,
7208,1625.0,79,5,1687.9,2026-05-20,
7209,280.0,120,1,725.21,2025-12-30,
7210,677.0,9,2,1581.56,2026-08-02,
7211,221.0,206,5,2980.85,2025-10-07,
7212,1798.0,111,2,1378.54,2026-03-23,
7213,,6,2,1246.68,2026-06-15,
7214,520.0,113,2,1307.38,2026-01-06,
7215,904.0,210,4,1809.12,2026-03-21,
7216,1373.0,35,1,883.5,2026-08-02,
7217,748.0,220,4,1466.64,2025-08-30,
7218,1753.0,6,4,2493.36,2025-12-03,
7219,1590.0,219,2,587.74,2025-10-31,
7220,1250.0,245,5,2724.25,2025-10-25,
7221,511.0,178,3,1141.56,2026-06-16,
7222,,30,2,1767.38,2026-01-05,
7223,115.0,190,2,135.42,2025-09-27,
7224,1865.0,41,2,1562.88,2026-03-21,
7225,1139.0,119,5,1783.95,2026-03-27,
7226,350.0,133,4,933.56,2026-03-16,
7227,444.0,121,1,268.36,2025-11-12,
7228,96.0,139,2,1208.28,2026-07-16,
7229,607.0,66,5,4032.75,2025-12-29,
7230,1939.0,235,1,891.6,2026-04-06,
7231,187.0,298,1,483.75,2026-06-09,
7232,1962.0,233,2,1482.16,2026-01-18,
7233,600.0,84,2,1529.16,2025-11-14,
7234,120.0,27,3,740.67,2026-07-22,
7235,1877.0,225,4,2789.32,2025-12-15,
7236,948.0,133,5,1166.95,2025-08-25,
7237,1316.0,53,4,3079.44,2026-03-29,
7238,1690.0,254,3,1873.62,2026-03-21,
7239,217.0,134,4,2534.44,2026-03-16,
7240,103.0,94,3,943.32,2026-03-20,
7241,1311.0,198,3,1735.05,2026-06-07,
7242,1100.0,278,2,1252.54,2025-08-16,
7243,1616.0,226,2,196.9,2026-04-29,
7244,696.0,241,2,1630.18,2025-08-19,
7245,369.0,259,1,127.92,2025-09-17,
7246,1227.0,80,3,766.56,2025-08-23,
7247,,21,5,3790.35,2026-02-27,
7248,808.0,176,4,1731.4,2026-03-24,
7249,1460.0,274,3,578.31,2026-03-08,
7250,1485.0,131,5,3106.25,2025-12-15,
7251,995.0,76,2,1400.58,2026-02-07,
7252,925.0,128,2,972.14,2025-11-01,
7253,1627.0,294,1,488.16,2026-03-17,
7254,267.0,96,1,289.58,2025-08-11,
7255,97.0,44,1,466.73,2026-02-27,
7256,,62,5,3184.1,2026-07-22,
7257,483.0,263,1,290.99,2025-11-03,
7258,852.0,178,5,1902.6,2026-06-24,
7259,931.0,26,1,290.49,2026-08-01,
7260,597.0,26,4,1161.96,2026-04-27,
7261,1226.0,19,2,1385.2,2026-05-07,
7262,213.0,78,3,544.83,2025-12-15,
7263,365.0,129,3,1475.73,2025-10-07,
7264,1012.0,163,1,602.17,2025-09-10,
7265,,53,2,1539.72,2026-05-05,
7266,1937.0,73,4,591.12,2025-09-07,
7267,512.0,199,3,240.96,2026-03-02,
7268,931.0,113,5,3268.45,2026-03-23,
7269,44.0,94,2,628.88,2026-01-11,
7270,307.0,185,3,426.06,2026-04-19,
7271,770.0,74,1,426.98,2026-02-23,
7272,1391.0,91,4,2246.92,2026-08-31,
7273,1211.0,165,3,1900.95,2026-07-22,
7274,1862.0,196,2,487.48,2025-11-24,
7275,1418.0,100,1,117.44,2025-10-10,
7276,415.0,277,2,275.88,2026-04-14,
7277,619.0,149,3,2396.19,2025-11-27,
7278,625.0,227,1,474.93,2026-01-03,
7279,1023.0,258,5,4254.75,2025-11-20,
7280,1189.0,261,5,644.15,2026-05-17,
7281,555.0,170,1,494.23,2026-08-04,
7282,1648.0,238,1,587.6,2026-02-20,
7283,1762.0,86,1,699.58,2026-06-02,
7284,1400.0,192,5,2119.7,2026-02-21,
7285,1402.0,194,5,3443.85,2025-11-28,
7286,1254.0,179,1,537.35,2026-04-02,
7287,1614.0,161,2,739.74,2026-05-23,
7288,528.0,230,4,2002.92,2026-08-04,
7289,875.0,94,4,1257.76,2026-07-20,
7290,1941.0,108,2,1394.78,2026-06-26,
7291,478.0,163,4,2408.68,2026-04-22,
7292,927.0,138,2,574.72,2026-03-31,
7293,654.0,255,4,2905.32,2026-05-13,
7294,1868.0,88,2,910.66,2026-01-29,
7295,315.0,184,5,1815.3,2026-03-19,
7296,165.0,9,4,3163.12,2025-12-26,
7297,1112.0,205,3,1122.12,2026-01-22,
7298,1658.0,43,2,1358.48,2025-10-10,
7299,,69,1,62.6,2026-03-10,
7300,1486.0,189,5,1688.5,2026-07-24,
7301,1214.0,81,2,1155.04,2026-07-11,
7302,147.0,147,1,595.47,2025-12-27,
7303,448.0,166,4,913.8,2026-06-20,
7304,1212.0,22,2,271.24,2026-06-02,
7305,1552.0,163,3,1806.51,2026-07-16,
7306,477.0,298,4,1935.0,2026-02-11,
7307,949.0,224,2,981.18,2025-12-10,
7308,353.0,79,4,1350.32,2026-04-08,
7309,88.0,152,2,1676.94,2026-05-07,
7310,156.0,221,4,1045.2,2026-03-14,
7311,1277.0,172,3,1597.56,2025-12-18,
7312,1324.0,264,1,531.89,2026-05-24,
7313,199.0,283,3,1278.6,2026-02-22,
7314,1483.0,100,2,234.88,2025-09-23,
7315,1341.0,55,2,1713.08,2026-02-22,
7316,90.0,276,1,320.26,2026-05-20,
7317,1095.0,140,5,3760.2,2025-09-17,
7318,132.0,115,2,1681.96,2026-06-28,
7319,1742.0,43,2,1358.48,2026-03-23,
7320,1946.0,78,1,181.61,2025-08-24,
7321,763.0,89,1,102.76,2025-10-13,
7322,1358.0,152,5,4192.35,2025-09-29,
7323,1103.0,58,3,1146.93,2025-09-01,
7324,1113.0,79,4,1350.32,2026-01-23,
7325,1023.0,214,5,3534.7,2026-05-21,
7326,1831.0,206,3,1788.51,2026-03-19,
7327,1564.0,5,1,306.14,2026-01-31,
7328,1088.0,299,1,521.47,2026-05-15,
7329,1140.0,168,3,1931.01,2026-03-02,
7330,798.0,276,1,320.26,2026-03-29,
7331,,159,3,343.77,2026-04-18,
7332,88.0,69,1,62.6,2026-09-26,
7333,1168.0,199,2,160.64,2026-04-19,
7334,906.0,258,4,3403.8,2026-06-29,
7335,501.0,269,4,2202.68,2026-04-07,
7336,671.0,161,5,1849.35,2026-06-26,
7337,578.0,199,4,321.28,2026-10-02,
7338,1588.0,205,3,1122.12,2026-06-19,
7339,892.0,61,5,3227.35,2025-09-27,
7340,607.0,67,2,1445.16,2025-11-29,
7341,1251.0,93,1,694.17,2026-02-26,
7342,1657.0,73,4,591.12,2026-03-02,
7343,154.0,75,2,1590.1,2025-10-16,
7344,36.0,99,2,937.86,2026-04-10,
7345,94.0,157,1,52.11,2026-03-29,
7346,1253.0,146,2,1380.16,2026-07-23,
7347,445.0,130,5,4122.15,2026-07-04,
7348,1501.0,58,3,1146.93,2026-01-27,
7349,1879.0,249,5,2353.4,2026-07-20,
7350,185.0,291,1,336.67,2025-09-05,
7351,915.0,242,5,400.2,2026-01-31,
7352,1205.0,79,4,1350.32,2026-08-22,
7353,1415.0,143,5,425.7,2026-07-30,
7354,1335.0,270,1,156.52,2025-12-10,
7355,1431.0,83,5,936.15,2026-05-23,
7356,1507.0,102,1,81.85,2026-03-18,
7357,117.0,282,1,606.45,2026-02-26,
7358,865.0,113,4,2614.76,2025-11-29,
7359,1511.0,210,1,452.28,2026-07-26,
7360,128.0,87,1,468.31,2025-11-15,
7361,1918.0,3,3,1865.01,2026-07-30,
7362,1105.0,101,2,1742.7,2025-12-10,
7363,1115.0,173,2,1549.72,2026-06-15,
7364,1788.0,203,2,597.26,2025-09-12,
7365,659.0,50,1,76.43,2026-06-07,
7366,1659.0,24,3,282.03,2025-11-16,
7367,501.0,92,3,2014.23,2026-06-09,
7368,1127.0,272,2,655.74,2026-07-30,
7369,1133.0,1,3,517.98,2025-10-24,
7370,1726.0,83,4,748.92,2026-01-17,
7371,1572.0,88,-5,2276.65,2026-02-13,
7372,924.0,32,1,-182.21,2026-05-27,
7373,1429.0,204,5,2618.25,2026-07-10,
7374,1685.0,222,2,872.62,2025-10-06,
7375,1912.0,235,4,3566.4,2026-02-24,
7376,364.0,125,2,408.14,2026-01-03,
7377,,285,2,1440.04,2026-02-24,
7378,1829.0,257,5,1561.7,2025-09-14,
7379,440.0,198,2,1156.7,2025-09-06,
7380,1844.0,248,4,2759.28,2025-10-14,
7381,689.0,43,5,3396.2,2026-05-13,
7382,1870.0,59,5,311.45,2025-10-28,
7383,815.0,207,2,1001.3,2026-04-09,
7384,508.0,233,1,741.08,2025-08-16,
7385,625.0,223,5,3297.35,2025-10-25,
7386,1994.0,56,1,623.99,2026-02-26,
7387,318.0,39,2,1781.3,2026-02-16,
7388,412.0,259,2,255.84,2025-12-15,
7389,313.0,116,5,4459.65,2026-05-24,
7390,1740.0,51,5,1380.6,2026-01-20,
7391,716.0,261,2,257.66,2026-06-30,
7392,1510.0,96,4,1158.32,2026-03-01,
7393,977.0,33,5,773.65,2025-09-18,
7394,832.0,167,1,431.28,2026-06-02,
7395,790.0,247,4,2489.0,2025-09-05,
7396,866.0,49,1,183.31,2026-03-17,
7397,343.0,190,5,338.55,2025-11-08,
7398,1071.0,4,5,3435.3,2026-03-29,
7399,,52,3,1057.35,2026-02-11,
7400,261.0,39,5,4453.25,2026-06-25,
7401,911.0,240,5,4047.6,2026-03-02,
7402,944.0,210,1,452.28,2025-09-04,
7403,722.0,258,1,850.95,2025-11-19,
7404,1748.0,215,5,1526.2,2026-07-26,
7405,1109.0,274,2,385.54,2025-12-13,
7406,1354.0,154,3,2414.28,2026-03-16,
7407,1505.0,255,2,1452.66,2025-08-09,
7408,1437.0,9,2,1581.56,2026-07-15,
7409,755.0,201,4,1564.4,2026-06-19,
7410,788.0,205,5,1870.2,2025-08-13,
7411,1782.0,88,5,2276.65,2026-05-18,
7412,1699.0,182,5,1958.15,2026-06-09,
7413,663.0,49,2,366.62,2026-04-01,
7414,631.0,230,2,1001.46,2026-04-17,
7415,1159.0,260,5,2130.05,2026-07-27,
7416,668.0,84,3,2293.74,2026-07-07,
7417,559.0,115,5,4204.9,2026-06-28,
7418,1565.0,223,1,659.47,2026-05-11,
7419,1816.0,228,3,1820.94,2026-03-15,
7420,1765.0,70,5,2209.85,2026-04-06,
7421,550.0,12,4,3274.24,2026-06-29,
7422,1567.0,244,2,388.48,2025-10-08,
7423,1209.0,211,4,888.6,2026-06-24,
7424,1566.0,156,1,668.76,2025-09-14,
7425,1268.0,225,5,3486.65,2026-01-24,
7426,45.0,203,4,1194.52,2026-02-02,
7427,1134.0,288,1,871.46,2026-03-17,
7428,1405.0,235,3,2674.8,2025-08-23,
7429,1146.0,255,3,2178.99,2025-12-26,
7430,1743.0,181,5,4440.4,2025-12-05,
7431,831.0,293,3,1018.68,2025-10-01,
7432,1953.0,142,1,248.51,2026-03-10,
7433,1644.0,261,2,257.66,2026-07-05,
7434,231.0,259,3,383.76,2026-01-17,
7435,497.0,211,4,888.6,2026-07-30,
7436,1063.0,148,4,2000.92,2026-01-16,
7437,817.0,176,2,865.7,2026-03-20,
7438,1656.0,298,5,2418.75,2025-10-24,
7439,780.0,274,1,192.77,2025-10-29,
7440,1094.0,150,5,3588.25,2026-06-20,
7441,594.0,15,3,1415.19,2026-06-07,
7442,1623.0,162,1,299.67,2025-12-28,
7443,1652.0,86,-5,3497.9,2025-09-08,
7444,670.0,202,1,688.8,2026-04-05,
7445,1712.0,88,1,455.33,2026-06-22,
7446,817.0,17,2,1523.38,2026-04-17,
7447,81.0,72,4,1968.4,2025-12-04,
7448,594.0,204,4,2094.6,2026-05-21,
7449,1847.0,284,-5,2497.8,2026-02-16,
7450,1721.0,32,1,-182.21,2026-03-02,
7451,555.0,279,2,1701.92,2026-05-23,
7452,735.0,274,3,578.31,2025-08-13,
7453,1578.0,267,1,277.33,2026-05-25,
7454,1140.0,114,1,168.09,2026-05-12,
7455,1138.0,277,5,689.7,2026-02-01,
7456,676.0,98,1,203.26,2026-05-22,
7457,1366.0,248,3,2069.46,2025-08-09,
7458,486.0,277,-5,689.7,2026-05-30,
7459,1707.0,243,3,2440.23,2026-06-25,
7460,712.0,55,5,4282.7,2026-04-21,
7461,30.0,213,2,762.2,2025-12-06,
7462,1615.0,77,4,3020.0,2025-10-19,
7463,97.0,190,1,67.71,2025-09-23,
7464,95.0,1,2,345.32,2026-04-23,
7465,1557.0,177,4,2474.32,2026-01-05,
7466,1213.0,207,1,500.65,2025-08-12,
7467,36.0,183,2,724.08,2026-05-21,
7468,600.0,184,4,1452.24,2026-05-21,
7469,535.0,50,5,382.15,2025-09-21,
7470,1691.0,290,2,846.74,2025-09-21,
7471,1362.0,225,5,3486.65,2026-03-16,
7472,920.0,151,4,3176.0,2025-11-06,
7473,1030.0,292,1,294.07,2026-06-06,
7474,1339.0,246,1,179.71,2026-03-19,
7475,967.0,61,5,3227.35,2025-09-04,
7476,1799.0,83,4,748.92,2025-08-09,
7477,232.0,18,1,72.94,2025-11-09,
7478,763.0,105,4,2787.68,2026-07-04,
7479,473.0,63,1,156.73,2026-02-27,
7480,621.0,139,3,1812.42,2025-09-22,
7481,1232.0,130,2,1648.86,2026-07-02,
7482,992.0,23,4,579.16,2026-03-15,
7483,1956.0,141,3,474.15,2026-02-05,
7484,1849.0,217,5,1794.05,2025-12-02,
7485,338.0,206,3,1788.51,2025-09-26,
7486,774.0,155,1,274.64,2026-04-13,
7487,240.0,73,2,295.56,2026-07-07,
7488,1252.0,166,3,685.35,2025-12-05,
7489,281.0,224,4,1962.36,2025-12-18,
7490,1574.0,162,4,1198.68,2025-09-21,
7491,1923.0,92,2,1342.82,2025-11-07,
7492,1248.0,93,1,694.17,2026-05-12,
7493,484.0,5,3,918.42,2026-01-17,
7494,901.0,111,3,2067.81,2025-08-21,
7495,1022.0,16,3,1087.26,2026-03-15,
7496,1845.0,158,-4,763.72,2025-08-27,
7497,1109.0,200,3,2147.37,2026-04-30,
7498,763.0,148,3,1500.69,2026-02-27,
7499,896.0,115,5,4204.9,2025-12-10,
7500,198.0,168,2,1287.34,2026-06-21,
7501,462.0,119,0,1783.95,2026-02-28,
7502,1002.0,161,1,369.87,2026-06-10,
7503,589.0,42,2,549.94,2025-09-13,
7504,447.0,171,3,279.33,2026-07-03,
7505,1437.0,53,2,1539.72,2026-02-16,
7506,1518.0,29,1,375.79,2026-05-10,
7507,262.0,128,4,1944.28,2025-09-21,
7508,1906.0,95,1,426.65,2025-08-21,
7509,486.0,35,4,3534.0,2025-11-23,
7510,1014.0,74,4,1707.92,2025-12-10,
7511,1582.0,81,4,2310.08,2025-08-28,
7512,1316.0,139,5,3020.7,2026-07-12,
7513,1265.0,280,2,1509.8,2025-09-26,
7514,658.0,178,5,1902.6,2025-11-29,
7515,666.0,165,5,3168.25,2025-10-26,
7516,1197.0,88,2,910.66,2026-05-09,
7517,1396.0,157,2,104.22,2026-01-31,
7518,1460.0,178,2,761.04,2025-10-24,
7519,832.0,161,1,369.87,2026-01-07,
7520,672.0,60,5,4128.25,2025-09-01,
7521,1260.0,251,3,2619.81,2026-07-22,
7522,137.0,44,4,1866.92,2025-12-16,
7523,1877.0,29,3,1127.37,2026-08-02,
7524,1745.0,27,5,1234.45,2026-05-02,
7525,632.0,25,3,1750.44,2026-06-09,
7526,918.0,48,3,910.77,2026-06-06,
7527,552.0,233,3,2223.24,2026-02-27,
7528,1567.0,242,2,160.08,2026-02-13,
7529,731.0,188,2,994.92,2025-10-23,
7530,898.0,73,3,443.34,2025-12-30,
7531,230.0,271,3,2291.37,2026-05-26,
7532,730.0,237,1,366.17,2026-01-08,
7533,1439.0,298,3,1451.25,2025-09-28,
7534,409.0,293,4,1358.24,2026-07-26,
7535,1736.0,134,3,1900.83,2026-01-22,
7536,,105,1,696.92,2025-09-04,
7537,1046.0,119,4,1427.16,2025-10-28,
7538,456.0,274,1,192.77,2026-04-30,
7539,1086.0,100,1,117.44,2025-12-18,
7540,171.0,112,4,1880.28,2026-02-18,
7541,491.0,36,2,1475.78,2026-05-11,
7542,374.0,267,5,1386.65,2026-03-25,
7543,1051.0,219,1,293.87,2026-01-07,
7544,1096.0,243,5,4067.05,2026-03-13,
7545,140.0,90,0,1987.15,2025-11-08,
7546,983.0,181,2,1776.16,2025-10-25,
7547,403.0,279,4,3403.84,2025-12-20,
7548,1695.0,5,3,918.42,2025-11-06,
7549,,285,4,2880.08,2026-06-11,
7550,642.0,162,1,299.67,2026-04-02,
7551,912.0,93,1,694.17,2025-08-28,
7552,670.0,157,4,208.44,2026-05-05,
7553,1493.0,109,3,451.95,2025-08-07,
7554,1664.0,116,4,3567.72,2026-04-05,
7555,208.0,263,1,290.99,2025-12-12,
7556,1769.0,263,5,1454.95,2026-03-04,
7557,871.0,55,3,2569.62,2025-12-07,
7558,600.0,245,2,1089.7,2026-07-10,
7559,1017.0,143,4,340.56,2026-05-23,
7560,,45,4,2915.96,2026-06-27,
7561,1214.0,194,2,1377.54,2026-01-19,
7562,1910.0,204,5,2618.25,2025-09-09,
7563,460.0,34,3,2218.86,2025-12-25,
7564,280.0,108,4,2789.56,2026-04-07,
7565,1820.0,295,3,1250.46,2025-11-26,
7566,537.0,193,4,1543.8,2026-01-26,
7567,1249.0,175,1,735.48,2026-04-20,
7568,1619.0,295,5,2084.1,2025-11-08,
7569,230.0,15,1,471.73,2025-09-07,
7570,1220.0,25,5,2917.4,2026-04-14,
7571,983.0,284,3,1498.68,2025-12-12,
7572,35.0,117,5,2381.45,2026-07-05,
7573,1706.0,273,2,631.54,2026-01-01,
7574,195.0,175,2,1470.96,2026-06-19,
7575,1218.0,44,5,2333.65,2025-12-28,
7576,595.0,210,5,2261.4,2025-11-05,
7577,1333.0,148,2,1000.46,2026-03-20,
7578,568.0,151,4,3176.0,2026-02-10,
7579,610.0,264,5,2659.45,2026-03-13,
7580,760.0,235,5,4458.0,2025-10-16,
7581,1150.0,225,2,1394.66,2025-12-21,
7582,673.0,190,4,270.84,2025-12-17,
7583,1545.0,293,3,1018.68,2026-06-07,
7584,1937.0,267,2,554.66,2026-07-11,
7585,1726.0,266,1,464.09,2025-09-18,
7586,294.0,27,2,493.78,2025-09-13,
7587,1527.0,37,4,287.24,2025-12-30,
7588,1498.0,299,4,2085.88,2025-11-25,
7589,1353.0,276,5,1601.3,2025-11-08,
7590,613.0,38,2,1603.56,2026-01-04,
7591,385.0,271,5,3818.95,2026-04-25,
7592,947.0,232,1,490.97,2026-03-31,
7593,1538.0,8,3,2612.97,2025-08-21,
7594,613.0,298,5,2418.75,2026-04-18,
7595,1661.0,135,3,-103.8,2025-09-26,
7596,1628.0,51,3,828.36,2026-06-26,
7597,1017.0,106,4,336.0,2026-02-18,
7598,802.0,82,5,2361.05,2026-07-24,
7599,170.0,268,1,350.57,2025-11-06,
7600,1308.0,94,-2,628.88,2026-02-04,
7601,1082.0,16,2,724.84,2026-02-09,
7602,1541.0,258,3,2552.85,2025-10-14,
7603,234.0,223,5,3297.35,2026-01-29,
7604,504.0,42,5,1374.85,2025-08-15,
7605,164.0,252,5,3569.25,2026-07-03,
7606,1181.0,141,3,474.15,2025-10-05,
7607,1512.0,6,1,623.34,2026-03-04,
7608,1707.0,294,2,976.32,2026-03-23,
7609,959.0,54,-4,391.28,2026-01-15,
7610,759.0,296,1,298.23,2026-05-29,
7611,1148.0,162,2,599.34,2026-04-14,
7612,1199.0,218,4,-1070.28,2025-12-29,
7613,1686.0,107,2,1031.54,2026-01-11,
7614,1287.0,192,1,423.94,2025-08-06,
7615,1103.0,161,5,1849.35,2025-12-16,
7616,1969.0,11,4,1140.6,2026-07-26,
7617,400.0,7,3,2105.16,2025-11-09,
7618,41.0,65,4,2457.36,2025-11-27,
7619,1179.0,63,1,156.73,2025-10-12,
7620,164.0,124,5,3733.15,2026-02-23,
7621,1964.0,6,2,1246.68,2025-09-05,
7622,1747.0,273,2,631.54,2025-12-29,
7623,630.0,294,4,1952.64,2026-06-14,
7624,716.0,69,3,187.8,2025-11-11,
7625,1482.0,63,2,313.46,2025-11-12,
7626,1176.0,219,1,293.87,2025-08-31,
7627,672.0,31,5,1735.5,2026-06-18,
7628,1753.0,274,1,192.77,2026-05-05,
7629,88.0,258,1,850.95,2026-04-27,
7630,125.0,146,3,2070.24,2026-01-12,
7631,435.0,70,3,1325.91,2025-09-03,
7632,821.0,237,2,732.34,2025-08-18,
7633,1911.0,36,3,2213.67,2026-07-17,
7634,422.0,272,4,1311.48,2025-09-14,
7635,287.0,195,4,965.52,2026-04-04,
7636,445.0,226,1,98.45,2026-09-18,
7637,1476.0,179,5,2686.75,2026-01-31,
7638,503.0,206,5,2980.85,2025-12-08,
7639,496.0,108,3,2092.17,2026-04-08,
7640,1284.0,31,1,347.1,2026-07-17,
7641,659.0,171,5,465.55,2025-10-23,
7642,752.0,221,1,261.3,2025-12-13,
7643,1364.0,150,4,2870.6,2026-02-28,
7644,1333.0,127,1,790.62,2026-07-09,
7645,1681.0,172,4,2130.08,2026-06-18,
7646,1198.0,193,2,771.9,2026-04-08,
7647,381.0,250,5,2079.5,2026-07-27,
7648,1618.0,183,3,1086.12,2025-11-29,
7649,778.0,60,1,825.65,2026-01-11,
7650,805.0,149,2,1597.46,2026-06-22,
7651,1717.0,22,2,271.24,2025-11-16,
7652,966.0,261,2,257.66,2025-08-21,
7653,936.0,249,2,941.36,2025-12-27,
7654,1116.0,15,2,943.46,2025-09-22,
7655,,216,4,1763.04,2025-08-19,
7656,1873.0,3,3,1865.01,2025-10-17,
7657,363.0,128,3,1458.21,2026-04-21,
7658,774.0,267,1,277.33,2026-03-10,
7659,141.0,131,3,1863.75,2026-03-05,
7660,72.0,212,1,-309.25,2025-08-05,
7661,1427.0,54,5,489.1,2025-09-26,
7662,1300.0,237,3,1098.51,2026-02-11,
7663,1097.0,105,3,2090.76,2025-10-27,
7664,1697.0,154,4,3219.04,2025-08-08,
7665,1998.0,136,1,533.19,2025-11-15,
7666,77.0,192,1,423.94,2025-09-29,
7667,1120.0,97,5,1267.55,2026-02-09,
7668,1005.0,1,2,345.32,2026-01-14,
7669,541.0,110,1,723.61,2025-10-24,
7670,860.0,74,0,1707.92,2026-01-15,
7671,276.0,107,4,2063.08,2025-09-26,
7672,540.0,261,1,128.83,2026-08-02,
7673,929.0,133,3,700.17,2026-07-03,
7674,1547.0,60,5,4128.25,2026-02-18,
7675,1213.0,297,2,1194.5,2026-07-09,
7676,1898.0,163,2,1204.34,2025-09-13,
7677,844.0,12,5,4092.8,2025-11-15,
7678,857.0,295,1,416.82,2026-04-08,
7679,533.0,254,4,2498.16,2025-11-13,
7680,356.0,2,5,3301.1,2026-04-24,
7681,1099.0,89,5,513.8,2025-11-18,
7682,1043.0,143,5,425.7,2026-01-28,
7683,1785.0,233,3,2223.24,2025-09-19,
7684,230.0,164,3,1320.72,2026-02-26,
7685,1102.0,122,3,1981.2,2026-05-25,
7686,1733.0,233,2,1482.16,2026-03-17,
7687,929.0,252,1,713.85,2025-11-02,
7688,44.0,137,2,1487.6,2026-03-22,
7689,1966.0,218,5,-1337.85,2025-12-06,
7690,1616.0,287,1,-51.22,2026-06-09,
7691,1719.0,55,4,3426.16,2025-10-26,
7692,416.0,139,1,604.14,2026-07-30,
7693,1210.0,157,2,104.22,2025-08-13,
7694,1846.0,258,5,4254.75,2026-03-16,
7695,1011.0,34,5,3698.1,2026-01-11,
7696,963.0,106,5,420.0,2026-03-16,
7697,1970.0,227,3,1424.79,2026-06-10,
7698,1500.0,263,2,581.98,2025-08-22,
7699,829.0,120,2,1450.42,2026-01-14,
7700,921.0,146,4,2760.32,2026-02-13,
7701,194.0,8,3,2612.97,2026-01-08,
7702,1240.0,120,1,725.21,2025-11-14,
7703,1871.0,7,5,3508.6,2026-05-01,
7704,396.0,58,3,1146.93,2026-05-25,
7705,1986.0,263,4,1163.96,2026-07-05,
7706,1117.0,12,2,1637.12,2026-07-27,
7707,273.0,66,4,3226.2,2026-04-18,
7708,1613.0,179,3,1612.05,2026-07-05,
7709,1893.0,86,1,699.58,2026-03-28,
7710,1342.0,135,1,-34.6,2026-04-05,
7711,1832.0,88,2,910.66,2026-04-30,
7712,72.0,44,5,2333.65,2026-07-28,
7713,946.0,183,4,1448.16,2025-08-06,
7714,550.0,69,1,62.6,2026-03-14,
7715,41.0,144,1,126.47,2025-10-11,
7716,1413.0,29,4,1503.16,2025-10-11,
7717,1158.0,140,1,752.04,2026-02-17,
7718,555.0,111,2,1378.54,2026-03-01,
7719,1721.0,191,2,493.94,2026-05-28,
7720,122.0,283,1,426.2,2026-07-04,
7721,634.0,248,5,3449.1,2025-11-21,
7722,296.0,51,2,552.24,2026-08-04,
7723,1950.0,142,5,1242.55,2026-03-31,
7724,1203.0,239,1,766.98,2026-02-18,
7725,310.0,286,4,536.24,2026-01-28,
7726,1773.0,200,3,2147.37,2026-05-29,
7727,420.0,295,4,1667.28,2025-11-17,
7728,765.0,94,2,628.88,2026-07-09,
7729,1725.0,41,4,3125.76,2025-12-07,
7730,380.0,153,2,1781.26,2026-05-24,
7731,543.0,149,1,798.73,2025-12-19,
7732,859.0,110,2,1447.22,2025-09-17,
7733,1093.0,52,1,352.45,2026-07-03,
7734,,27,1,246.89,2026-05-06,
7735,1077.0,157,4,208.44,2025-11-05,
7736,1409.0,221,1,261.3,2026-06-23,
7737,103.0,196,2,487.48,2026-06-23,
7738,306.0,244,1,194.24,2026-05-29,
7739,919.0,280,4,3019.6,2025-12-10,
7740,1914.0,87,1,468.31,2026-03-01,
7741,66.0,78,1,181.61,2026-05-22,
7742,801.0,172,2,1065.04,2026-07-17,
7743,144.0,213,2,762.2,2026-01-28,
7744,403.0,293,3,1018.68,2025-09-26,
7745,1195.0,210,5,2261.4,2026-06-29,
7746,695.0,16,1,362.42,2026-02-11,
7747,1239.0,239,4,3067.92,2025-09-21,
7748,123.0,161,1,369.87,2026-01-28,
7749,499.0,50,4,305.72,2025-11-16,
7750,1957.0,70,3,1325.91,2026-07-15,
7751,54.0,289,1,49.07,2025-10-20,
7752,1261.0,237,2,732.34,2025-08-13,
7753,389.0,237,1,366.17,2026-04-11,
7754,352.0,18,4,291.76,2026-01-16,
7755,224.0,83,1,187.23,2026-06-14,
7756,1666.0,105,5,3484.6,2026-03-07,
7757,85.0,195,5,1206.9,2026-03-10,
7758,1812.0,261,4,515.32,2025-09-20,
7759,1016.0,39,4,3562.6,2026-06-07,
7760,246.0,73,2,295.56,2025-09-15,
7761,648.0,13,3,2561.76,2026-05-26,
7762,1623.0,144,4,505.88,2026-01-01,
7763,228.0,58,4,1529.24,2026-06-26,
7764,1121.0,292,2,588.14,2026-06-24,
7765,1709.0,36,-4,2951.56,2026-06-19,
7766,526.0,4,4,2748.24,2025-11-18,
7767,834.0,157,0,104.22,2026-06-02,
7768,1690.0,28,2,980.4,2026-05-11,
7769,601.0,116,3,2675.79,2026-05-29,
7770,739.0,68,2,1774.42,2026-06-22,
7771,1327.0,74,1,426.98,2025-08-18,
7772,296.0,204,1,523.65,2025-10-22,
7773,440.0,176,2,865.7,2025-12-01,
7774,291.0,139,1,604.14,2025-10-24,
7775,557.0,9,5,3953.9,2026-03-22,
7776,1634.0,157,4,208.44,2026-02-16,
7777,770.0,243,2,1626.82,2026-05-27,
7778,1382.0,12,2,1637.12,2026-02-24,
7779,1314.0,94,4,1257.76,2026-07-20,
7780,194.0,181,3,2664.24,2025-08-30,
7781,964.0,116,2,1783.86,2026-02-17,
7782,1335.0,210,1,452.28,2026-02-12,
7783,1676.0,239,5,3834.9,2025-10-23,
7784,50.0,154,5,4023.8,2026-03-05,
7785,1942.0,69,3,187.8,2026-02-03,
7786,1197.0,177,3,1855.74,2026-01-24,
7787,230.0,277,3,413.82,2026-04-15,
7788,270.0,196,1,243.74,2026-05-22,
7789,1178.0,55,1,856.54,2025-12-22,
7790,1957.0,57,3,2088.75,2026-02-19,
7791,1889.0,275,5,3359.95,2025-10-30,
7792,1650.0,47,2,632.48,2026-05-16,
7793,1804.0,221,5,1306.5,2025-11-03,
7794,1501.0,208,3,1093.08,2026-09-30,
7795,523.0,275,4,2687.96,2026-01-09,
7796,877.0,246,5,898.55,2025-11-23,
7797,260.0,264,4,2127.56,2026-05-27,
7798,777.0,110,4,2894.44,2026-02-05,
7799,1025.0,31,1,347.1,2026-01-26,
7800,639.0,270,3,469.56,2025-08-10,
7801,49.0,234,3,1082.46,2026-06-23,
7802,898.0,262,2,1106.72,2025-11-10,
7803,1157.0,286,1,134.06,2025-09-10,
7804,67.0,57,5,3481.25,2025-11-03,
7805,1270.0,252,3,2141.55,2026-05-10,
7806,176.0,291,2,673.34,2025-08-08,
7807,90.0,224,3,1471.77,2026-03-27,
7808,1170.0,26,4,1161.96,2025-08-09,
7809,805.0,271,2,1527.58,2026-04-03,
7810,1609.0,66,2,1613.1,2026-07-25,
7811,571.0,167,2,862.56,2025-09-17,
7812,1045.0,277,3,413.82,2026-08-05,
7813,920.0,224,3,1471.77,2025-12-18,
7814,324.0,21,5,3790.35,2025-10-18,
7815,1176.0,61,2,1290.94,2026-02-20,
7816,653.0,271,0,3055.16,2026-06-21,
7817,384.0,141,4,632.2,2026-04-09,
7818,345.0,76,1,700.29,2026-07-10,
7819,409.0,34,2,1479.24,2026-01-14,
7820,1775.0,252,2,1427.7,2025-08-14,
7821,1849.0,8,3,2612.97,2025-10-16,
7822,1800.0,169,1,695.2,2026-03-04,
7823,5.0,107,2,1031.54,2025-09-23,
7824,38.0,32,1,-182.21,2026-01-05,
7825,772.0,281,5,798.45,2025-09-25,
7826,1524.0,128,3,1458.21,2025-12-18,
7827,491.0,207,4,2002.6,2025-11-15,
7828,10.0,57,5,3481.25,2026-06-06,
7829,1068.0,2,5,3301.1,2025-10-08,
7830,185.0,293,5,1697.8,2025-08-20,
7831,244.0,63,3,470.19,2026-07-29,
7832,48.0,208,1,364.36,2025-11-14,
7833,788.0,297,1,597.25,2025-08-31,
7834,1681.0,291,2,673.34,2026-04-16,
7835,1404.0,121,2,536.72,2026-06-30,
7836,1913.0,254,2,1249.08,2025-10-10,
7837,1379.0,234,5,1804.1,2026-07-05,
7838,1489.0,273,5,1578.85,2026-07-08,
7839,92.0,236,5,3011.05,2025-11-03,
7840,1110.0,199,1,80.32,2026-07-18,
7841,1113.0,173,3,2324.58,2025-09-07,
7842,871.0,43,5,3396.2,2026-03-30,
7843,796.0,246,3,539.13,2025-08-18,
7844,104.0,126,1,170.23,2026-05-13,
7845,1672.0,12,5,4092.8,2026-04-15,
7846,1402.0,264,3,1595.67,2025-12-21,
7847,890.0,113,2,1307.38,2026-01-26,
7848,,61,1,645.47,2026-01-31,
7849,169.0,126,4,680.92,2025-09-26,
7850,1808.0,50,5,382.15,2025-08-07,
7851,190.0,44,3,1400.19,2025-11-17,
7852,1422.0,285,3,2160.06,2026-05-26,
7853,1027.0,133,3,700.17,2025-11-21,
7854,1972.0,73,5,738.9,2025-08-30,
7855,1993.0,159,2,229.18,2025-08-12,
7856,1303.0,10,2,1583.48,2025-08-26,
7857,141.0,134,1,633.61,2026-05-06,
7858,664.0,186,2,1331.92,2026-04-30,
7859,846.0,123,3,1472.52,2026-02-13,
7860,915.0,211,1,222.15,2026-04-29,
7861,1933.0,165,4,2534.6,2026-03-22,
7862,1224.0,295,5,2084.1,2026-06-26,
7863,1192.0,129,3,1475.73,2026-05-05,
7864,885.0,140,4,3008.16,2025-11-18,
7865,1467.0,227,2,949.86,2025-09-12,
7866,120.0,28,1,490.2,2026-03-12,
7867,547.0,282,2,1212.9,2025-10-27,
7868,1447.0,9,2,1581.56,2025-10-05,
7869,1411.0,277,1,137.94,2025-11-18,
7870,1886.0,260,2,852.02,2025-12-27,
7871,1052.0,71,2,193.08,2026-06-04,
7872,1890.0,229,5,250.95,2025-11-06,
7873,306.0,148,1,500.23,2026-06-27,
7874,69.0,201,2,782.2,2026-03-06,
7875,1026.0,272,3,983.61,2026-04-11,
7876,537.0,36,4,2951.56,2025-09-03,
7877,958.0,167,2,862.56,2025-08-28,
7878,1305.0,117,3,1428.87,2026-04-03,
7879,639.0,99,4,1875.72,2026-02-08,
7880,706.0,82,2,944.42,2026-05-09,
7881,18.0,233,1,741.08,2026-04-01,
7882,327.0,151,-1,794.0,2025-12-03,
7883,1947.0,49,5,916.55,2025-09-12,
7884,1437.0,72,5,2460.5,2026-04-08,
7885,1125.0,170,1,494.23,2026-07-29,
7886,1922.0,60,4,3302.6,2025-09-30,
7887,1611.0,36,2,1475.78,2025-09-30,
7888,1157.0,168,3,1931.01,2026-05-23,
7889,1364.0,10,3,2375.22,2025-11-20,
7890,1810.0,204,1,523.65,2026-03-04,
7891,952.0,17,1,761.69,2026-02-01,
7892,114.0,89,2,205.52,2025-08-15,
7893,837.0,136,4,2132.76,2026-03-21,
7894,175.0,13,1,853.92,2026-05-15,
7895,497.0,66,5,4032.75,2026-05-17,
7896,939.0,268,2,701.14,2026-03-09,
7897,184.0,45,1,728.99,2026-02-05,
7898,1852.0,90,2,794.86,2025-10-02,
7899,1506.0,66,5,4032.75,2026-05-21,
7900,719.0,219,1,293.87,2026-01-03,
7901,61.0,46,2,1116.22,2025-11-12,
7902,1465.0,136,5,2665.95,2026-07-07,
7903,1020.0,192,1,423.94,2026-08-02,
7904,1539.0,220,4,1466.64,2026-03-16,
7905,1958.0,167,2,862.56,2026-01-10,
7906,782.0,133,3,700.17,2025-10-23,
7907,1342.0,24,3,282.03,2025-10-15,
7908,901.0,91,2,1123.46,2025-10-12,
7909,1746.0,215,2,610.48,2025-12-27,
7910,1691.0,154,4,3219.04,2025-09-04,
7911,1274.0,13,1,853.92,2026-02-13,
7912,485.0,46,3,1674.33,2026-06-27,
7913,1023.0,4,3,2061.18,2025-11-28,
7914,1008.0,105,3,2090.76,2026-06-09,
7915,482.0,77,3,2265.0,2025-09-29,
7916,1969.0,180,5,3211.65,2025-10-16,
7917,1006.0,216,0,440.76,2025-11-25,
7918,347.0,210,5,2261.4,2025-08-10,
7919,1551.0,84,3,2293.74,2025-11-15,
7920,1692.0,52,2,704.9,2026-06-24,
7921,808.0,235,2,1783.2,2026-09-20,
7922,,232,1,490.97,2026-05-01,
7923,1441.0,201,4,1564.4,2026-04-12,
7924,1909.0,199,3,240.96,2026-04-23,
7925,1753.0,205,2,748.08,2025-10-27,
7926,157.0,67,3,2167.74,2025-10-10,
7927,1746.0,227,4,1899.72,2026-01-14,
7928,1046.0,280,4,3019.6,2025-09-12,
7929,601.0,139,5,3020.7,2025-09-15,
7930,1700.0,243,4,3253.64,2026-02-28,
7931,1185.0,42,2,549.94,2026-06-22,
7932,741.0,31,2,694.2,2026-04-03,
7933,846.0,8,1,870.99,2025-08-25,
7934,622.0,56,5,3119.95,2025-08-18,
7935,990.0,257,5,1561.7,2025-10-18,
7936,258.0,155,2,549.28,2025-12-01,
7937,1770.0,121,3,805.08,2025-12-31,
7938,630.0,140,2,1504.08,2026-02-25,
7939,1487.0,28,3,1470.6,2026-01-19,
7940,1122.0,215,-4,1220.96,2025-09-12,
7941,309.0,79,1,337.58,2026-04-29,
7942,1620.0,45,3,2186.97,2025-12-31,
7943,1239.0,222,3,1308.93,2025-10-27,
7944,731.0,183,2,724.08,2025-08-24,
7945,1610.0,132,5,1026.75,2026-02-05,
7946,1987.0,89,1,102.76,2025-08-09,
7947,1641.0,205,3,1122.12,2025-10-01,
7948,1570.0,145,1,389.94,2026-03-05,
7949,1374.0,64,1,812.86,2026-01-07,
7950,1120.0,253,2,692.0,2026-01-26,
7951,1088.0,282,1,606.45,2026-05-01,
7952,511.0,76,4,2801.16,2026-04-15,
7953,479.0,2,4,2640.88,2025-10-09,
7954,691.0,158,2,381.86,2025-08-26,
7955,1791.0,148,5,2501.15,2026-08-02,
7956,1483.0,258,2,1701.9,2026-08-01,
7957,1059.0,34,5,3698.1,2025-10-02,
7958,1642.0,142,5,1242.55,2026-06-03,
7959,48.0,215,5,1526.2,2025-08-18,
7960,,208,4,1457.44,2025-08-17,
7961,1735.0,10,3,2375.22,2026-03-23,
7962,90.0,51,1,276.12,2025-12-13,
7963,330.0,94,1,314.44,2026-06-03,
7964,402.0,190,0,203.13,2026-06-08,
7965,1643.0,143,1,85.14,2025-11-04,
7966,1768.0,96,2,579.16,2026-01-03,
7967,1451.0,16,1,362.42,2026-07-17,
7968,637.0,206,1,596.17,2026-06-12,
7969,9.0,271,4,3055.16,2026-01-12,
7970,292.0,123,4,1963.36,2026-05-12,
7971,789.0,52,5,1762.25,2025-09-26,
7972,415.0,28,1,490.2,2025-09-01,
7973,1432.0,84,1,764.58,2026-03-14,
7974,1218.0,104,1,155.18,2025-12-22,
7975,1696.0,229,5,250.95,2025-10-20,
7976,184.0,26,1,290.49,2026-01-10,
7977,1922.0,142,1,248.51,2026-03-04,
7978,610.0,7,2,1403.44,2026-03-19,
7979,493.0,244,0,194.24,2025-08-17,
7980,1531.0,55,4,3426.16,2025-08-08,
7981,1685.0,51,5,1380.6,2025-12-14,
7982,850.0,239,5,3834.9,2026-02-01,
7983,1812.0,24,1,94.01,2026-02-05,
7984,1558.0,199,2,160.64,2026-03-27,
7985,1539.0,182,5,1958.15,2025-12-04,
7986,530.0,27,5,1234.45,2025-08-16,
7987,1328.0,51,5,1380.6,2025-08-28,
7988,1683.0,146,4,2760.32,2025-09-11,
7989,1777.0,269,3,1652.01,2026-02-13,
7990,1288.0,187,1,881.5,2025-11-07,
7991,422.0,62,1,636.82,2025-09-27,
7992,458.0,225,3,2091.99,2025-12-12,
7993,340.0,173,5,3874.3,2026-06-10,
7994,968.0,62,1,636.82,2026-03-11,
7995,1083.0,86,5,3497.9,2025-08-09,
7996,1526.0,228,5,3034.9,2025-08-15,
7997,282.0,2,4,2640.88,2026-06-11,
7998,1558.0,240,5,4047.6,2026-01-31,
7999,959.0,29,2,751.58,2025-10-27,
8000,217.0,58,4,1529.24,2026-03-31,
8001,1132.0,219,1,293.87,2026-01-31,
8002,1596.0,263,1,290.99,2025-09-08,
8003,266.0,241,2,1630.18,2025-10-17,
8004,1801.0,104,5,775.9,2026-05-24,
8005,986.0,197,3,1186.98,2026-06-03,
8006,1097.0,252,1,713.85,2025-08-18,
8007,694.0,102,4,327.4,2026-04-16,
8008,917.0,117,1,476.29,2026-01-27,
8009,1769.0,215,5,1526.2,2025-10-10,
8010,373.0,55,1,856.54,2025-10-06,
8011,31.0,147,5,2977.35,2025-09-10,
8012,1607.0,282,3,1819.35,2025-09-16,
8013,1776.0,181,4,3552.32,2025-10-23,
8014,31.0,257,1,312.34,2026-03-02,
8015,1371.0,87,3,1404.93,2026-06-16,
8016,1636.0,151,2,1588.0,2025-12-30,
8017,1795.0,70,2,883.94,2026-03-12,
8018,333.0,203,2,597.26,2025-08-21,
8019,1199.0,63,0,626.92,2026-05-20,
8020,1234.0,20,4,3276.16,2026-02-18,
8021,722.0,196,5,1218.7,2026-02-04,
8022,816.0,234,3,1082.46,2026-07-14,
8023,797.0,242,1,80.04,2025-09-03,
8024,136.0,227,3,1424.79,2026-04-16,
8025,1414.0,224,5,2452.95,2026-01-03,
8026,1184.0,61,2,1290.94,2026-02-13,
8027,184.0,187,2,1763.0,2025-09-29,
8028,1507.0,165,1,633.65,2025-10-16,
8029,1833.0,60,4,3302.6,2025-09-20,
8030,796.0,153,2,1781.26,2025-08-14,
8031,984.0,38,1,801.78,2026-06-13,
8032,405.0,5,2,612.28,2026-06-20,
8033,1928.0,187,1,881.5,2025-11-11,
8034,1829.0,268,3,1051.71,2025-12-05,
8035,1738.0,81,3,1732.56,2026-07-08,
8036,1270.0,109,1,150.65,2026-07-29,
8037,1184.0,276,2,640.52,2026-05-07,
8038,1110.0,71,3,289.62,2026-06-01,
8039,136.0,150,5,3588.25,2025-11-21,
8040,21.0,113,1,653.69,2026-05-20,
8041,1513.0,155,1,274.64,2026-01-10,
8042,1658.0,218,5,-1337.85,2026-06-08,
8043,648.0,39,1,890.65,2025-09-17,
8044,302.0,118,-1,649.52,2026-02-13,
8045,1867.0,52,3,1057.35,2025-09-17,
8046,976.0,37,4,287.24,2026-03-14,
8047,795.0,187,5,4407.5,2025-10-08,
8048,1461.0,149,4,3194.92,2026-03-05,
8049,1368.0,126,2,340.46,2026-06-14,
8050,635.0,169,2,1390.4,2025-08-31,
8051,192.0,282,1,606.45,2026-02-05,
8052,35.0,2,3,1980.66,2026-06-24,
8053,1868.0,61,3,1936.41,2025-08-07,
8054,532.0,256,4,690.52,2026-01-28,
8055,1036.0,80,4,1022.08,2025-11-12,
8056,1753.0,300,4,2326.36,2025-12-01,
8057,968.0,63,3,470.19,2025-11-08,
8058,691.0,127,5,3953.1,2026-01-10,
8059,281.0,165,1,633.65,2025-08-25,
8060,1856.0,280,1,754.9,2025-09-30,
8061,675.0,230,4,2002.92,2026-06-21,
8062,480.0,51,2,552.24,2025-10-31,
8063,1020.0,191,5,1234.85,2026-05-26,
8064,700.0,260,1,426.01,2025-11-30,
8065,317.0,186,3,1997.88,2025-11-26,
8066,1562.0,193,1,385.95,2026-10-11,
8067,466.0,237,2,732.34,2026-06-06,
8068,315.0,197,1,395.66,2026-08-01,
8069,892.0,152,3,2515.41,2026-07-21,
8070,866.0,190,3,203.13,2025-09-25,
8071,290.0,237,4,1464.68,2025-10-15,
8072,133.0,19,3,2077.8,2025-12-23,
8073,56.0,227,1,474.93,2025-09-30,
8074,126.0,236,2,1204.42,2025-09-10,
8075,251.0,257,4,1249.36,2026-04-13,
8076,,186,4,2663.84,2026-01-06,
8077,1089.0,135,4,-138.4,2025-08-10,
8078,1362.0,118,4,2598.08,2025-09-29,
8079,201.0,32,2,-364.42,2025-12-15,
8080,629.0,250,3,1247.7,2025-10-14,
8081,33.0,117,5,2381.45,2025-10-27,
8082,608.0,96,4,1158.32,2026-07-24,
8083,1031.0,38,3,2405.34,2026-03-21,
8084,1376.0,167,4,1725.12,2026-08-26,
8085,103.0,93,4,2776.68,2026-05-25,
8086,354.0,83,5,936.15,2025-09-05,
8087,1579.0,171,3,279.33,2025-09-29,
8088,825.0,202,5,3444.0,2026-05-16,
8089,381.0,76,4,2801.16,2026-08-12,
8090,1708.0,285,5,3600.1,2026-08-03,
8091,919.0,154,1,804.76,2026-04-19,
8092,514.0,214,4,2827.76,2026-05-15,
8093,913.0,70,1,441.97,2025-08-11,
8094,295.0,194,2,1377.54,2026-03-19,
8095,1761.0,245,1,544.85,2026-10-20,
8096,427.0,106,3,252.0,2025-12-01,
8097,975.0,281,4,638.76,2026-05-20,
8098,734.0,214,2,1413.88,2026-06-20,
8099,1830.0,65,0,1228.68,2026-01-25,
8100,1479.0,271,4,3055.16,2026-06-10,
8101,1244.0,259,4,511.68,2026-06-28,
8102,1835.0,27,4,987.56,2026-02-05,
8103,1059.0,16,3,1087.26,2026-07-14,
8104,1212.0,268,4,1402.28,2025-10-14,
8105,118.0,120,2,1450.42,2025-12-28,
8106,1593.0,172,3,1597.56,2026-04-01,
8107,13.0,121,3,805.08,2025-08-13,
8108,1408.0,178,1,380.52,2025-10-24,
8109,1582.0,269,5,2753.35,2026-04-23,
8110,410.0,75,4,3180.2,2025-10-14,
8111,1521.0,296,4,1192.92,2026-01-15,
8112,1221.0,43,-3,2037.72,2026-04-11,
8113,1949.0,231,4,2933.2,2026-04-04,
8114,644.0,132,1,205.35,2025-12-20,
8115,843.0,99,3,1406.79,2025-12-05,
8116,1509.0,231,1,733.3,2025-09-10,
8117,1220.0,243,5,4067.05,2025-10-31,
8118,1456.0,238,4,2350.4,2026-07-29,
8119,522.0,174,3,1969.65,2025-09-24,
8120,1742.0,82,4,1888.84,2026-02-03,
8121,1443.0,40,5,357.45,2026-01-10,
8122,1703.0,15,2,943.46,2025-09-04,
8123,302.0,270,3,469.56,2026-04-15,
8124,431.0,93,4,2776.68,2026-02-01,
8125,933.0,207,2,1001.3,2026-03-27,
8126,123.0,106,2,168.0,2026-06-18,
8127,1933.0,91,2,1123.46,2025-11-29,
8128,212.0,76,4,2801.16,2026-05-11,
8129,1712.0,55,1,856.54,2026-03-09,
8130,1334.0,238,3,1762.8,2025-08-14,
8131,1243.0,251,4,3493.08,2026-04-24,
8132,219.0,62,4,2547.28,2025-09-26,
8133,118.0,217,2,717.62,2025-11-17,
8134,1264.0,151,2,1588.0,2025-12-16,
8135,234.0,279,3,2552.88,2026-06-22,
8136,1715.0,148,3,1500.69,2026-04-30,
8137,1182.0,283,4,1704.8,2025-12-22,
8138,67.0,284,2,999.12,2026-03-19,
8139,1926.0,192,2,847.88,2026-03-02,
8140,1957.0,54,4,391.28,2025-12-19,
8141,425.0,297,1,597.25,2025-09-17,
8142,384.0,300,2,1163.18,2025-12-31,
8143,1530.0,16,2,724.84,2025-08-19,
8144,1628.0,212,5,-1546.25,2025-09-25,
8145,196.0,282,1,606.45,2025-09-15,
8146,1390.0,137,2,1487.6,2025-09-15,
8147,1015.0,204,3,1570.95,2026-03-16,
8148,865.0,40,1,71.49,2026-04-21,
8149,1779.0,280,1,754.9,2025-09-16,
8150,952.0,37,4,287.24,2025-12-07,
8151,1652.0,10,2,1583.48,2026-08-01,
8152,1893.0,42,4,1099.88,2026-03-01,
8153,1817.0,100,4,469.76,2026-03-18,
8154,1404.0,21,3,2274.21,2026-07-29,
8155,597.0,6,1,623.34,2026-06-27,
8156,428.0,299,2,1042.94,2025-09-09,
8157,1711.0,95,4,1706.6,2025-10-10,
8158,520.0,235,2,1783.2,2026-06-13,
8159,1183.0,144,4,505.88,2026-01-18,
8160,1768.0,115,1,840.98,2026-03-02,
8161,1154.0,226,2,196.9,2026-07-13,
8162,888.0,143,4,340.56,2026-01-09,
8163,11.0,124,5,3733.15,2026-05-26,
8164,,277,2,275.88,2026-05-05,
8165,1519.0,289,1,49.07,2025-11-23,
8166,533.0,204,3,1570.95,2026-05-16,
8167,1805.0,32,2,-364.42,2026-03-28,
8168,1493.0,180,5,3211.65,2026-06-12,
8169,223.0,282,3,1819.35,2026-03-01,
8170,,113,5,3268.45,2026-07-14,
8171,1436.0,66,4,3226.2,2026-01-12,
8172,370.0,81,4,2310.08,2025-11-12,
8173,328.0,277,1,137.94,2026-02-07,
8174,1684.0,294,1,488.16,2026-03-08,
8175,713.0,199,2,160.64,2026-09-02,
8176,1997.0,25,3,1750.44,2026-06-08,
8177,122.0,289,4,196.28,2026-07-12,
8178,1472.0,65,4,2457.36,2026-07-23,
8179,810.0,215,4,1220.96,2026-02-20,
8180,930.0,170,2,988.46,2026-04-23,
8181,1320.0,86,5,3497.9,2026-01-15,
8182,421.0,156,3,2006.28,2025-09-23,
8183,1277.0,251,3,2619.81,2025-10-27,
8184,928.0,192,1,423.94,2026-02-01,
8185,1760.0,1,5,863.3,2025-12-30,
8186,618.0,280,4,3019.6,2025-08-27,
8187,1533.0,2,4,2640.88,2026-07-23,
8188,1544.0,254,3,1873.62,2025-08-08,
8189,348.0,212,1,-309.25,2026-02-15,
8190,21.0,23,5,723.95,2026-02-25,
8191,1966.0,53,5,3849.3,2025-11-17,
8192,,88,5,2276.65,2025-12-04,
8193,1581.0,85,2,-56.74,2026-01-29,
8194,1591.0,40,3,214.47,2025-11-13,
8195,1270.0,154,2,1609.52,2025-08-14,
8196,531.0,17,3,2285.07,2026-02-19,
8197,1872.0,278,-5,3131.35,2026-05-22,
8198,462.0,18,5,364.7,2025-11-02,
8199,714.0,89,2,205.52,2026-01-22,
8200,423.0,99,2,937.86,2026-06-19,
8201,1961.0,89,1,102.76,2026-04-17,
8202,733.0,86,2,1399.16,2026-03-09,
8203,316.0,35,1,883.5,2025-09-08,
8204,705.0,192,3,1271.82,2026-03-12,
8205,1267.0,31,1,347.1,2025-09-16,
8206,581.0,116,3,2675.79,2026-03-15,
8207,463.0,169,1,695.2,2025-08-17,
8208,1033.0,208,5,1821.8,2026-02-11,
8209,584.0,284,5,2497.8,2026-09-01,
8210,397.0,107,5,2578.85,2026-04-02,
8211,1793.0,126,2,340.46,2026-06-29,
8212,1741.0,84,3,2293.74,2026-03-13,
8213,1883.0,127,4,3162.48,2025-09-24,
8214,874.0,84,5,3822.9,2025-09-07,
8215,1663.0,68,-1,887.21,2026-01-21,
8216,711.0,276,1,320.26,2025-11-29,
8217,1322.0,289,5,245.35,2025-08-21,
8218,259.0,119,1,356.79,2025-08-24,
8219,186.0,138,3,862.08,2026-01-08,
8220,118.0,83,5,936.15,2026-03-14,
8221,1539.0,228,3,1820.94,2026-05-18,
8222,1859.0,202,3,2066.4,2026-05-13,
8223,242.0,69,1,62.6,2026-05-28,
8224,1981.0,74,2,853.96,2026-02-26,
8225,406.0,255,4,2905.32,2026-08-02,
8226,942.0,39,4,3562.6,2026-06-20,
8227,762.0,159,5,572.95,2026-05-30,
8228,135.0,143,2,170.28,2026-07-18,
8229,374.0,8,4,3483.96,2026-08-05,
8230,1160.0,138,1,287.36,2025-10-22,
8231,701.0,105,4,2787.68,2026-01-04,
8232,272.0,51,5,1380.6,2026-03-29,
8233,915.0,93,4,2776.68,2026-05-15,
8234,205.0,39,2,1781.3,2026-04-04,
8235,476.0,247,3,1866.75,2025-09-23,
8236,1934.0,206,2,1192.34,2026-06-24,
8237,970.0,217,3,1076.43,2025-10-20,
8238,1368.0,164,2,880.48,2026-06-06,
8239,516.0,261,4,515.32,2025-12-09,
8240,1838.0,197,1,395.66,2025-11-02,
8241,1824.0,73,1,147.78,2025-11-21,
8242,919.0,218,1,-267.57,2026-03-02,
8243,10.0,118,1,649.52,2025-11-17,
8244,325.0,293,5,1697.8,2026-02-19,
8245,,273,3,947.31,2026-01-21,
8246,126.0,71,3,289.62,2025-11-18,
8247,1445.0,98,2,406.52,2026-01-26,
8248,725.0,55,1,856.54,2025-08-20,
8249,727.0,118,3,1948.56,2026-02-16,
8250,193.0,6,3,1870.02,2025-10-05,
8251,1475.0,139,2,1208.28,2025-09-19,
8252,1192.0,72,1,492.1,2025-10-30,
8253,487.0,54,3,293.46,2026-03-15,
8254,1744.0,26,5,1452.45,2026-02-25,
8255,1879.0,227,4,1899.72,2026-01-11,
8256,535.0,237,2,732.34,2025-12-06,
8257,1995.0,239,5,3834.9,2025-11-19,
8258,1419.0,65,3,1843.02,2026-01-19,
8259,315.0,129,2,983.82,2025-10-16,
8260,1117.0,48,5,1517.95,2025-10-01,
8261,1287.0,121,3,805.08,2026-05-09,
8262,1621.0,165,5,3168.25,2026-07-03,
8263,370.0,57,5,3481.25,2025-08-08,
8264,1581.0,4,3,2061.18,2025-10-09,
8265,1009.0,278,4,2505.08,2025-08-30,
8266,1010.0,22,4,542.48,2025-10-08,
8267,407.0,196,5,1218.7,2025-10-21,
8268,1552.0,107,2,1031.54,2026-05-20,
8269,1208.0,88,5,2276.65,2026-05-14,
8270,726.0,286,4,536.24,2026-02-11,
8271,1788.0,49,3,549.93,2026-04-28,
8272,697.0,30,2,1767.38,2026-08-04,
8273,1363.0,240,5,4047.6,2026-05-20,
8274,564.0,149,4,3194.92,2025-10-01,
8275,684.0,30,5,4418.45,2026-07-07,
8276,1506.0,258,3,2552.85,2025-08-10,
8277,394.0,270,5,782.6,2025-12-22,
8278,1993.0,278,2,1252.54,2026-07-21,
8279,1456.0,165,4,2534.6,2025-12-10,
8280,829.0,245,2,1089.7,2025-08-05,
8281,1515.0,89,1,102.76,2026-07-12,
8282,815.0,261,3,386.49,2025-10-24,
8283,1349.0,247,2,1244.5,2026-05-27,
8284,743.0,300,2,1163.18,2025-10-28,
8285,1766.0,157,2,104.22,2025-08-05,
8286,165.0,164,3,1320.72,2025-08-28,
8287,346.0,300,4,2326.36,2025-08-13,
8288,354.0,285,2,1440.04,2025-08-12,
8289,18.0,94,3,943.32,2026-10-07,
8290,376.0,55,5,4282.7,2026-02-22,
8291,345.0,181,4,3552.32,2025-12-29,
8292,353.0,154,4,3219.04,2025-11-09,
8293,387.0,283,4,1704.8,2026-06-09,
8294,1324.0,129,2,983.82,2025-11-26,
8295,1744.0,7,1,701.72,2026-05-20,
8296,504.0,87,2,936.62,2026-05-09,
8297,589.0,141,1,158.05,2026-01-08,
8298,359.0,292,5,1470.35,2026-01-28,
8299,1241.0,6,1,623.34,2025-11-05,
8300,349.0,214,4,2827.76,2026-03-23,
8301,276.0,228,1,606.98,2025-09-17,
8302,1.0,210,4,1809.12,2026-03-30,
8303,1696.0,135,3,-103.8,2025-08-06,
8304,740.0,27,5,1234.45,2025-08-06,
8305,380.0,221,2,522.6,2026-02-21,
8306,1713.0,35,4,3534.0,2026-02-23,
8307,39.0,146,1,690.08,2026-03-15,
8308,154.0,119,5,1783.95,2026-05-30,
8309,1178.0,26,1,290.49,2026-06-03,
8310,760.0,113,2,1307.38,2026-03-13,
8311,1269.0,103,5,1428.7,2025-09-08,
8312,329.0,91,2,1123.46,2025-09-21,
8313,192.0,153,4,3562.52,2025-11-10,
8314,456.0,45,5,3644.95,2025-09-20,
8315,1424.0,196,1,243.74,2026-01-09,
8316,1977.0,24,4,376.04,2026-06-11,
8317,295.0,11,5,1425.75,2025-08-06,
8318,1350.0,237,4,1464.68,2025-08-13,
8319,820.0,20,3,2457.12,2026-03-18,
8320,228.0,144,4,505.88,2026-07-03,
8321,971.0,215,1,305.24,2026-07-01,
8322,801.0,224,2,981.18,2025-09-09,
8323,1452.0,145,2,779.88,2026-01-01,
8324,22.0,270,3,469.56,2026-03-13,
8325,667.0,8,5,4354.95,2026-05-24,
8326,356.0,117,4,1905.16,2026-05-19,
8327,868.0,103,3,857.22,2026-04-05,
8328,1692.0,47,4,1264.96,2025-10-03,
8329,1756.0,218,2,-535.14,2026-06-19,
8330,422.0,115,1,840.98,2025-11-04,
8331,235.0,102,4,327.4,2025-09-27,
8332,531.0,7,5,3508.6,2026-04-28,
8333,1977.0,145,1,389.94,2026-02-13,
8334,282.0,223,3,1978.41,2025-10-22,
8335,797.0,103,1,285.74,2026-08-02,
8336,1844.0,179,3,1612.05,2026-01-29,
8337,1875.0,148,1,500.23,2026-05-20,
8338,366.0,101,4,3485.4,2026-06-23,
8339,1349.0,238,4,2350.4,2026-03-19,
8340,742.0,199,5,401.6,2026-04-23,
8341,1832.0,245,4,2179.4,2026-02-27,
8342,1759.0,17,4,3046.76,2026-06-01,
8343,1238.0,107,3,1547.31,2026-03-17,
8344,1278.0,150,2,1435.3,2026-05-14,
8345,1803.0,24,3,282.03,2026-01-30,
8346,970.0,220,1,366.66,2026-05-19,
8347,205.0,168,3,1931.01,2026-05-10,
8348,904.0,262,5,2766.8,2026-04-01,
8349,1712.0,11,1,285.15,2025-08-22,
8350,1261.0,254,5,3122.7,2026-01-02,
8351,354.0,290,2,846.74,2025-08-08,
8352,85.0,154,2,1609.52,2026-03-03,
8353,,87,3,1404.93,2026-06-09,
8354,631.0,113,4,2614.76,2026-05-16,
8355,160.0,137,3,2231.4,2025-12-13,
8356,449.0,255,2,1452.66,2025-11-29,
8357,878.0,138,3,862.08,2026-03-04,
8358,1027.0,172,2,1065.04,2026-06-28,
8359,524.0,200,5,3578.95,2025-09-05,
8360,1559.0,230,5,2503.65,2026-07-02,
8361,736.0,6,2,1246.68,2026-07-07,
8362,758.0,151,5,3970.0,2026-07-24,
8363,1725.0,116,4,3567.72,2026-03-05,
8364,1146.0,71,4,386.16,2026-01-17,
8365,576.0,291,1,336.67,2026-02-07,
8366,406.0,240,2,1619.04,2026-09-28,
8367,1504.0,265,4,743.08,2026-01-02,
8368,1338.0,137,1,743.8,2025-11-08,
8369,1220.0,7,1,701.72,2025-08-20,
8370,1026.0,174,2,1313.1,2025-08-24,
8371,987.0,173,3,2324.58,2025-08-13,
8372,188.0,138,2,574.72,2026-07-28,
8373,481.0,201,3,1173.3,2026-03-24,
8374,1236.0,165,5,3168.25,2026-06-17,
8375,1192.0,9,1,790.78,2026-06-27,
8376,1093.0,113,4,2614.76,2026-03-21,
8377,1377.0,40,3,214.47,2026-02-21,
8378,625.0,219,1,293.87,2025-11-20,
8379,1510.0,251,4,3493.08,2026-04-27,
8380,455.0,49,3,549.93,2025-10-29,
8381,1959.0,234,5,1804.1,2025-11-09,
8382,565.0,268,3,1051.71,2026-01-20,
8383,105.0,109,4,602.6,2025-09-20,
8384,169.0,203,4,1194.52,2026-07-16,
8385,1727.0,278,4,2505.08,2025-09-11,
8386,526.0,180,4,2569.32,2026-05-12,
8387,270.0,213,4,1524.4,2026-06-25,
8388,828.0,199,2,160.64,2025-11-07,
8389,754.0,284,1,499.56,2026-01-25,
8390,1064.0,153,1,890.63,2025-09-06,
8391,1529.0,191,5,1234.85,2026-08-01,
8392,1922.0,293,1,339.56,2025-09-11,
8393,928.0,31,2,694.2,2026-02-24,
8394,1182.0,244,2,388.48,2026-07-13,
8395,1592.0,57,1,696.25,2025-09-07,
8396,686.0,265,3,557.31,2025-12-06,
8397,1331.0,21,4,3032.28,2025-09-09,
8398,42.0,288,4,3485.84,2026-04-19,
8399,745.0,149,2,1597.46,2026-09-22,
8400,69.0,211,4,888.6,2026-03-08,
8401,467.0,173,1,774.86,2026-04-12,
8402,547.0,127,4,3162.48,2025-12-26,
8403,1043.0,218,5,-1337.85,2026-05-01,
8404,56.0,126,2,340.46,2025-11-13,
8405,1321.0,203,4,1194.52,2025-12-11,
8406,46.0,226,2,196.9,2026-02-15,
8407,1436.0,208,4,1457.44,2025-09-28,
8408,1911.0,62,5,3184.1,2026-05-26,
8409,1506.0,70,2,883.94,2026-03-15,
8410,841.0,94,4,1257.76,2026-06-13,
8411,1316.0,244,5,971.2,2025-12-03,
8412,1259.0,144,1,126.47,2025-10-02,
8413,926.0,9,5,3953.9,2025-08-12,
8414,883.0,261,5,644.15,2025-10-17,
8415,1029.0,169,2,1390.4,2026-04-08,
8416,1656.0,169,5,3476.0,2025-11-13,
8417,965.0,24,4,376.04,2026-06-13,
8418,850.0,106,5,420.0,2026-06-30,
8419,1393.0,105,3,2090.76,2026-04-20,
8420,1421.0,87,5,2341.55,2025-08-09,
8421,819.0,258,4,3403.8,2025-08-31,
8422,1636.0,13,3,2561.76,2025-12-23,
8423,1729.0,166,1,228.45,2025-10-23,
8424,283.0,155,5,1373.2,2025-12-08,
8425,,72,1,492.1,2026-05-28,
8426,538.0,234,1,360.82,2025-11-05,
8427,1567.0,288,4,3485.84,2025-11-20,
8428,1771.0,40,5,357.45,2026-01-12,
8429,61.0,206,4,2384.68,2026-01-11,
8430,422.0,209,4,3165.24,2025-08-16,
8431,1562.0,96,1,289.58,2026-01-25,
8432,1563.0,36,4,2951.56,2025-12-07,
8433,1907.0,84,5,3822.9,2025-12-28,
8434,393.0,8,4,3483.96,2026-03-16,
8435,364.0,298,5,2418.75,2026-03-28,
8436,165.0,261,5,644.15,2026-03-24,
8437,1906.0,291,5,1683.35,2025-11-10,
8438,246.0,82,4,1888.84,2025-11-23,
8439,858.0,288,2,1742.92,2026-03-19,
8440,1583.0,166,2,456.9,2026-07-16,
8441,186.0,120,4,2900.84,2026-05-05,
8442,1094.0,235,1,891.6,2025-11-19,
8443,1251.0,217,3,1076.43,2026-07-06,
8444,830.0,135,2,-69.2,2026-01-09,
8445,62.0,150,2,1435.3,2026-01-19,
8446,1097.0,106,5,420.0,2026-01-23,
8447,1382.0,121,1,268.36,2025-10-01,
8448,620.0,122,3,1981.2,2026-05-10,
8449,579.0,10,1,791.74,2025-08-25,
8450,1251.0,184,5,1815.3,2025-09-11,
8451,55.0,215,4,1220.96,2025-08-27,
8452,368.0,195,5,1206.9,2026-03-06,
8453,697.0,33,5,773.65,2025-09-27,
8454,389.0,276,4,1281.04,2025-11-16,
8455,530.0,2,3,1980.66,2026-07-13,
8456,1964.0,272,2,655.74,2026-04-12,
8457,1150.0,140,2,1504.08,2026-05-12,
8458,1349.0,263,3,872.97,2025-08-11,
8459,1429.0,126,1,170.23,2026-06-15,
8460,955.0,76,1,700.29,2025-09-28,
8461,849.0,276,1,320.26,2026-05-06,
8462,1762.0,242,5,400.2,2026-05-31,
8463,1299.0,3,4,2486.68,2026-03-02,
8464,1359.0,193,3,1157.85,2026-07-24,
8465,704.0,114,1,168.09,2025-09-09,
8466,1769.0,271,5,3818.95,2026-04-29,
8467,778.0,27,1,246.89,2026-02-17,
8468,1887.0,130,5,4122.15,2025-10-03,
8469,191.0,73,5,738.9,2026-07-28,
8470,410.0,169,1,695.2,2025-09-27,
8471,235.0,230,1,500.73,2026-04-15,
8472,1919.0,244,1,194.24,2025-10-30,
8473,1292.0,80,4,1022.08,2026-02-20,
8474,914.0,153,1,890.63,2026-01-25,
8475,64.0,25,2,1166.96,2026-03-24,
8476,65.0,263,5,1454.95,2026-07-29,
8477,931.0,266,1,464.09,2026-05-29,
8478,308.0,82,4,1888.84,2025-11-25,
8479,1231.0,271,2,1527.58,2025-08-05,
8480,357.0,213,5,1905.5,2025-10-01,
8481,1726.0,152,3,2515.41,2026-07-16,
8482,1541.0,270,3,469.56,2026-01-03,
8483,938.0,16,1,362.42,2025-09-28,
8484,1040.0,76,5,3501.45,2025-08-18,
8485,1949.0,297,3,1791.75,2026-02-27,
8486,,290,2,846.74,2025-12-17,
8487,182.0,240,3,2428.56,2026-02-15,
8488,1106.0,39,4,3562.6,2026-07-15,
8489,1920.0,2,4,2640.88,2025-09-01,
8490,1812.0,58,5,1911.55,2026-02-13,
8491,352.0,198,1,578.35,2025-11-14,
8492,803.0,242,4,320.16,2026-04-29,
8493,1142.0,68,1,887.21,2025-12-09,
8494,274.0,17,5,3808.45,2026-07-22,
8495,1280.0,9,2,1581.56,2025-09-26,
8496,117.0,62,4,2547.28,2026-02-02,
8497,399.0,90,4,1589.72,2025-11-01,
8498,552.0,136,3,1599.57,2026-06-07,
8499,1645.0,112,3,1410.21,2026-07-25,
8500,1315.0,196,2,487.48,2025-12-22,
8501,1069.0,130,3,2473.29,2026-04-09,
8502,167.0,249,1,470.68,2025-10-18,
8503,1507.0,92,1,671.41,2026-01-11,
8504,611.0,152,2,1676.94,2025-12-04,
8505,441.0,84,3,2293.74,2025-10-06,
8506,39.0,209,5,3956.55,2026-08-01,
8507,1923.0,300,1,581.59,2025-10-30,
8508,940.0,80,2,511.04,2025-12-16,
8509,19.0,187,2,1763.0,2026-01-28,
8510,1863.0,94,5,1572.2,2025-08-11,
8511,925.0,137,5,3719.0,2025-08-08,
8512,512.0,208,1,364.36,2025-11-27,
8513,2.0,193,4,1543.8,2026-10-11,
8514,497.0,68,3,2661.63,2025-10-05,
8515,273.0,193,3,1157.85,2026-04-02,
8516,721.0,158,1,190.93,2025-09-10,
8517,1431.0,182,2,783.26,2026-05-31,
8518,1027.0,218,-3,-802.71,2026-03-10,
8519,1670.0,41,5,3907.2,2025-09-28,
8520,1596.0,226,3,295.35,2026-03-07,
8521,1989.0,143,1,85.14,2026-05-04,
8522,1694.0,125,4,816.28,2025-12-11,
8523,1120.0,140,5,3760.2,2025-09-15,
8524,722.0,76,1,700.29,2026-03-06,
8525,1021.0,292,4,1176.28,2025-09-19,
8526,757.0,128,5,2430.35,2026-04-28,
8527,842.0,142,4,994.04,2026-01-14,
8528,1968.0,78,2,363.22,2026-08-04,
8529,877.0,66,2,1613.1,2025-08-31,
8530,826.0,20,4,3276.16,2026-04-06,
8531,1589.0,238,5,2938.0,2025-10-12,
8532,582.0,271,4,3055.16,2026-06-06,
8533,265.0,300,1,581.59,2026-04-07,
8534,636.0,191,5,1234.85,2025-12-10,
8535,1983.0,291,4,1346.68,2025-12-17,
8536,1533.0,90,2,794.86,2026-03-12,
8537,381.0,26,3,871.47,2025-08-11,
8538,,269,4,2202.68,2025-11-24,
8539,1155.0,85,4,-113.48,2026-04-20,
8540,787.0,66,1,806.55,2026-07-07,
8541,149.0,214,4,2827.76,2026-07-17,
8542,1195.0,233,5,3705.4,2026-01-06,
8543,388.0,209,2,1582.62,2025-09-18,
8544,1250.0,177,4,2474.32,2026-07-14,
8545,1874.0,80,5,1277.6,2025-08-17,
8546,442.0,281,2,319.38,2025-08-28,
8547,1505.0,165,5,3168.25,2026-02-01,
8548,1139.0,245,4,2179.4,2026-03-26,
8549,1455.0,264,4,2127.56,2025-10-11,
8550,1252.0,254,4,2498.16,2025-10-29,
8551,1877.0,96,3,868.74,2025-08-26,
8552,617.0,223,1,659.47,2025-11-15,
8553,522.0,63,2,313.46,2026-01-17,
8554,101.0,269,2,1101.34,2026-01-10,
8555,1834.0,268,3,1051.71,2025-08-14,
8556,671.0,127,1,790.62,2025-08-25,
8557,1082.0,103,5,1428.7,2025-09-07,
8558,174.0,98,5,1016.3,2025-09-23,
8559,825.0,80,2,511.04,2026-03-11,
8560,10.0,6,1,623.34,2025-11-07,
8561,610.0,35,3,2650.5,2026-02-23,
8562,1905.0,26,4,1161.96,2025-09-29,
8563,1721.0,205,2,748.08,2026-01-29,
8564,1518.0,35,3,2650.5,2025-09-07,
8565,1784.0,117,1,476.29,2025-08-16,
8566,145.0,146,5,3450.4,2025-09-08,
8567,243.0,112,3,1410.21,2026-05-12,
8568,1058.0,9,2,1581.56,2026-07-12,
8569,659.0,295,4,1667.28,2026-05-21,
8570,963.0,78,5,908.05,2026-07-23,
8571,,68,1,887.21,2025-10-12,
8572,1320.0,277,4,551.76,2025-10-21,
8573,609.0,168,4,2574.68,2026-07-22,
8574,608.0,82,2,944.42,2025-09-23,
8575,1272.0,6,3,1870.02,2026-03-13,
8576,1063.0,78,1,181.61,2026-05-17,
8577,690.0,94,2,628.88,2026-07-30,
8578,1168.0,119,1,356.79,2026-04-05,
8579,877.0,249,4,1882.72,2026-01-17,
8580,1932.0,53,5,3849.3,2025-08-31,
8581,1855.0,134,5,3168.05,2025-12-19,
8582,1875.0,206,2,1192.34,2025-09-08,
8583,1887.0,292,5,1470.35,2025-09-22,
8584,824.0,18,3,218.82,2025-08-16,
8585,,274,2,385.54,2026-04-16,
8586,971.0,3,1,621.67,2026-07-22,
8587,1287.0,187,2,1763.0,2025-11-15,
8588,1261.0,2,4,2640.88,2026-02-27,
8589,206.0,210,4,1809.12,2026-05-09,
8590,1172.0,270,4,626.08,2025-12-28,
8591,314.0,171,4,372.44,2025-08-09,
8592,635.0,149,1,798.73,2026-02-14,
8593,1006.0,127,3,2371.86,2026-05-17,
8594,1456.0,132,1,205.35,2026-01-18,
8595,462.0,84,3,2293.74,2026-01-21,
8596,988.0,38,2,1603.56,2026-05-23,
8597,199.0,162,4,1198.68,2025-12-09,
8598,1017.0,7,1,701.72,2025-10-31,
8599,403.0,251,4,3493.08,2026-06-17,
8600,1017.0,87,1,468.31,2026-05-31,
8601,463.0,180,1,642.33,2026-07-17,
8602,1552.0,215,1,305.24,2026-05-15,
8603,1979.0,295,2,833.64,2026-07-25,
8604,1424.0,24,2,188.02,2026-05-24,
8605,1525.0,171,5,465.55,2025-11-13,
8606,1480.0,299,5,2607.35,2025-12-04,
8607,407.0,37,5,359.05,2026-08-27,
8608,397.0,265,4,743.08,2026-05-13,
8609,83.0,108,4,2789.56,2025-08-22,
8610,1499.0,98,3,609.78,2026-07-10,
8611,1745.0,95,3,1279.95,2025-12-01,
8612,1734.0,159,3,343.77,2026-04-16,
8613,1127.0,230,3,1502.19,2025-10-13,
8614,1011.0,1,3,517.98,2026-07-18,
8615,910.0,221,1,261.3,2025-09-30,
8616,1774.0,274,4,771.08,2026-01-22,
8617,646.0,66,2,1613.1,2026-01-14,
8618,1417.0,34,1,739.62,2025-10-28,
8619,659.0,241,4,3260.36,2026-07-01,
8620,147.0,40,5,357.45,2026-04-08,
8621,1882.0,242,1,80.04,2025-11-29,
8622,184.0,286,3,402.18,2025-12-31,
8623,1969.0,248,2,1379.64,2026-06-21,
8624,1215.0,86,5,3497.9,2025-08-14,
8625,549.0,178,1,380.52,2025-09-15,
8626,395.0,181,4,3552.32,2026-04-03,
8627,1240.0,131,1,621.25,2025-09-08,
8628,1628.0,38,5,4008.9,2025-12-12,
8629,3.0,182,5,1958.15,2025-11-04,
8630,1116.0,177,3,1855.74,2025-08-07,
8631,658.0,41,1,781.44,2025-12-25,
8632,556.0,232,3,1472.91,2026-02-14,
8633,510.0,201,3,1173.3,2026-05-11,
8634,97.0,60,4,3302.6,2026-05-20,
8635,6.0,252,4,2855.4,2026-06-11,
8636,24.0,26,3,871.47,2026-04-05,
8637,1469.0,126,1,170.23,2025-10-23,
8638,1829.0,160,3,1351.83,2026-05-16,
8639,1106.0,160,-1,450.61,2025-12-03,
8640,1559.0,142,1,248.51,2026-02-12,
8641,1891.0,128,5,2430.35,2026-06-29,
8642,365.0,280,2,1509.8,2025-10-01,
8643,50.0,42,5,1374.85,2025-11-13,
8644,784.0,108,5,3486.95,2025-11-04,
8645,1572.0,202,2,1377.6,2025-12-18,
8646,1053.0,21,2,1516.14,2026-03-09,
8647,1136.0,191,5,1234.85,2026-01-15,
8648,1287.0,205,3,1122.12,2025-09-06,
8649,1094.0,11,4,1140.6,2026-02-11,
8650,311.0,277,1,137.94,2026-01-11,
8651,323.0,201,3,1173.3,2026-02-28,
8652,,174,1,656.55,2025-10-09,
8653,1418.0,196,3,731.22,2025-10-07,
8654,424.0,224,5,2452.95,2026-08-05,
8655,702.0,105,2,1393.84,2025-12-06,
8656,410.0,214,2,1413.88,2026-05-25,
8657,1239.0,29,2,751.58,2025-09-13,
8658,540.0,240,3,2428.56,2026-05-23,
8659,1860.0,11,5,1425.75,2026-04-25,
8660,1561.0,260,1,426.01,2025-09-23,
8661,88.0,222,4,1745.24,2026-06-21,
8662,1144.0,259,5,639.6,2026-01-30,
8663,1222.0,248,1,689.82,2026-04-21,
8664,1392.0,87,1,468.31,2025-10-15,
8665,1433.0,61,5,3227.35,2026-01-05,
8666,1719.0,48,5,1517.95,2026-01-27,
8667,162.0,145,2,779.88,2025-08-06,
8668,1395.0,48,2,607.18,2026-02-18,
8669,776.0,75,4,3180.2,2026-01-04,
8670,687.0,52,1,352.45,2026-06-30,
8671,1134.0,276,3,960.78,2026-01-14,
8672,97.0,174,5,3282.75,2026-05-05,
8673,1640.0,176,2,865.7,2026-06-15,
8674,382.0,205,2,748.08,2026-01-02,
8675,1217.0,62,1,636.82,2026-08-03,
8676,605.0,207,1,500.65,2025-12-19,
8677,301.0,233,2,1482.16,2026-08-01,
8678,,10,3,2375.22,2026-05-03,
8679,975.0,241,1,815.09,2026-06-05,
8680,745.0,245,3,1634.55,2026-01-07,
8681,,143,3,255.42,2025-10-03,
8682,1391.0,30,5,4418.45,2026-07-03,
8683,164.0,71,2,193.08,2025-09-24,
8684,593.0,228,1,606.98,2025-11-20,
8685,1686.0,200,1,715.79,2025-09-03,
8686,,294,3,1464.48,2026-07-30,
8687,558.0,125,5,1020.35,2026-04-03,
8688,1647.0,216,4,1763.04,2026-07-12,
8689,271.0,199,4,321.28,2026-01-23,
8690,509.0,209,2,1582.62,2026-07-14,
8691,770.0,168,5,3218.35,2026-01-10,
8692,476.0,2,3,1980.66,2026-07-02,
8693,1535.0,7,2,1403.44,2026-03-04,
8694,1516.0,197,1,395.66,2026-01-23,
8695,34.0,274,3,578.31,2026-10-12,
8696,,67,3,2167.74,2026-07-03,
8697,13.0,285,4,2880.08,2026-06-28,
8698,1059.0,111,4,2757.08,2025-11-17,
8699,678.0,206,1,596.17,2026-06-07,
8700,485.0,27,4,987.56,2026-04-04,
8701,811.0,22,4,542.48,2025-11-26,
8702,1699.0,123,4,1963.36,2026-02-04,
8703,91.0,5,3,918.42,2026-02-02,
8704,1817.0,67,5,3612.9,2026-06-23,
8705,545.0,45,4,2915.96,2025-09-05,
8706,1117.0,5,5,1530.7,2026-04-19,
8707,1761.0,62,1,636.82,2025-10-05,
8708,90.0,111,5,3446.35,2026-03-17,
8709,121.0,61,2,1290.94,2025-08-28,
8710,294.0,122,1,660.4,2026-04-10,
8711,48.0,187,2,1763.0,2025-10-24,
8712,324.0,135,3,-103.8,2025-12-23,
8713,1551.0,103,4,1142.96,2025-08-10,
8714,958.0,190,5,338.55,2025-08-19,
8715,1757.0,188,2,994.92,2026-01-12,
8716,1330.0,58,5,1911.55,2026-08-02,
8717,86.0,96,4,1158.32,2025-09-16,
8718,1468.0,26,5,1452.45,2026-06-14,
8719,89.0,274,4,771.08,2026-02-19,
8720,715.0,69,4,250.4,2025-11-30,
8721,1355.0,253,3,1038.0,2026-02-15,
8722,1662.0,165,3,1900.95,2026-03-12,
8723,1950.0,140,5,3760.2,2026-02-08,
8724,654.0,71,1,96.54,2025-11-30,
8725,1972.0,147,5,2977.35,2025-09-30,
8726,1896.0,145,3,1169.82,2025-09-22,
8727,1053.0,169,2,1390.4,2025-11-04,
8728,1142.0,47,1,316.24,2025-12-04,
8729,248.0,9,5,3953.9,2026-07-06,
8730,798.0,281,5,798.45,2025-11-18,
8731,1085.0,179,3,1612.05,2026-06-16,
8732,1816.0,109,3,451.95,2025-10-25,
8733,816.0,145,3,1169.82,2025-12-02,
8734,1776.0,208,2,728.72,2025-08-25,
8735,1627.0,86,5,3497.9,2025-12-02,
8736,253.0,190,2,135.42,2026-05-13,
8737,1014.0,253,-5,1730.0,2026-01-14,
8738,1433.0,27,3,740.67,2026-07-12,
8739,25.0,209,4,3165.24,2026-05-18,
8740,211.0,121,4,1073.44,2026-05-24,
8741,635.0,216,2,881.52,2025-12-29,
8742,63.0,278,4,2505.08,2026-03-05,
8743,607.0,230,1,500.73,2025-10-03,
8744,1552.0,230,2,1001.46,2025-09-16,
8745,33.0,216,4,1763.04,2025-10-02,
8746,724.0,68,2,1774.42,2025-09-07,
8747,1033.0,33,3,464.19,2025-12-13,
8748,146.0,187,1,881.5,2026-06-08,
8749,1395.0,192,2,847.88,2026-04-09,
8750,904.0,3,1,621.67,2026-01-20,
8751,867.0,118,1,649.52,2026-06-28,
8752,648.0,255,1,726.33,2025-11-11,
8753,711.0,217,1,358.81,2026-03-27,
8754,1172.0,270,4,626.08,2026-05-18,
8755,265.0,32,3,-546.63,2026-05-23,
8756,619.0,92,3,2014.23,2025-12-21,
8757,503.0,39,2,1781.3,2025-10-07,
8758,906.0,168,3,1931.01,2025-12-21,
8759,116.0,291,3,1010.01,2025-11-12,
8760,1499.0,193,3,1157.85,2026-03-16,
8761,199.0,188,2,994.92,2026-06-06,
8762,1196.0,164,4,1760.96,2025-10-10,
8763,1481.0,28,3,1470.6,2025-08-11,
8764,1173.0,236,1,602.21,2026-01-07,
8765,1306.0,41,5,3907.2,2026-04-18,
8766,815.0,295,5,2084.1,2026-04-30,
8767,1736.0,223,3,1978.41,2025-11-20,
8768,440.0,208,5,1821.8,2026-06-12,
8769,796.0,220,3,1099.98,2025-11-22,
8770,482.0,64,5,4064.3,2026-04-11,
8771,1462.0,100,3,352.32,2026-06-18,
8772,1285.0,254,3,1873.62,2025-09-08,
8773,811.0,287,4,-204.88,2026-05-29,
8774,767.0,281,1,159.69,2025-09-22,
8775,1582.0,240,1,809.52,2025-09-13,
8776,1528.0,96,2,579.16,2026-04-22,
8777,1642.0,245,4,2179.4,2026-05-07,
8778,544.0,46,5,2790.55,2026-03-30,
8779,1651.0,126,1,170.23,2026-02-12,
8780,381.0,52,5,1762.25,2026-06-01,
8781,1236.0,84,1,764.58,2025-10-19,
8782,1002.0,185,4,568.08,2026-03-05,
8783,389.0,124,2,1493.26,2026-03-06,
8784,1431.0,74,5,2134.9,2025-09-05,
8785,1611.0,246,2,359.42,2026-02-27,
8786,1159.0,69,2,125.2,2025-09-30,
8787,531.0,208,3,1093.08,2026-02-01,
8788,1779.0,21,2,1516.14,2025-11-09,
8789,660.0,288,2,1742.92,2025-08-05,
8790,1671.0,123,2,981.68,2026-07-03,
8791,771.0,203,4,1194.52,2026-04-21,
8792,339.0,96,3,868.74,2026-01-18,
8793,1881.0,225,4,2789.32,2025-11-03,
8794,1911.0,122,5,3302.0,2025-12-02,
8795,1477.0,82,2,944.42,2025-10-31,
8796,1335.0,274,3,578.31,2025-12-14,
8797,280.0,73,1,147.78,2026-04-24,
8798,45.0,123,2,981.68,2026-03-20,
8799,515.0,295,1,416.82,2026-06-07,
8800,867.0,1,1,172.66,2025-11-24,
8801,1559.0,97,2,507.02,2026-02-15,
8802,572.0,90,5,1987.15,2026-07-10,
8803,,151,2,1588.0,2026-07-06,
8804,1352.0,153,4,3562.52,2026-02-16,
8805,1211.0,37,5,359.05,2026-06-14,
8806,1822.0,269,2,1101.34,2025-10-13,
8807,679.0,5,4,1224.56,2026-05-13,
8808,673.0,165,1,633.65,2025-08-30,
8809,260.0,138,3,862.08,2026-02-26,
8810,1874.0,200,1,715.79,2026-02-21,
8811,894.0,227,3,1424.79,2025-11-20,
8812,1275.0,292,5,1470.35,2026-03-20,
8813,1129.0,36,2,1475.78,2026-06-12,
8814,61.0,114,0,168.09,2026-01-15,
8815,1616.0,2,4,2640.88,2026-03-01,
8816,438.0,146,2,1380.16,2025-08-14,
8817,1585.0,80,2,511.04,2026-01-09,
8818,1872.0,222,2,872.62,2026-01-09,
8819,921.0,66,4,3226.2,2025-11-13,
8820,448.0,240,4,3238.08,2026-07-07,
8821,849.0,105,-1,696.92,2026-06-01,
8822,1956.0,260,1,426.01,2025-08-12,
8823,1902.0,204,4,2094.6,2025-12-17,
8824,58.0,153,4,3562.52,2026-10-10,
8825,425.0,227,1,474.93,2025-09-12,
8826,108.0,286,3,402.18,2026-06-18,
8827,1634.0,122,4,2641.6,2025-09-13,
8828,1259.0,18,0,218.82,2025-08-21,
8829,1278.0,161,-2,739.74,2025-10-14,
8830,278.0,258,3,2552.85,2025-09-09,
8831,1491.0,148,1,500.23,2025-10-06,
8832,1621.0,20,4,3276.16,2026-06-17,
8833,271.0,153,1,890.63,2026-07-12,
8834,38.0,254,3,1873.62,2025-12-27,
8835,1601.0,223,4,2637.88,2025-12-03,
8836,343.0,188,5,2487.3,2025-10-20,
8837,861.0,220,-4,1466.64,2026-04-16,
8838,1166.0,71,3,289.62,2026-05-23,
8839,1701.0,2,4,2640.88,2025-11-21,
8840,1726.0,82,1,472.21,2025-09-05,
8841,1448.0,21,2,1516.14,2026-06-12,
8842,1649.0,208,2,728.72,2026-05-14,
8843,1300.0,261,3,386.49,2025-10-16,
8844,1938.0,207,3,1501.95,2025-11-08,
8845,580.0,211,1,222.15,2026-07-06,
8846,548.0,294,4,1952.64,2025-08-16,
8847,,162,5,1498.35,2025-09-20,
8848,1071.0,107,1,515.77,2026-05-07,
8849,1432.0,112,5,2350.35,2026-01-07,
8850,1534.0,293,4,1358.24,2025-08-24,
8851,1451.0,295,5,2084.1,2025-12-03,
8852,1618.0,143,5,425.7,2026-03-30,
8853,1227.0,40,3,214.47,2026-05-20,
8854,71.0,260,4,1704.04,2026-02-26,
8855,30.0,162,3,899.01,2026-01-16,
8856,1439.0,145,5,1949.7,2025-08-06,
8857,1687.0,107,2,1031.54,2026-06-20,
8858,608.0,214,4,2827.76,2025-11-06,
8859,270.0,111,2,1378.54,2026-02-13,
8860,527.0,114,5,840.45,2025-09-29,
8861,268.0,196,1,243.74,2025-09-13,
8862,1472.0,52,2,704.9,2026-05-09,
8863,1442.0,281,5,798.45,2026-05-15,
8864,1353.0,274,1,192.77,2026-04-11,
8865,1262.0,54,3,293.46,2026-07-09,
8866,1911.0,148,5,2501.15,2026-02-17,
8867,516.0,174,2,1313.1,2026-01-01,
8868,1434.0,9,1,790.78,2025-08-25,
8869,1403.0,38,2,1603.56,2025-08-27,
8870,1519.0,231,4,2933.2,2025-10-22,
8871,1863.0,84,2,1529.16,2025-10-07,
8872,1992.0,99,5,2344.65,2025-08-29,
8873,1924.0,272,3,983.61,2026-05-03,
8874,354.0,255,3,2178.99,2025-10-22,
8875,815.0,83,3,561.69,2025-09-14,
8876,1426.0,237,5,1830.85,2026-03-23,
8877,1736.0,252,1,713.85,2026-01-25,
8878,1078.0,263,5,1454.95,2026-03-06,
8879,420.0,73,2,295.56,2026-06-22,
8880,1317.0,231,5,3666.5,2026-03-22,
8881,119.0,280,4,3019.6,2026-04-03,
8882,1992.0,169,5,3476.0,2026-03-27,
8883,795.0,149,1,798.73,2026-07-25,
8884,788.0,268,1,350.57,2025-08-24,
8885,1430.0,40,2,142.98,2025-09-05,
8886,1316.0,131,5,3106.25,2025-09-08,
8887,627.0,190,4,270.84,2026-06-14,
8888,1228.0,240,5,4047.6,2025-11-20,
8889,802.0,275,3,2015.97,2025-08-17,
8890,1056.0,13,3,2561.76,2026-08-04,
8891,1277.0,220,4,1466.64,2025-08-10,
8892,1588.0,138,5,1436.8,2025-10-25,
8893,1810.0,199,2,160.64,2025-11-28,
8894,1989.0,278,2,1252.54,2026-07-27,
8895,1758.0,2,5,3301.1,2026-08-03,
8896,413.0,228,2,1213.96,2026-02-05,
8897,104.0,203,1,298.63,2026-06-16,
8898,1176.0,279,1,850.96,2025-09-19,
8899,172.0,73,4,591.12,2025-11-06,
8900,272.0,197,4,1582.64,2025-09-15,
8901,858.0,4,1,687.06,2026-05-23,
8902,1845.0,166,3,685.35,2026-04-29,
8903,1402.0,164,4,1760.96,2026-02-13,
8904,1948.0,260,4,1704.04,2026-05-22,
8905,1023.0,143,3,255.42,2025-09-12,
8906,661.0,268,4,1402.28,2026-03-22,
8907,1820.0,168,3,1931.01,2026-06-20,
8908,205.0,253,3,1038.0,2026-02-02,
8909,964.0,89,3,308.28,2026-05-27,
8910,12.0,221,3,783.9,2026-04-15,
8911,792.0,4,1,687.06,2026-03-08,
8912,692.0,269,4,2202.68,2026-01-13,
8913,1656.0,267,4,1109.32,2025-08-22,
8914,597.0,272,2,655.74,2026-06-04,
8915,147.0,30,3,2651.07,2026-05-22,
8916,723.0,213,4,1524.4,2025-09-14,
8917,219.0,131,3,1863.75,2026-07-14,
8918,1827.0,79,2,675.16,2026-04-06,
8919,533.0,132,3,616.05,2026-05-26,
8920,1206.0,36,5,3689.45,2026-01-02,
8921,11.0,242,3,240.12,2026-07-14,
8922,413.0,74,2,853.96,2026-07-31,
8923,1869.0,271,4,3055.16,2025-10-04,
8924,35.0,274,4,771.08,2026-05-27,
8925,1714.0,263,2,581.98,2026-08-05,
8926,1777.0,163,4,2408.68,2025-12-20,
8927,927.0,22,1,135.62,2026-04-27,
8928,837.0,11,2,570.3,2026-05-09,
8929,1807.0,100,1,117.44,2026-04-01,
8930,316.0,153,3,2671.89,2026-05-23,
8931,1317.0,109,5,753.25,2025-08-24,
8932,356.0,211,1,222.15,2026-05-12,
8933,1498.0,24,3,282.03,2026-02-18,
8934,1253.0,25,5,2917.4,2025-11-13,
8935,63.0,274,2,385.54,2025-09-12,
8936,,143,1,85.14,2026-03-18,
8937,25.0,138,5,1436.8,2026-04-13,
8938,1307.0,299,4,2085.88,2025-11-23,
8939,975.0,34,5,3698.1,2026-06-29,
8940,1798.0,249,5,2353.4,2026-04-09,
8941,1722.0,250,2,831.8,2026-02-02,
8942,314.0,140,3,2256.12,2026-06-20,
8943,225.0,285,3,2160.06,2026-02-24,
8944,798.0,108,3,2092.17,2025-12-10,
8945,27.0,139,5,3020.7,2026-07-07,
8946,1873.0,153,3,2671.89,2025-12-24,
8947,420.0,22,4,542.48,2026-07-28,
8948,1540.0,182,4,1566.52,2025-08-08,
8949,1044.0,252,3,2141.55,2026-04-06,
8950,660.0,8,5,4354.95,2025-09-20,
8951,1174.0,256,2,345.26,2025-09-03,
8952,1820.0,129,1,491.91,2025-10-24,
8953,1697.0,173,5,3874.3,2026-01-21,
8954,288.0,281,1,159.69,2025-12-15,
8955,346.0,222,1,436.31,2025-10-30,
8956,302.0,129,3,1475.73,2025-12-14,
8957,1986.0,23,2,289.58,2026-02-26,
8958,1867.0,47,3,948.72,2025-10-08,
8959,1997.0,272,5,1639.35,2026-05-06,
8960,1067.0,72,3,1476.3,2025-09-20,
8961,1724.0,144,5,632.35,2025-08-13,
8962,392.0,9,4,3163.12,2026-02-04,
8963,84.0,160,2,901.22,2026-07-29,
8964,1155.0,117,1,476.29,2025-10-08,
8965,965.0,226,4,393.8,2026-03-09,
8966,895.0,147,5,2977.35,2026-02-26,
8967,1249.0,236,3,1806.63,2026-04-24,
8968,1345.0,188,1,497.46,2026-07-07,
8969,1052.0,159,1,114.59,2026-06-26,
8970,1862.0,218,3,-802.71,2026-01-24,
8971,413.0,268,2,701.14,2026-02-23,
8972,1070.0,2,5,3301.1,2026-05-21,
8973,656.0,67,5,3612.9,2025-08-06,
8974,1427.0,267,4,1109.32,2026-02-04,
8975,218.0,264,3,1595.67,2025-09-27,
8976,326.0,293,4,1358.24,2026-06-03,
8977,345.0,126,2,340.46,2026-02-02,
8978,1510.0,220,1,366.66,2026-03-25,
8979,772.0,185,5,710.1,2026-05-27,
8980,941.0,144,2,252.94,2025-08-26,
8981,600.0,216,4,1763.04,2026-05-09,
8982,203.0,265,2,371.54,2025-11-01,
8983,1434.0,228,2,1213.96,2026-02-02,
8984,826.0,2,4,2640.88,2025-09-17,
8985,438.0,94,5,1572.2,2026-01-13,
8986,189.0,45,3,2186.97,2025-09-15,
8987,960.0,272,1,327.87,2026-01-17,
8988,307.0,277,5,689.7,2025-08-15,
8989,1816.0,151,2,1588.0,2026-03-07,
8990,1683.0,196,3,731.22,2026-04-30,
8991,640.0,175,5,3677.4,2026-02-19,
8992,1124.0,213,5,1905.5,2025-09-17,
8993,1901.0,12,4,3274.24,2026-06-03,
8994,274.0,79,2,675.16,2026-04-01,
8995,451.0,236,2,1204.42,2026-02-03,
8996,923.0,243,1,813.41,2026-06-25,
8997,56.0,258,5,4254.75,2025-10-04,
8998,467.0,78,2,363.22,2025-09-24,
8999,116.0,242,5,400.2,2026-07-18,
9000,648.0,19,4,2770.4,2025-10-22,
9001,1286.0,140,5,3760.2,2026-04-24,
9002,1375.0,230,1,500.73,2026-03-24,
9003,1659.0,283,-3,1278.6,2026-07-12,
9004,1190.0,239,4,3067.92,2026-05-26,
9005,145.0,166,3,685.35,2026-03-21,
9006,1017.0,228,4,2427.92,2026-04-08,
9007,415.0,161,3,1109.61,2026-01-01,
9008,1677.0,269,1,550.67,2025-11-10,
9009,1279.0,279,5,4254.8,2026-02-07,
9010,1534.0,21,4,3032.28,2026-02-11,
9011,1054.0,108,4,2789.56,2026-06-01,
9012,1195.0,34,3,2218.86,2025-09-20,
9013,1012.0,34,3,2218.86,2026-02-28,
9014,1190.0,30,5,4418.45,2025-10-20,
9015,1045.0,155,3,823.92,2026-02-09,
9016,830.0,200,2,1431.58,2025-12-14,
9017,1036.0,282,2,1212.9,2026-06-26,
9018,1049.0,135,5,-173.0,2025-11-01,
9019,421.0,227,4,1899.72,2025-08-20,
9020,1764.0,269,1,550.67,2026-01-25,
9021,1404.0,80,1,255.52,2026-07-12,
9022,163.0,246,4,718.84,2026-01-14,
9023,1216.0,78,2,363.22,2026-03-10,
9024,370.0,205,1,374.04,2026-07-06,
9025,58.0,59,5,311.45,2025-09-15,
9026,1121.0,171,1,93.11,2026-07-20,
9027,,280,1,754.9,2026-07-21,
9028,1072.0,291,5,1683.35,2025-08-07,
9029,1047.0,199,1,80.32,2025-10-14,
9030,1329.0,69,1,62.6,2026-06-11,
9031,1875.0,251,1,873.27,2025-11-24,
9032,1465.0,206,4,2384.68,2026-03-05,
9033,97.0,19,1,692.6,2025-08-10,
9034,271.0,233,5,3705.4,2026-04-23,
9035,1597.0,113,4,2614.76,2026-05-12,
9036,1137.0,76,5,3501.45,2026-05-10,
9037,1134.0,74,4,1707.92,2026-03-06,
9038,563.0,119,2,713.58,2025-12-25,
9039,1355.0,262,4,2213.44,2026-06-05,
9040,,156,5,3343.8,2025-12-19,
9041,497.0,233,1,741.08,2026-02-01,
9042,862.0,162,1,299.67,2026-07-07,
9043,943.0,252,3,2141.55,2026-02-15,
9044,848.0,262,5,2766.8,2025-08-17,
9045,1996.0,266,2,928.18,2025-08-10,
9046,726.0,98,-3,609.78,2025-10-09,
9047,1640.0,229,1,50.19,2026-04-14,
9048,484.0,250,4,1663.6,2025-11-12,
9049,1721.0,52,2,704.9,2026-04-21,
9050,662.0,112,1,470.07,2026-07-08,
9051,1295.0,169,3,2085.6,2025-11-26,
9052,902.0,22,0,406.86,2025-10-19,
9053,261.0,17,3,2285.07,2026-06-11,
9054,980.0,48,5,1517.95,2026-05-30,
9055,561.0,114,5,840.45,2025-09-26,
9056,92.0,144,3,379.41,2025-10-26,
9057,1043.0,160,3,1351.83,2026-07-11,
9058,215.0,276,2,640.52,2026-01-05,
9059,131.0,40,3,214.47,2025-10-16,
9060,1948.0,158,4,763.72,2025-10-07,
9061,1542.0,27,1,246.89,2026-06-21,
9062,1328.0,79,2,675.16,2025-09-21,
9063,407.0,166,1,228.45,2026-01-03,
9064,910.0,206,5,2980.85,2026-03-20,
9065,1286.0,59,3,186.87,2025-08-19,
9066,1233.0,202,5,3444.0,2026-06-07,
9067,1194.0,39,1,890.65,2026-01-01,
9068,1266.0,225,4,2789.32,2026-03-26,
9069,110.0,229,5,250.95,2026-04-21,
9070,1309.0,73,2,295.56,2026-05-28,
9071,732.0,155,3,823.92,2025-12-31,
9072,598.0,219,5,1469.35,2026-03-07,
9073,2000.0,135,4,-138.4,2025-12-19,
9074,1660.0,243,5,4067.05,2026-06-29,
9075,1874.0,151,1,794.0,2026-01-29,
9076,1487.0,119,4,1427.16,2025-11-13,
9077,1668.0,219,3,881.61,2026-01-06,
9078,885.0,12,1,818.56,2026-04-20,
9079,1256.0,112,2,940.14,2026-02-04,
9080,448.0,164,4,1760.96,2025-08-12,
9081,1356.0,256,5,863.15,2026-01-03,
9082,728.0,107,1,515.77,2026-06-12,
9083,750.0,299,0,2085.88,2026-01-23,
9084,,232,2,981.94,2026-04-26,
9085,479.0,76,4,2801.16,2026-04-27,
9086,806.0,54,5,489.1,2025-12-21,
9087,1456.0,287,2,-102.44,2025-08-30,
9088,1157.0,20,2,1638.08,2026-01-21,
9089,1146.0,46,3,1674.33,2026-04-02,
9090,1316.0,189,3,1013.1,2026-04-30,
9091,465.0,84,2,1529.16,2025-09-19,
9092,186.0,90,3,1192.29,2025-11-08,
9093,142.0,193,3,1157.85,2026-03-17,
9094,1284.0,282,3,1819.35,2026-06-30,
9095,,131,5,3106.25,2026-07-26,
9096,1633.0,299,4,2085.88,2026-08-01,
9097,1939.0,200,1,715.79,2025-12-24,
9098,615.0,239,2,1533.96,2026-05-02,
9099,1734.0,150,4,2870.6,2026-05-22,
9100,797.0,242,3,240.12,2026-08-04,
9101,708.0,91,1,561.73,2026-07-11,
9102,1116.0,294,3,1464.48,2025-09-29,
9103,1888.0,146,1,690.08,2025-09-08,
9104,1518.0,250,3,1247.7,2025-12-07,
9105,131.0,59,4,249.16,2025-08-26,
9106,690.0,227,1,474.93,2026-05-17,
9107,1839.0,7,2,1403.44,2025-09-18,
9108,1052.0,85,1,-28.37,2026-06-26,
9109,1157.0,49,4,733.24,2026-01-09,
9110,1323.0,283,1,426.2,2026-07-18,
9111,467.0,147,1,595.47,2025-11-28,
9112,1368.0,154,3,2414.28,2026-06-20,
9113,1432.0,246,4,718.84,2025-09-30,
9114,523.0,30,5,4418.45,2026-01-02,
9115,1422.0,288,2,1742.92,2025-09-02,
9116,590.0,250,4,1663.6,2025-08-06,
9117,1212.0,14,2,1680.42,2026-02-07,
9118,830.0,65,5,3071.7,2026-07-31,
9119,1989.0,148,2,1000.46,2025-08-08,
9120,1663.0,104,1,155.18,2025-10-28,
9121,1970.0,78,4,726.44,2025-10-20,
9122,1178.0,179,1,537.35,2025-12-24,
9123,1449.0,300,4,2326.36,2025-08-23,
9124,1143.0,96,1,289.58,2026-08-05,
9125,773.0,97,-4,1014.04,2026-06-16,
9126,253.0,232,4,1963.88,2026-04-13,
9127,848.0,194,4,2755.08,2026-02-23,
9128,4.0,223,1,659.47,2026-05-29,
9129,1530.0,72,3,1476.3,2025-11-13,
9130,570.0,202,2,1377.6,2026-07-17,
9131,276.0,90,1,397.43,2026-06-04,
9132,1393.0,66,2,1613.1,2025-10-04,
9133,1257.0,113,3,1961.07,2025-11-22,
9134,149.0,279,1,850.96,2026-06-30,
9135,1991.0,107,4,2063.08,2025-10-26,
9136,453.0,217,5,1794.05,2026-05-04,
9137,734.0,216,4,1763.04,2026-05-22,
9138,972.0,9,1,790.78,2026-05-01,
9139,148.0,232,5,2454.85,2025-09-17,
9140,1302.0,168,2,1287.34,2026-04-02,
9141,1668.0,156,3,2006.28,2026-03-02,
9142,562.0,207,1,500.65,2026-07-07,
9143,1264.0,151,1,794.0,2025-10-30,
9144,503.0,85,2,-56.74,2026-03-17,
9145,938.0,180,1,642.33,2025-09-27,
9146,1860.0,156,4,2675.04,2025-11-25,
9147,1806.0,185,4,568.08,2026-03-03,
9148,1779.0,158,2,381.86,2026-07-03,
9149,226.0,193,1,385.95,2025-11-26,
9150,505.0,282,4,2425.8,2026-02-16,
9151,778.0,251,2,1746.54,2025-08-30,
9152,1163.0,112,1,470.07,2025-10-29,
9153,1506.0,300,3,1744.77,2025-08-14,
9154,1298.0,196,5,1218.7,2025-08-08,
9155,1194.0,172,3,1597.56,2025-11-30,
9156,996.0,81,2,1155.04,2026-07-25,
9157,1743.0,225,4,2789.32,2025-09-15,
9158,612.0,135,1,-34.6,2026-05-18,
9159,444.0,24,1,94.01,2026-01-17,
9160,6.0,281,3,479.07,2026-03-26,
9161,704.0,92,3,2014.23,2026-06-15,
9162,1704.0,33,2,309.46,2026-06-15,
9163,1896.0,139,3,1812.42,2025-09-02,
9164,818.0,131,5,3106.25,2026-06-17,
9165,370.0,247,2,1244.5,2026-10-29,
9166,469.0,274,5,963.85,2025-12-05,
9167,616.0,294,1,488.16,2026-07-04,
9168,1960.0,241,2,1630.18,2025-11-01,
9169,518.0,120,1,725.21,2025-08-23,
9170,775.0,185,3,426.06,2025-10-01,
9171,1407.0,43,-3,2037.72,2025-09-13,
9172,1189.0,247,3,1866.75,2025-12-26,
9173,733.0,102,2,163.7,2026-07-25,
9174,534.0,48,1,303.59,2026-10-10,
9175,1059.0,235,5,4458.0,2025-12-29,
9176,1688.0,239,5,3834.9,2026-02-05,
9177,131.0,163,2,1204.34,2026-05-11,
9178,593.0,69,1,62.6,2025-12-24,
9179,660.0,8,5,4354.95,2026-05-28,
9180,903.0,147,2,1190.94,2026-06-14,
9181,871.0,254,4,2498.16,2026-05-09,
9182,398.0,49,5,916.55,2026-03-06,
9183,1648.0,27,5,1234.45,2026-01-02,
9184,106.0,192,5,2119.7,2026-05-03,
9185,1481.0,31,1,347.1,2025-11-25,
9186,1977.0,275,4,2687.96,2026-01-09,
9187,640.0,125,1,204.07,2026-05-08,
9188,173.0,106,5,420.0,2026-06-09,
9189,1922.0,167,1,431.28,2025-11-08,
9190,469.0,34,3,2218.86,2025-11-02,
9191,1096.0,222,4,1745.24,2026-04-21,
9192,1293.0,212,2,-618.5,2026-07-07,
9193,996.0,54,1,97.82,2026-08-03,
9194,1124.0,281,1,159.69,2026-03-31,
9195,,234,1,360.82,2026-07-05,
9196,656.0,208,5,1821.8,2025-12-11,
9197,264.0,217,3,1076.43,2025-11-03,
9198,1719.0,170,4,1976.92,2025-12-03,
9199,1316.0,28,4,1960.8,2026-03-06,
9200,293.0,281,1,159.69,2025-09-09,
9201,1345.0,220,5,1833.3,2025-09-10,
9202,1894.0,102,2,163.7,2025-08-06,
9203,1930.0,37,3,215.43,2025-12-09,
9204,1448.0,135,2,-69.2,2025-08-11,
9205,828.0,101,1,871.35,2026-06-19,
9206,379.0,18,1,72.94,2025-09-20,
9207,379.0,100,1,117.44,2026-07-12,
9208,1791.0,258,4,3403.8,2026-05-27,
9209,1864.0,172,3,1597.56,2025-11-20,
9210,1875.0,10,3,2375.22,2026-07-25,
9211,591.0,71,2,193.08,2026-02-14,
9212,593.0,49,1,183.31,2026-01-15,
9213,827.0,79,1,337.58,2025-11-13,
9214,76.0,210,4,1809.12,2026-05-30,
9215,155.0,53,3,2309.58,2025-10-04,
9216,1513.0,132,3,616.05,2026-02-11,
9217,40.0,290,2,846.74,2026-02-17,
9218,870.0,49,4,733.24,2026-06-19,
9219,1739.0,128,2,972.14,2026-06-14,
9220,264.0,266,2,928.18,2026-03-20,
9221,570.0,70,2,883.94,2026-06-06,
9222,655.0,20,1,819.04,2026-01-16,
9223,268.0,119,5,1783.95,2026-07-03,
9224,97.0,95,2,853.3,2025-09-21,
9225,287.0,191,4,987.88,2025-12-07,
9226,1968.0,15,1,471.73,2026-02-04,
9227,234.0,24,1,94.01,2025-11-08,
9228,1095.0,107,3,1547.31,2026-03-07,
9229,458.0,158,2,381.86,2025-12-13,
9230,395.0,295,1,416.82,2025-12-07,
9231,745.0,117,2,952.58,2026-05-21,
9232,776.0,93,5,3470.85,2026-05-29,
9233,325.0,60,2,1651.3,2026-07-26,
9234,521.0,125,5,1020.35,2026-07-06,
9235,1392.0,172,4,2130.08,2025-09-17,
9236,259.0,146,3,2070.24,2025-09-27,
9237,381.0,111,3,2067.81,2026-03-05,
9238,612.0,257,4,1249.36,2026-05-31,
9239,907.0,153,5,4453.15,2025-09-03,
9240,355.0,220,1,366.66,2026-07-22,
9241,1049.0,136,5,2665.95,2026-01-26,
9242,396.0,221,4,1045.2,2026-07-23,
9243,1527.0,138,2,574.72,2026-02-12,
9244,1948.0,28,5,2451.0,2025-12-10,
9245,896.0,183,2,724.08,2026-06-14,
9246,1281.0,233,4,2964.32,2025-09-12,
9247,1356.0,125,3,612.21,2025-09-26,
9248,1305.0,294,5,2440.8,2025-11-03,
9249,1274.0,185,2,284.04,2026-03-23,
9250,730.0,242,2,160.08,2025-12-27,
9251,686.0,208,1,364.36,2026-05-29,
9252,1966.0,91,4,2246.92,2026-03-11,
9253,1668.0,207,3,1501.95,2026-02-14,
9254,1735.0,171,5,465.55,2026-02-17,
9255,1000.0,34,3,2218.86,2025-09-12,
9256,758.0,200,2,1431.58,2025-12-15,
9257,125.0,127,5,3953.1,2025-12-23,
9258,615.0,214,4,2827.76,2025-11-13,
9259,969.0,54,3,293.46,2025-10-04,
9260,511.0,190,2,135.42,2025-12-29,
9261,1430.0,208,5,1821.8,2026-07-02,
9262,591.0,190,2,135.42,2026-08-04,
9263,1892.0,227,3,1424.79,2026-04-10,
9264,1474.0,202,4,2755.2,2025-08-22,
9265,693.0,163,2,1204.34,2026-05-28,
9266,1189.0,107,5,2578.85,2026-04-22,
9267,1561.0,209,2,1582.62,2026-06-16,
9268,,296,5,1491.15,2026-03-25,
9269,316.0,174,2,1313.1,2026-01-31,
9270,1797.0,149,2,1597.46,2025-10-06,
9271,1892.0,199,4,321.28,2025-11-01,
9272,212.0,78,3,544.83,2026-05-17,
9273,168.0,174,4,2626.2,2025-12-31,
9274,1769.0,81,4,2310.08,2025-08-12,
9275,1526.0,215,2,610.48,2025-10-03,
9276,664.0,281,2,319.38,2025-11-27,
9277,1926.0,139,2,1208.28,2026-06-06,
9278,1124.0,147,4,2381.88,2025-11-26,
9279,1535.0,169,5,3476.0,2026-01-20,
9280,1370.0,220,2,733.32,2026-05-26,
9281,846.0,296,1,298.23,2026-08-27,
9282,1497.0,52,-4,1409.8,2026-06-28,
9283,607.0,276,2,640.52,2025-12-26,
9284,1209.0,290,4,1693.48,2026-05-31,
9285,1247.0,122,5,3302.0,2025-11-21,
9286,851.0,280,1,754.9,2026-01-16,
9287,1763.0,50,3,229.29,2026-06-01,
9288,171.0,115,5,4204.9,2026-01-31,
9289,1837.0,52,4,1409.8,2026-02-02,
9290,1423.0,264,2,1063.78,2025-09-28,
9291,60.0,237,1,366.17,2025-08-19,
9292,1019.0,126,1,170.23,2025-12-22,
9293,268.0,107,4,2063.08,2025-08-30,
9294,966.0,195,1,241.38,2026-01-23,
9295,1932.0,86,-1,699.58,2025-09-13,
9296,1099.0,49,3,549.93,2025-08-15,
9297,1964.0,217,4,1435.24,2026-01-30,
9298,1139.0,284,1,499.56,2025-10-23,
9299,1499.0,72,4,1968.4,2025-08-28,
9300,426.0,141,5,790.25,2026-06-22,
9301,251.0,61,2,1290.94,2026-02-15,
9302,1606.0,147,4,2381.88,2026-02-01,
9303,1574.0,101,5,4356.75,2025-09-21,
9304,813.0,153,4,3562.52,2025-12-23,
9305,1316.0,95,3,1279.95,2026-01-01,
9306,1534.0,143,2,170.28,2026-06-13,
9307,796.0,297,2,1194.5,2025-11-15,
9308,,152,3,2515.41,2026-05-25,
9309,1879.0,208,2,728.72,2026-04-15,
9310,223.0,98,5,1016.3,2026-02-07,
9311,1533.0,236,2,1204.42,2026-02-27,
9312,1292.0,300,5,2907.95,2026-04-11,
9313,441.0,154,1,804.76,2026-05-24,
9314,538.0,203,5,1493.15,2025-11-02,
9315,1368.0,259,1,127.92,2026-02-07,
9316,1315.0,57,2,1392.5,2026-04-20,
9317,1472.0,212,4,-1237.0,2026-05-12,
9318,943.0,150,5,3588.25,2025-08-28,
9319,840.0,46,5,2790.55,2025-10-28,
9320,844.0,232,1,490.97,2025-09-11,
9321,448.0,282,2,1212.9,2026-02-10,
9322,,169,2,1390.4,2025-12-06,
9323,215.0,57,1,696.25,2025-12-02,
9324,348.0,200,1,715.79,2025-11-01,
9325,57.0,180,5,3211.65,2026-02-26,
9326,1590.0,59,4,249.16,2025-08-11,
9327,1233.0,127,5,3953.1,2026-06-02,
9328,70.0,140,5,3760.2,2025-10-16,
9329,464.0,42,2,549.94,2026-07-16,
9330,1991.0,119,3,1070.37,2026-01-23,
9331,976.0,140,2,1504.08,2025-11-28,
9332,1346.0,215,4,1220.96,2026-06-19,
9333,1093.0,106,3,252.0,2025-09-02,
9334,94.0,52,3,1057.35,2026-06-27,
9335,1633.0,289,5,245.35,2025-11-30,
9336,1492.0,136,1,533.19,2026-02-16,
9337,1772.0,32,1,-182.21,2026-06-29,
9338,1230.0,223,4,2637.88,2025-12-08,
9339,152.0,111,1,689.27,2026-05-06,
9340,187.0,129,5,2459.55,2026-01-30,
9341,22.0,54,4,391.28,2026-04-22,
9342,1341.0,145,5,1949.7,2025-10-14,
9343,98.0,43,1,679.24,2025-12-31,
9344,,160,2,901.22,2025-08-24,
9345,1085.0,20,2,1638.08,2025-10-06,
9346,1748.0,288,4,3485.84,2026-03-11,
9347,828.0,214,1,706.94,2025-10-11,
9348,1532.0,279,1,850.96,2025-12-12,
9349,1234.0,38,5,4008.9,2025-11-13,
9350,598.0,21,2,1516.14,2026-05-31,
9351,1956.0,74,1,426.98,2026-05-23,
9352,1028.0,103,3,857.22,2026-01-05,
9353,1134.0,169,3,2085.6,2026-04-28,
9354,123.0,134,2,1267.22,2026-09-02,
9355,405.0,108,3,2092.17,2026-01-08,
9356,126.0,39,4,3562.6,2025-10-01,
9357,1375.0,245,5,2724.25,2026-07-18,
9358,1715.0,50,4,305.72,2026-01-27,
9359,1886.0,52,2,704.9,2025-10-16,
9360,121.0,279,4,3403.84,2026-03-08,
9361,1613.0,41,3,2344.32,2026-02-21,
9362,1752.0,247,1,622.25,2026-06-24,
9363,238.0,45,4,2915.96,2025-11-29,
9364,1603.0,105,2,1393.84,2025-08-22,
9365,1397.0,51,5,1380.6,2026-01-26,
9366,278.0,159,1,114.59,2026-01-13,
9367,1371.0,156,4,2675.04,2026-09-04,
9368,1988.0,3,2,1243.34,2025-11-10,
9369,,267,5,1386.65,2025-09-26,
9370,189.0,46,3,1674.33,2025-08-08,
9371,1722.0,62,2,1273.64,2026-01-24,
9372,1744.0,274,4,771.08,2026-04-15,
9373,280.0,154,3,2414.28,2026-07-17,
9374,1583.0,249,1,470.68,2025-12-29,
9375,976.0,110,4,2894.44,2026-04-27,
9376,1006.0,262,3,1660.08,2025-10-24,
9377,1762.0,195,3,724.14,2025-09-29,
9378,1240.0,220,2,733.32,2026-02-06,
9379,1135.0,37,2,143.62,2025-08-31,
9380,1881.0,41,1,781.44,2026-07-04,
9381,1259.0,256,3,517.89,2026-06-25,
9382,251.0,57,4,2785.0,2026-05-06,
9383,347.0,296,3,894.69,2025-10-24,
9384,244.0,128,2,972.14,2025-12-14,
9385,1797.0,179,3,1612.05,2025-10-24,
9386,,25,1,583.48,2026-05-14,
9387,1885.0,122,1,660.4,2026-03-06,
9388,679.0,172,2,1065.04,2026-07-28,
9389,1223.0,27,4,987.56,2026-01-07,
9390,796.0,222,2,872.62,2026-02-05,
9391,1123.0,35,4,3534.0,2026-01-14,
9392,691.0,130,3,2473.29,2026-04-30,
9393,360.0,86,3,2098.74,2025-09-27,
9394,1830.0,255,3,2178.99,2025-12-22,
9395,285.0,39,1,890.65,2026-03-27,
9396,997.0,187,3,2644.5,2025-09-22,
9397,1196.0,34,4,2958.48,2025-10-28,
9398,1444.0,278,5,3131.35,2026-07-17,
9399,1077.0,142,5,1242.55,2026-02-26,
9400,800.0,184,4,1452.24,2026-01-19,
9401,1168.0,145,5,1949.7,2026-05-12,
9402,63.0,114,1,168.09,2026-02-16,
9403,1211.0,190,1,67.71,2026-06-25,
9404,925.0,175,4,2941.92,2026-10-19,
9405,427.0,179,4,2149.4,2026-03-28,
9406,1594.0,188,3,1492.38,2025-08-25,
9407,1816.0,259,3,383.76,2026-01-09,
9408,919.0,75,2,1590.1,2026-07-18,
9409,320.0,45,4,2915.96,2026-04-22,
9410,273.0,200,4,2863.16,2026-05-01,
9411,752.0,186,4,2663.84,2025-08-16,
9412,784.0,14,3,2520.63,2026-06-10,
9413,47.0,5,4,1224.56,2025-11-15,
9414,603.0,22,1,135.62,2026-02-21,
9415,1718.0,141,1,158.05,2026-07-27,
9416,1677.0,114,1,168.09,2026-08-03,
9417,1328.0,194,5,3443.85,2026-02-24,
9418,,216,2,881.52,2026-01-04,
9419,912.0,21,5,3790.35,2026-03-22,
9420,8.0,53,1,769.86,2026-04-25,
9421,1109.0,211,4,888.6,2025-11-03,
9422,1991.0,31,3,1041.3,2025-10-12,
9423,278.0,52,4,1409.8,2025-08-27,
9424,16.0,275,2,1343.98,2026-05-01,
9425,346.0,242,4,320.16,2025-12-12,
9426,1475.0,99,5,2344.65,2026-06-03,
9427,720.0,57,1,696.25,2025-12-26,
9428,470.0,83,2,374.46,2026-06-02,
9429,304.0,74,5,2134.9,2025-11-04,
9430,1139.0,93,2,1388.34,2025-11-13,
9431,27.0,80,3,766.56,2025-08-07,
9432,965.0,275,3,2015.97,2025-12-17,
9433,1078.0,168,2,1287.34,2026-06-07,
9434,1242.0,99,3,1406.79,2025-08-14,
9435,3.0,153,1,890.63,2026-04-28,
9436,80.0,140,1,752.04,2026-02-24,
9437,927.0,284,3,1498.68,2026-06-24,
9438,764.0,60,2,1651.3,2026-03-27,
9439,1917.0,53,1,769.86,2026-05-31,
9440,1367.0,127,3,2371.86,2025-09-30,
9441,398.0,16,3,1087.26,2026-02-05,
9442,1900.0,164,4,1760.96,2025-10-21,
9443,1570.0,75,2,1590.1,2026-03-17,
9444,269.0,272,5,1639.35,2026-01-14,
9445,593.0,4,0,2748.24,2026-05-20,
9446,1959.0,61,3,1936.41,2025-09-06,
9447,84.0,251,5,4366.35,2026-07-22,
9448,493.0,238,5,2938.0,2025-12-10,
9449,1898.0,15,2,943.46,2026-03-24,
9450,1744.0,277,1,137.94,2026-07-02,
9451,1833.0,38,1,801.78,2026-01-26,
9452,1274.0,154,1,804.76,2026-01-18,
9453,497.0,148,3,1500.69,2025-11-12,
9454,1256.0,155,1,274.64,2026-06-02,
9455,1612.0,171,2,186.22,2025-08-08,
9456,1905.0,262,1,553.36,2025-12-05,
9457,962.0,135,3,-103.8,2025-10-18,
9458,1639.0,285,4,2880.08,2026-04-26,
9459,1501.0,233,3,2223.24,2026-04-16,
9460,75.0,66,5,4032.75,2026-05-18,
9461,1314.0,90,1,397.43,2025-12-07,
9462,1898.0,262,5,2766.8,2026-01-11,
9463,790.0,115,1,840.98,2026-01-26,
9464,1020.0,114,3,504.27,2025-08-27,
9465,1380.0,287,1,-51.22,2026-05-18,
9466,1144.0,117,4,1905.16,2026-02-04,
9467,1368.0,300,1,581.59,2026-09-19,
9468,455.0,75,1,795.05,2026-03-24,
9469,1908.0,228,3,1820.94,2026-07-13,
9470,1222.0,123,4,1963.36,2026-01-31,
9471,654.0,295,1,416.82,2026-02-15,
9472,662.0,170,5,2471.15,2026-05-08,
9473,1607.0,177,4,2474.32,2025-12-14,
9474,1172.0,191,5,1234.85,2025-12-16,
9475,1116.0,157,1,52.11,2025-11-11,
9476,1180.0,143,2,170.28,2025-10-05,
9477,1235.0,1,4,690.64,2026-01-21,
9478,1306.0,221,5,1306.5,2026-07-01,
9479,736.0,26,3,871.47,2025-09-03,
9480,1245.0,79,5,1687.9,2026-03-20,
9481,31.0,279,4,3403.84,2026-05-05,
9482,1491.0,194,1,688.77,2026-07-06,
9483,680.0,25,4,2333.92,2025-08-15,
9484,493.0,216,4,1763.04,2025-11-06,
9485,1549.0,120,4,2900.84,2026-06-23,
9486,910.0,140,3,2256.12,2026-06-04,
9487,818.0,23,1,144.79,2026-02-25,
9488,910.0,163,2,1204.34,2025-11-13,
9489,1898.0,213,1,381.1,2025-10-01,
9490,1360.0,115,4,3363.92,2026-06-29,
9491,613.0,287,1,-51.22,2025-10-14,
9492,287.0,283,1,426.2,2026-02-06,
9493,1301.0,184,2,726.12,2025-10-25,
9494,575.0,11,5,1425.75,2026-07-05,
9495,1481.0,100,4,469.76,2026-01-08,
9496,1258.0,205,5,1870.2,2026-05-23,
9497,1739.0,83,5,936.15,2026-06-26,
9498,552.0,204,3,1570.95,2025-09-24,
9499,1585.0,155,4,1098.56,2026-01-28,
9500,662.0,256,2,345.26,2026-05-14,
9501,578.0,5,5,1530.7,2025-10-24,
9502,1524.0,95,2,853.3,2025-10-14,
9503,357.0,73,3,443.34,2025-08-28,
9504,1050.0,109,3,451.95,2026-05-06,
9505,561.0,3,1,621.67,2025-10-12,
9506,1453.0,41,4,3125.76,2025-10-12,
9507,227.0,65,3,1843.02,2026-04-11,
9508,506.0,170,3,1482.69,2025-10-01,
9509,222.0,204,5,2618.25,2026-02-08,
9510,693.0,168,5,3218.35,2025-09-14,
9511,578.0,162,4,1198.68,2025-09-15,
9512,787.0,300,1,581.59,2026-05-27,
9513,1154.0,90,4,1589.72,2025-09-03,
9514,333.0,194,1,688.77,2026-06-25,
9515,756.0,143,2,170.28,2026-02-01,
9516,490.0,232,1,490.97,2026-06-23,
9517,1346.0,110,2,1447.22,2025-12-27,
9518,1628.0,74,5,2134.9,2026-04-14,
9519,597.0,174,5,3282.75,2026-07-15,
9520,1907.0,184,2,726.12,2026-02-11,
9521,660.0,114,1,168.09,2026-01-17,
9522,1076.0,276,2,640.52,2026-03-28,
9523,95.0,199,2,160.64,2025-09-20,
9524,1868.0,144,1,126.47,2026-02-12,
9525,892.0,72,5,2460.5,2025-09-15,
9526,1854.0,201,2,782.2,2026-01-16,
9527,324.0,47,4,1264.96,2025-10-07,
9528,606.0,51,4,1104.48,2025-08-27,
9529,285.0,81,5,2887.6,2026-06-03,
9530,619.0,68,1,887.21,2025-11-27,
9531,951.0,45,4,2915.96,2025-10-05,
9532,1854.0,278,2,1252.54,2026-04-01,
9533,1402.0,62,3,1910.46,2026-07-13,
9534,361.0,124,5,3733.15,2026-03-03,
9535,1238.0,208,4,1457.44,2025-12-27,
9536,1759.0,108,4,2789.56,2025-09-18,
9537,454.0,3,4,2486.68,2025-11-25,
9538,1540.0,65,3,1843.02,2025-11-17,
9539,249.0,17,2,1523.38,2026-06-26,
9540,322.0,119,5,1783.95,2026-03-07,
9541,619.0,257,1,312.34,2026-01-08,
9542,16.0,273,3,947.31,2026-03-17,
9543,93.0,95,2,853.3,2026-03-07,
9544,1376.0,215,1,305.24,2025-11-03,
9545,218.0,300,1,581.59,2025-08-17,
9546,1317.0,296,2,596.46,2025-12-28,
9547,766.0,125,2,408.14,2025-10-12,
9548,1238.0,116,4,3567.72,2026-08-05,
9549,1237.0,250,1,415.9,2025-09-14,
9550,120.0,32,1,-182.21,2026-06-25,
9551,1452.0,12,2,1637.12,2026-01-16,
9552,882.0,298,3,1451.25,2026-03-17,
9553,300.0,51,4,1104.48,2025-08-08,
9554,772.0,95,3,1279.95,2025-10-24,
9555,132.0,144,4,505.88,2026-03-20,
9556,725.0,264,3,1595.67,2026-07-03,
9557,1490.0,159,1,114.59,2026-06-14,
9558,1274.0,231,5,3666.5,2025-10-13,
9559,,74,2,853.96,2025-10-16,
9560,1489.0,147,3,1786.41,2025-08-16,
9561,1522.0,112,2,940.14,2026-07-19,
9562,1971.0,120,1,725.21,2025-10-13,
9563,954.0,198,4,2313.4,2026-05-22,
9564,584.0,274,1,192.77,2026-01-12,
9565,594.0,170,-4,1976.92,2026-03-13,
9566,1716.0,226,3,295.35,2026-06-09,
9567,27.0,126,4,680.92,2026-03-06,
9568,606.0,61,5,3227.35,2025-08-10,
9569,1388.0,181,2,1776.16,2025-09-11,
9570,1373.0,54,1,97.82,2026-07-16,
9571,877.0,232,4,1963.88,2025-11-16,
9572,697.0,216,4,1763.04,2025-10-15,
9573,363.0,30,3,2651.07,2026-04-25,
9574,138.0,242,4,320.16,2026-01-06,
9575,1606.0,65,1,614.34,2025-11-17,
9576,1135.0,295,2,833.64,2026-02-13,
9577,977.0,45,3,2186.97,2026-06-22,
9578,834.0,281,1,159.69,2025-09-04,
9579,123.0,38,5,4008.9,2025-08-28,
9580,504.0,80,2,511.04,2026-01-16,
9581,801.0,36,1,737.89,2026-03-05,
9582,1393.0,245,5,2724.25,2025-08-14,
9583,792.0,227,1,474.93,2026-07-08,
9584,419.0,245,4,2179.4,2025-09-01,
9585,278.0,172,2,1065.04,2026-01-26,
9586,1401.0,78,2,363.22,2026-02-01,
9587,1105.0,249,1,470.68,2026-07-14,
9588,,183,5,1810.2,2026-07-15,
9589,776.0,37,2,143.62,2026-05-26,
9590,1326.0,265,3,557.31,2025-08-12,
9591,849.0,263,3,872.97,2026-07-28,
9592,172.0,113,4,2614.76,2025-10-27,
9593,1733.0,43,3,2037.72,2026-06-14,
9594,639.0,78,5,908.05,2025-09-05,
9595,83.0,99,1,468.93,2026-01-07,
9596,929.0,15,2,943.46,2026-07-29,
9597,1167.0,173,2,1549.72,2025-10-19,
9598,1860.0,276,5,1601.3,2026-01-25,
9599,1440.0,77,2,1510.0,2026-07-15,
9600,294.0,38,2,1603.56,2026-06-03,
9601,706.0,133,4,933.56,2025-08-20,
9602,,258,4,3403.8,2026-07-15,
9603,1989.0,107,2,1031.54,2025-12-15,
9604,1462.0,246,5,898.55,2026-04-28,
9605,1006.0,133,1,233.39,2025-08-09,
9606,1642.0,284,2,999.12,2026-08-05,
9607,702.0,255,4,2905.32,2025-08-17,
9608,1808.0,292,1,294.07,2025-11-26,
9609,1883.0,175,2,1470.96,2026-03-19,
9610,85.0,269,2,1101.34,2025-10-21,
9611,1596.0,49,1,183.31,2025-10-25,
9612,1669.0,141,1,158.05,2025-10-15,
9613,336.0,199,3,240.96,2026-01-12,
9614,600.0,220,4,1466.64,2026-06-25,
9615,912.0,95,4,1706.6,2026-01-30,
9616,131.0,113,3,1961.07,2025-10-15,
9617,375.0,74,4,1707.92,2025-11-11,
9618,1932.0,144,3,379.41,2026-07-27,
9619,1971.0,177,-2,1237.16,2025-11-21,
9620,1946.0,128,4,1944.28,2025-12-29,
9621,644.0,188,4,1989.84,2026-03-17,
9622,962.0,198,5,2891.75,2025-10-30,
9623,1084.0,211,3,666.45,2026-07-02,
9624,602.0,226,5,492.25,2025-09-17,
9625,338.0,219,2,587.74,2026-07-06,
9626,590.0,143,5,425.7,2026-06-14,
9627,45.0,189,1,337.7,2026-01-23,
9628,1281.0,158,4,763.72,2025-10-06,
9629,12.0,71,3,289.62,2026-03-11,
9630,266.0,212,5,-1546.25,2025-11-21,
9631,670.0,291,4,1346.68,2026-06-04,
9632,1903.0,197,5,1978.3,2026-01-24,
9633,293.0,171,1,93.11,2026-01-20,
9634,1569.0,28,4,1960.8,2025-11-06,
9635,,65,4,2457.36,2026-07-26,
9636,,214,4,2827.76,2026-03-08,
9637,1439.0,119,3,1070.37,2025-08-07,
9638,903.0,12,5,4092.8,2026-03-02,
9639,528.0,300,2,1163.18,2025-10-30,
9640,150.0,138,2,574.72,2026-03-11,
9641,226.0,68,5,4436.05,2025-08-17,
9642,1780.0,155,4,1098.56,2026-05-19,
9643,382.0,191,1,246.97,2026-01-06,
9644,600.0,76,2,1400.58,2026-05-25,
9645,1127.0,253,4,1384.0,2026-08-01,
9646,1866.0,4,3,2061.18,2025-12-09,
9647,1481.0,177,4,2474.32,2025-11-14,
9648,1758.0,291,0,1346.68,2025-08-28,
9649,239.0,71,3,289.62,2025-10-04,
9650,1430.0,267,3,831.99,2026-07-13,
9651,50.0,27,4,987.56,2025-12-18,
9652,1331.0,105,2,1393.84,2026-04-01,
9653,192.0,272,2,655.74,2026-05-14,
9654,1138.0,150,4,2870.6,2026-03-30,
9655,396.0,74,2,853.96,2026-06-18,
9656,1421.0,228,2,1213.96,2026-03-06,
9657,1431.0,29,5,1878.95,2025-12-09,
9658,132.0,139,0,1812.42,2025-09-16,
9659,820.0,203,4,1194.52,2026-05-03,
9660,810.0,228,1,606.98,2026-03-27,
9661,1291.0,101,4,3485.4,2025-10-29,
9662,1739.0,113,2,1307.38,2026-05-18,
9663,411.0,267,4,1109.32,2026-03-27,
9664,,3,1,621.67,2025-10-31,
9665,56.0,71,2,193.08,2025-09-23,
9666,599.0,26,5,1452.45,2026-01-31,
9667,,258,3,2552.85,2026-05-04,
9668,1584.0,199,3,240.96,2025-10-05,
9669,420.0,279,2,1701.92,2026-05-26,
9670,1739.0,109,4,602.6,2026-02-12,
9671,781.0,232,5,2454.85,2025-10-13,
9672,341.0,12,5,4092.8,2026-03-03,
9673,831.0,277,5,689.7,2026-07-05,
9674,1429.0,256,1,172.63,2025-09-07,
9675,18.0,106,4,336.0,2025-10-06,
9676,1243.0,172,3,1597.56,2026-07-18,
9677,1796.0,147,4,2381.88,2026-03-15,
9678,1152.0,69,1,62.6,2025-09-19,
9679,574.0,190,4,270.84,2026-06-20,
9680,233.0,291,1,336.67,2026-01-02,
9681,536.0,97,2,507.02,2025-10-30,
9682,1860.0,190,1,67.71,2025-12-18,
9683,767.0,289,2,98.14,2026-04-15,
9684,159.0,26,1,290.49,2025-08-23,
9685,598.0,56,3,1871.97,2025-11-28,
9686,974.0,201,1,391.1,2026-05-31,
9687,1466.0,177,5,3092.9,2026-03-11,
9688,1798.0,31,5,1735.5,2026-06-18,
9689,1949.0,25,2,1166.96,2026-01-18,
9690,1182.0,269,5,2753.35,2025-08-28,
9691,523.0,19,3,2077.8,2025-09-22,
9692,578.0,35,1,883.5,2026-06-23,
9693,496.0,32,3,-546.63,2026-01-19,
9694,831.0,33,3,464.19,2026-05-11,
9695,697.0,198,5,2891.75,2026-01-15,
9696,1708.0,39,2,1781.3,2026-01-27,
9697,1070.0,170,2,988.46,2026-01-05,
9698,1055.0,53,3,2309.58,2026-04-12,
9699,636.0,112,4,1880.28,2025-12-11,
9700,722.0,235,3,2674.8,2026-06-21,
9701,404.0,259,1,127.92,2025-10-10,
9702,1310.0,22,5,678.1,2026-01-28,
9703,1889.0,7,1,701.72,2026-07-06,
9704,1908.0,207,5,2503.25,2025-10-08,
9705,578.0,163,4,2408.68,2026-03-07,
9706,998.0,230,1,500.73,2026-04-12,
9707,,231,5,3666.5,2025-11-30,
9708,1971.0,19,1,692.6,2025-12-21,
9709,1820.0,20,2,1638.08,2025-10-23,
9710,830.0,237,1,366.17,2026-03-21,
9711,1323.0,270,5,782.6,2026-02-11,
9712,1438.0,105,4,2787.68,2025-11-15,
9713,192.0,53,4,3079.44,2026-04-04,
9714,1057.0,55,3,2569.62,2026-05-22,
9715,1637.0,200,4,2863.16,2026-04-05,
9716,232.0,265,4,743.08,2026-03-20,
9717,1170.0,44,5,2333.65,2025-12-28,
9718,899.0,241,4,3260.36,2025-08-14,
9719,1508.0,183,5,1810.2,2026-01-27,
9720,1360.0,267,2,554.66,2026-05-12,
9721,848.0,102,2,163.7,2025-08-05,
9722,1782.0,34,4,2958.48,2026-02-17,
9723,1772.0,22,3,406.86,2026-07-04,
9724,1986.0,15,3,1415.19,2026-03-05,
9725,768.0,275,2,1343.98,2026-01-20,
9726,731.0,98,3,609.78,2025-11-30,
9727,1205.0,277,1,137.94,2026-06-17,
9728,671.0,179,4,2149.4,2025-08-06,
9729,1118.0,226,2,196.9,2026-01-14,
9730,747.0,190,2,135.42,2026-05-22,
9731,1185.0,123,2,981.68,2026-02-13,
9732,579.0,261,2,257.66,2025-12-24,
9733,820.0,82,4,1888.84,2026-05-24,
9734,959.0,73,1,147.78,2026-01-12,
9735,1146.0,247,3,1866.75,2026-06-29,
9736,1396.0,23,1,144.79,2026-07-09,
9737,1668.0,170,5,2471.15,2025-08-13,
9738,877.0,138,4,1149.44,2025-10-09,
9739,,281,4,638.76,2025-08-22,
9740,1669.0,107,1,515.77,2026-03-04,
9741,311.0,104,1,155.18,2025-08-08,
9742,419.0,264,3,1595.67,2026-04-20,
9743,367.0,81,4,2310.08,2026-05-09,
9744,881.0,246,4,718.84,2026-07-29,
9745,523.0,287,2,-102.44,2025-09-14,
9746,1307.0,163,1,602.17,2026-03-12,
9747,338.0,190,1,67.71,2026-06-28,
9748,1792.0,164,2,880.48,2026-06-28,
9749,1933.0,266,-3,1392.27,2025-10-10,
9750,219.0,154,4,3219.04,2026-03-24,
9751,1647.0,123,1,490.84,2025-08-23,
9752,,279,4,3403.84,2025-10-08,
9753,1097.0,98,1,203.26,2025-10-16,
9754,257.0,289,4,196.28,2026-05-31,
9755,1568.0,5,4,1224.56,2025-09-04,
9756,1772.0,115,5,4204.9,2026-07-22,
9757,1625.0,86,4,2798.32,2025-12-27,
9758,934.0,244,4,776.96,2026-06-02,
9759,1800.0,60,1,825.65,2026-06-21,
9760,288.0,257,3,937.02,2025-11-29,
9761,1420.0,164,2,880.48,2026-07-13,
9762,1888.0,247,5,3111.25,2026-06-17,
9763,3.0,200,2,1431.58,2026-08-13,
9764,907.0,32,1,-182.21,2026-04-02,
9765,150.0,43,2,1358.48,2025-08-17,
9766,1468.0,25,2,1166.96,2025-11-21,
9767,397.0,143,2,170.28,2025-11-13,
9768,1002.0,152,3,2515.41,2026-03-03,
9769,,111,1,689.27,2026-03-15,
9770,962.0,248,4,2759.28,2026-07-25,
9771,1709.0,49,5,916.55,2025-08-18,
9772,1389.0,219,1,293.87,2026-03-20,
9773,1293.0,297,5,2986.25,2025-10-31,
9774,771.0,244,1,194.24,2025-10-11,
9775,890.0,187,5,4407.5,2026-07-20,
9776,825.0,180,4,2569.32,2025-10-04,
9777,607.0,234,4,1443.28,2025-12-18,
9778,1249.0,21,5,3790.35,2025-10-18,
9779,1751.0,194,5,3443.85,2025-11-09,
9780,589.0,121,2,536.72,2025-10-24,
9781,36.0,137,1,743.8,2025-10-11,
9782,331.0,188,2,994.92,2025-08-07,
9783,1382.0,145,2,779.88,2025-10-09,
9784,402.0,195,3,724.14,2025-11-08,
9785,411.0,235,5,4458.0,2025-12-21,
9786,1716.0,94,2,628.88,2025-08-31,
9787,156.0,46,5,2790.55,2025-08-20,
9788,1278.0,133,2,466.78,2025-10-03,
9789,44.0,7,4,2806.88,2026-06-15,
9790,980.0,186,3,1997.88,2025-12-28,
9791,103.0,125,4,816.28,2026-07-22,
9792,1010.0,59,3,186.87,2026-04-15,
9793,1860.0,59,1,62.29,2026-06-13,
9794,1527.0,169,1,695.2,2025-12-11,
9795,142.0,50,1,76.43,2025-12-16,
9796,859.0,204,2,1047.3,2026-07-02,
9797,1033.0,5,1,306.14,2025-08-28,
9798,822.0,17,2,1523.38,2025-09-18,
9799,1172.0,179,5,2686.75,2026-09-05,
9800,1730.0,107,3,1547.31,2026-07-14,
9801,1225.0,240,3,2428.56,2026-05-15,
9802,1882.0,234,5,1804.1,2025-10-31,
9803,653.0,105,2,1393.84,2025-12-14,
9804,1025.0,148,5,2501.15,2025-11-23,
9805,1008.0,106,3,252.0,2025-12-10,
9806,383.0,46,5,2790.55,2026-06-10,
9807,1169.0,56,3,1871.97,2026-05-10,
9808,1168.0,207,4,2002.6,2026-04-27,
9809,788.0,47,3,948.72,2026-07-19,
9810,1893.0,125,5,1020.35,2025-08-17,
9811,1748.0,212,4,-1237.0,2025-10-31,
9812,1664.0,146,2,1380.16,2026-07-03,
9813,1796.0,80,1,255.52,2026-01-09,
9814,1931.0,107,1,515.77,2026-03-18,
9815,1674.0,254,2,1249.08,2026-02-16,
9816,748.0,209,4,3165.24,2026-06-16,
9817,291.0,75,5,3975.25,2026-03-08,
9818,1104.0,159,4,458.36,2026-06-15,
9819,1758.0,171,3,279.33,2026-03-10,
9820,1372.0,86,4,2798.32,2025-11-23,
9821,6.0,66,3,2419.65,2026-05-01,
9822,1412.0,21,1,758.07,2026-06-05,
9823,,73,1,147.78,2025-10-24,
9824,177.0,201,1,391.1,2026-04-04,
9825,1618.0,156,4,2675.04,2025-10-19,
9826,177.0,9,3,2372.34,2026-05-25,
9827,1569.0,13,5,4269.6,2026-06-02,
9828,427.0,174,3,1969.65,2025-11-08,
9829,1797.0,74,4,1707.92,2025-10-18,
9830,1955.0,59,4,249.16,2026-07-10,
9831,1801.0,104,1,155.18,2025-10-06,
9832,656.0,102,2,163.7,2025-11-27,
9833,782.0,216,2,881.52,2026-07-01,
9834,184.0,103,1,285.74,2025-11-08,
9835,1480.0,30,1,883.69,2026-01-05,
9836,108.0,20,5,4095.2,2026-07-27,
9837,1206.0,270,5,782.6,2025-10-07,
9838,1133.0,121,1,268.36,2026-03-22,
9839,234.0,228,5,3034.9,2026-01-17,
9840,1749.0,2,3,1980.66,2025-09-25,
9841,356.0,273,1,315.77,2025-08-07,
9842,688.0,270,2,313.04,2026-06-16,
9843,687.0,143,1,85.14,2026-03-01,
9844,1549.0,279,5,4254.8,2025-08-15,
9845,1399.0,93,5,3470.85,2025-12-17,
9846,1515.0,26,5,1452.45,2026-03-12,
9847,1892.0,118,1,649.52,2026-05-21,
9848,1298.0,135,2,-69.2,2026-05-19,
9849,870.0,228,4,2427.92,2026-03-02,
9850,1578.0,46,2,1116.22,2026-04-12,
9851,349.0,214,4,2827.76,2025-11-02,
9852,1049.0,274,1,192.77,2025-09-21,
9853,281.0,43,2,1358.48,2025-09-23,
9854,137.0,220,5,1833.3,2026-06-23,
9855,621.0,179,5,2686.75,2026-06-07,
9856,1576.0,235,3,2674.8,2025-11-17,
9857,1786.0,235,1,891.6,2026-05-24,
9858,,178,2,761.04,2025-11-17,
9859,715.0,46,1,558.11,2025-09-09,
9860,1382.0,281,2,319.38,2025-10-06,
9861,1766.0,126,1,170.23,2026-07-12,
9862,1905.0,222,4,1745.24,2026-03-18,
9863,918.0,104,5,775.9,2025-08-27,
9864,286.0,258,3,2552.85,2026-01-24,
9865,1198.0,49,5,916.55,2026-06-03,
9866,287.0,64,3,2438.58,2025-12-12,
9867,477.0,217,5,1794.05,2026-05-23,
9868,1503.0,243,4,3253.64,2026-03-25,
9869,1552.0,183,1,362.04,2026-01-04,
9870,1664.0,54,4,391.28,2025-12-04,
9871,981.0,249,4,1882.72,2026-07-23,
9872,1015.0,51,5,1380.6,2026-07-10,
9873,1782.0,246,4,718.84,2026-03-30,
9874,1112.0,65,5,3071.7,2026-03-26,
9875,1899.0,111,4,2757.08,2026-03-31,
9876,1116.0,121,4,1073.44,2025-09-26,
9877,51.0,270,3,469.56,2025-08-26,
9878,1801.0,45,4,2915.96,2025-09-19,
9879,1894.0,83,4,748.92,2025-09-29,
9880,1213.0,206,2,1192.34,2025-11-07,
9881,871.0,82,2,944.42,2026-02-13,
9882,910.0,222,4,1745.24,2026-01-07,
9883,23.0,264,5,2659.45,2025-10-20,
9884,917.0,292,2,588.14,2025-09-03,
9885,1945.0,204,1,523.65,2026-08-18,
9886,347.0,203,3,895.89,2026-01-30,
9887,1878.0,96,5,1447.9,2025-12-02,
9888,2.0,276,5,1601.3,2026-03-21,
9889,1190.0,238,3,1762.8,2025-12-27,
9890,1656.0,299,2,1042.94,2025-11-20,
9891,1097.0,163,5,3010.85,2025-10-06,
9892,663.0,55,2,1713.08,2025-08-30,
9893,977.0,175,5,3677.4,2026-07-23,
9894,312.0,246,4,718.84,2025-08-10,
9895,1996.0,223,3,1978.41,2026-01-01,
9896,607.0,254,4,2498.16,2025-10-14,
9897,1718.0,13,5,4269.6,2026-03-24,
9898,,97,5,1267.55,2026-06-01,
9899,650.0,273,1,315.77,2026-07-07,
9900,1881.0,16,1,362.42,2025-11-17,
9901,1584.0,149,1,798.73,2026-04-10,
9902,1827.0,226,1,98.45,2025-09-10,
9903,989.0,199,3,240.96,2026-03-12,
9904,386.0,283,5,2131.0,2025-10-22,
9905,1953.0,293,1,339.56,2026-07-21,
9906,1961.0,72,5,2460.5,2026-01-26,
9907,719.0,181,4,3552.32,2025-12-15,
9908,1092.0,48,5,1517.95,2026-04-03,
9909,1328.0,226,1,98.45,2026-06-10,
9910,1077.0,59,3,186.87,2025-09-11,
9911,115.0,220,1,366.66,2026-03-20,
9912,9.0,185,1,142.02,2025-09-25,
9913,553.0,95,3,1279.95,2025-10-14,
9914,,93,5,3470.85,2026-01-05,
9915,1711.0,229,5,250.95,2026-01-25,
9916,1310.0,252,3,2141.55,2025-09-03,
9917,1283.0,238,1,587.6,2026-05-05,
9918,1586.0,120,1,725.21,2025-11-01,
9919,402.0,73,5,738.9,2025-09-12,
9920,209.0,10,1,791.74,2026-02-08,
9921,1298.0,77,3,2265.0,2025-12-27,
9922,1319.0,7,1,701.72,2025-11-03,
9923,1712.0,260,4,1704.04,2026-05-12,
9924,564.0,19,4,2770.4,2026-01-07,
9925,1545.0,88,5,2276.65,2026-09-03,
9926,1355.0,12,4,3274.24,2026-01-16,
9927,372.0,177,2,1237.16,2026-07-03,
9928,1743.0,83,2,374.46,2025-11-19,
9929,1239.0,97,4,1014.04,2026-02-04,
9930,1299.0,108,1,697.39,2025-12-06,
9931,788.0,288,1,871.46,2025-10-02,
9932,28.0,87,1,468.31,2026-04-21,
9933,,256,2,345.26,2026-07-02,
9934,1609.0,70,3,1325.91,2026-02-18,
9935,1334.0,89,4,411.04,2026-04-06,
9936,532.0,217,2,717.62,2026-07-27,
9937,745.0,294,4,1952.64,2026-01-06,
9938,1936.0,123,4,1963.36,2025-11-10,
9939,1429.0,148,1,500.23,2025-12-31,
9940,1811.0,168,4,2574.68,2025-09-13,
9941,625.0,48,3,910.77,2026-07-19,
9942,753.0,201,5,1955.5,2026-07-22,
9943,524.0,209,4,3165.24,2025-09-29,
9944,1112.0,26,4,1161.96,2026-05-04,
9945,742.0,253,2,692.0,2025-08-14,
9946,1925.0,156,3,2006.28,2026-07-16,
9947,521.0,191,2,493.94,2026-04-03,
9948,,170,1,494.23,2026-01-17,
9949,1836.0,195,4,965.52,2025-09-20,
9950,1358.0,282,5,3032.25,2026-01-26,
9951,1900.0,215,3,915.72,2026-06-15,
9952,1365.0,264,2,1063.78,2026-05-29,
9953,407.0,138,5,1436.8,2025-11-01,
9954,1519.0,152,5,4192.35,2025-08-15,
9955,1342.0,118,3,1948.56,2025-08-06,
9956,1291.0,281,4,638.76,2026-03-14,
9957,1705.0,82,4,1888.84,2026-03-23,
9958,,254,2,1249.08,2025-10-05,
9959,1061.0,201,3,1173.3,2026-04-18,
9960,316.0,161,2,739.74,2026-05-20,
9961,969.0,16,4,1449.68,2026-07-12,
9962,965.0,187,5,4407.5,2026-02-28,
9963,1846.0,3,5,3108.35,2026-07-21,
9964,326.0,149,2,1597.46,2025-11-17,
9965,1149.0,210,5,2261.4,2025-12-05,
9966,616.0,112,3,1410.21,2026-07-10,
9967,1223.0,125,4,816.28,2025-09-27,
9968,65.0,173,5,3874.3,2025-11-18,
9969,1563.0,183,1,362.04,2025-08-28,
9970,1638.0,157,3,156.33,2025-10-18,
9971,1477.0,31,3,1041.3,2025-10-08,
9972,359.0,17,5,3808.45,2026-05-05,
9973,822.0,273,3,947.31,2025-09-15,
9974,1501.0,238,2,1175.2,2025-08-29,
9975,938.0,5,1,306.14,2025-12-20,
9976,353.0,101,3,2614.05,2026-04-30,
9977,94.0,101,5,4356.75,2025-11-02,
9978,466.0,240,4,3238.08,2026-07-05,
9979,1730.0,251,2,1746.54,2025-12-11,
9980,1301.0,162,3,899.01,2025-12-20,
9981,495.0,177,1,618.58,2025-08-08,
9982,130.0,288,1,871.46,2025-12-06,
9983,687.0,216,2,881.52,2025-09-10,
9984,226.0,287,3,-153.66,2025-11-18,
9985,1386.0,182,1,391.63,2025-10-25,
9986,615.0,68,1,887.21,2026-05-11,
9987,1348.0,176,1,432.85,2026-05-31,
9988,193.0,95,5,2133.25,2025-09-28,
9989,704.0,160,0,901.22,2025-09-12,
9990,286.0,117,1,476.29,2026-03-18,
9991,543.0,238,5,2938.0,2026-04-10,
9992,1538.0,120,2,1450.42,2025-09-14,
9993,1759.0,252,5,3569.25,2025-11-29,
9994,162.0,170,2,988.46,2025-11-05,
9995,292.0,52,1,352.45,2026-04-20,
9996,1180.0,123,3,1472.52,2026-06-27,
9997,1780.0,15,3,1415.19,2025-08-24,
9998,734.0,86,4,2798.32,2026-02-21,
9999,1674.0,95,4,1706.6,2026-07-01,
10000,1130.0,136,2,1066.38,2026-01-23,
10001,1856.0,223,4,2637.88,2026-02-09,
10002,228.0,94,3,943.32,2026-07-27,
10003,745.0,27,5,1234.45,2026-03-22,
10004,1083.0,254,2,1249.08,2026-01-31,
10005,1465.0,99,-5,2344.65,2026-04-09,
10006,600.0,180,3,1926.99,2025-09-28,
10007,532.0,176,1,432.85,2025-11-14,
10008,1635.0,221,1,261.3,2026-02-02,
10009,476.0,42,5,1374.85,2026-03-28,
10010,161.0,166,1,228.45,2025-09-23,
10011,705.0,245,3,1634.55,2025-12-28,
10012,1548.0,184,3,1089.18,2026-04-30,
10013,1431.0,113,4,2614.76,2026-05-19,
10014,278.0,17,4,3046.76,2025-11-10,
10015,1114.0,243,2,1626.82,2026-07-04,
10016,934.0,56,4,2495.96,2025-09-24,
10017,906.0,103,2,571.48,2025-10-03,
10018,196.0,129,4,1967.64,2025-09-10,
10019,1368.0,72,1,492.1,2026-02-15,
10020,768.0,163,4,2408.68,2026-03-04,
10021,1559.0,217,2,717.62,2025-11-04,
10022,1809.0,218,3,-802.71,2026-05-07,
10023,1543.0,52,2,704.9,2026-06-18,
10024,1053.0,218,1,-267.57,2025-11-11,
10025,243.0,132,5,1026.75,2026-04-06,
10026,804.0,262,4,2213.44,2026-06-10,
10027,1207.0,82,1,472.21,2026-04-24,
10028,1170.0,31,4,1388.4,2025-12-07,
10029,1236.0,120,1,725.21,2026-05-04,
10030,42.0,221,2,522.6,2026-08-01,
10031,1225.0,121,5,1341.8,2026-03-02,
10032,893.0,173,1,774.86,2026-06-08,
10033,637.0,253,1,346.0,2025-09-16,
10034,1459.0,172,1,532.52,2026-03-22,
10035,1683.0,169,5,3476.0,2025-10-14,
10036,1880.0,277,2,275.88,2026-05-17,
10037,903.0,65,4,2457.36,2026-07-31,
10038,1941.0,117,1,476.29,2025-08-07,
10039,575.0,89,2,205.52,2025-11-30,
10040,1884.0,118,5,3247.6,2026-05-31,
10041,1961.0,285,5,3600.1,2026-03-03,
10042,1029.0,20,3,2457.12,2026-02-08,
10043,1347.0,177,1,618.58,2026-02-12,
10044,118.0,150,2,1435.3,2025-08-21,
10045,1245.0,75,3,2385.15,2026-01-19,
10046,610.0,125,4,816.28,2026-02-12,
10047,1760.0,188,1,497.46,2026-04-08,
10048,360.0,75,5,3975.25,2025-12-31,
10049,505.0,122,1,660.4,2026-06-23,
10050,966.0,131,2,1242.5,2026-03-16,
10051,905.0,186,3,1997.88,2025-10-21,
10052,379.0,194,4,2755.08,2025-10-25,
10053,1472.0,33,1,154.73,2026-07-13,
10054,1210.0,170,3,1482.69,2025-11-04,
10055,1288.0,13,3,2561.76,2026-05-26,
10056,1834.0,133,2,466.78,2025-10-10,
10057,1743.0,44,5,2333.65,2026-03-21,
10058,510.0,104,3,465.54,2026-03-21,
10059,763.0,224,5,2452.95,2026-03-09,
10060,1816.0,116,1,891.93,2026-01-18,
10061,1361.0,20,2,1638.08,2025-12-20,
10062,991.0,300,4,2326.36,2025-09-11,
10063,657.0,61,1,645.47,2025-12-22,
10064,302.0,9,4,3163.12,2026-07-09,
10065,1943.0,300,1,581.59,2026-04-01,
10066,260.0,240,5,4047.6,2025-08-27,
10067,1657.0,200,3,2147.37,2025-10-08,
10068,438.0,33,4,618.92,2025-12-15,
10069,229.0,83,5,936.15,2026-02-02,
10070,1404.0,219,2,587.74,2026-05-10,
10071,1498.0,43,1,679.24,2026-03-03,
10072,469.0,258,4,3403.8,2026-04-20,
10073,201.0,80,2,511.04,2025-11-25,
10074,814.0,282,2,1212.9,2026-01-20,
10075,1612.0,291,1,336.67,2025-11-19,
10076,447.0,165,4,2534.6,2025-08-27,
10077,1594.0,236,4,2408.84,2026-07-14,
10078,1583.0,248,1,689.82,2026-02-22,
10079,281.0,14,3,2520.63,2025-12-12,
10080,1398.0,290,5,2116.85,2026-04-09,
10081,3.0,232,4,1963.88,2026-02-16,
10082,710.0,227,3,1424.79,2026-06-06,
10083,1769.0,42,3,824.91,2026-06-05,
10084,521.0,101,1,871.35,2025-12-22,
10085,105.0,141,3,474.15,2026-05-17,
10086,13.0,6,2,1246.68,2026-02-25,
10087,1521.0,68,4,3548.84,2026-02-26,
10088,1148.0,267,2,554.66,2025-10-18,
10089,1256.0,254,5,3122.7,2026-06-23,
10090,1526.0,18,2,145.88,2026-05-18,
10091,1804.0,159,3,343.77,2026-03-03,
10092,1218.0,29,2,751.58,2025-10-10,
10093,819.0,162,5,1498.35,2026-06-01,
10094,97.0,232,4,1963.88,2025-12-07,
10095,558.0,122,1,660.4,2026-05-03,
10096,1600.0,5,5,1530.7,2026-01-21,
10097,836.0,106,3,252.0,2026-05-07,
10098,610.0,236,3,1806.63,2026-06-09,
10099,1457.0,36,5,3689.45,2026-02-06,
10100,1616.0,75,2,1590.1,2025-09-26,
10101,1035.0,218,5,-1337.85,2026-01-09,
10102,155.0,50,1,76.43,2026-06-07,
10103,1362.0,125,5,1020.35,2025-10-10,
10104,354.0,68,4,3548.84,2025-08-11,
10105,,37,1,71.81,2026-05-19,
10106,500.0,161,1,369.87,2026-02-18,
10107,769.0,126,3,510.69,2026-09-20,
10108,1118.0,31,1,347.1,2026-01-06,
10109,305.0,159,2,229.18,2026-02-08,
10110,482.0,2,1,660.22,2025-09-22,
10111,347.0,275,5,3359.95,2026-04-17,
10112,356.0,186,2,1331.92,2026-03-19,
10113,1516.0,17,5,3808.45,2026-06-03,
10114,1806.0,101,1,871.35,2025-10-09,
10115,249.0,199,5,401.6,2025-12-23,
10116,851.0,211,2,444.3,2025-12-01,
10117,1101.0,5,2,612.28,2026-07-29,
10118,1329.0,290,1,423.37,2025-10-28,
10119,1512.0,246,2,359.42,2026-07-05,
10120,26.0,195,5,1206.9,2026-06-03,
10121,1214.0,239,5,3834.9,2026-04-09,
10122,878.0,157,4,208.44,2026-07-10,
10123,95.0,247,2,1244.5,2025-12-06,
10124,725.0,22,1,135.62,2026-05-18,
10125,527.0,67,1,722.58,2025-12-27,
10126,1980.0,52,1,352.45,2025-09-05,
10127,936.0,243,1,813.41,2026-06-06,
10128,495.0,59,4,249.16,2026-03-20,
10129,748.0,138,5,1436.8,2026-01-04,
10130,1717.0,15,5,2358.65,2025-10-09,
10131,370.0,165,1,633.65,2026-03-08,
10132,14.0,111,4,2757.08,2025-10-05,
10133,166.0,271,3,2291.37,2025-10-11,
10134,1544.0,57,5,3481.25,2025-10-15,
10135,543.0,42,5,1374.85,2026-07-08,
10136,532.0,156,3,2006.28,2025-12-19,
10137,1241.0,187,4,3526.0,2025-08-08,
10138,1264.0,242,2,160.08,2026-05-25,
10139,694.0,203,3,895.89,2025-09-15,
10140,1229.0,200,1,715.79,2026-09-09,
10141,877.0,96,4,1158.32,2025-10-15,
10142,484.0,256,1,172.63,2025-12-19,
10143,1504.0,225,4,2789.32,2026-05-15,
10144,1025.0,60,5,4128.25,2026-06-10,
10145,1734.0,213,2,762.2,2026-04-19,
10146,1198.0,218,2,-535.14,2026-08-02,
10147,219.0,182,4,1566.52,2026-04-08,
10148,1567.0,69,4,250.4,2026-01-09,
10149,1114.0,196,4,974.96,2025-10-09,
10150,763.0,113,1,653.69,2026-05-25,
10151,425.0,187,4,3526.0,2026-07-13,
10152,401.0,235,1,891.6,2025-11-29,
10153,979.0,279,5,4254.8,2026-01-25,
10154,340.0,147,1,595.47,2025-10-10,
10155,1408.0,72,2,984.2,2026-03-07,
10156,1969.0,148,4,2000.92,2026-01-11,
10157,609.0,36,3,2213.67,2025-10-17,
10158,361.0,201,4,1564.4,2026-03-21,
10159,420.0,254,4,2498.16,2026-05-27,
10160,608.0,112,1,470.07,2025-11-10,
10161,1650.0,57,1,696.25,2026-07-13,
10162,1596.0,235,4,3566.4,2025-10-14,
10163,357.0,50,3,229.29,2026-04-12,
10164,381.0,53,3,2309.58,2025-08-09,
10165,465.0,152,5,4192.35,2025-09-09,
10166,813.0,58,5,1911.55,2026-07-01,
10167,425.0,273,4,1263.08,2025-10-09,
10168,982.0,213,3,1143.3,2026-06-08,
10169,796.0,14,3,2520.63,2025-10-07,
10170,1104.0,161,4,1479.48,2025-11-08,
10171,1215.0,290,4,1693.48,2026-07-29,
10172,1899.0,262,4,2213.44,2025-11-19,
10173,773.0,12,2,1637.12,2025-09-07,
10174,1597.0,283,5,2131.0,2025-11-24,
10175,58.0,119,1,356.79,2026-03-14,
10176,451.0,143,5,425.7,2026-03-15,
10177,1886.0,250,5,2079.5,2026-10-02,
10178,1493.0,117,4,1905.16,2026-03-23,
10179,1568.0,117,1,476.29,2025-08-09,
10180,1998.0,177,5,3092.9,2026-06-07,
10181,1597.0,93,2,1388.34,2025-08-10,
10182,989.0,59,2,124.58,2026-03-28,
10183,676.0,30,4,3534.76,2026-05-04,
10184,132.0,115,3,2522.94,2026-04-16,
10185,103.0,23,3,434.37,2026-01-14,
10186,1186.0,194,2,1377.54,2026-01-05,
10187,1113.0,49,1,183.31,2025-10-10,
10188,263.0,232,2,981.94,2026-06-23,
10189,576.0,263,2,581.98,2026-05-01,
10190,1063.0,246,1,179.71,2026-01-24,
10191,180.0,99,1,468.93,2025-08-20,
10192,915.0,275,1,671.99,2025-09-26,
10193,1336.0,299,4,2085.88,2026-01-11,
10194,686.0,28,4,1960.8,2026-01-06,
10195,1256.0,230,5,2503.65,2025-08-05,
10196,1706.0,267,3,831.99,2025-11-14,
10197,1832.0,296,4,1192.92,2026-07-27,
10198,1259.0,146,5,3450.4,2026-06-23,
10199,1230.0,230,5,2503.65,2026-07-17,
10200,331.0,30,3,2651.07,2025-12-16,
10201,1005.0,70,1,441.97,2026-06-22,
10202,572.0,64,1,812.86,2026-06-26,
10203,1620.0,280,4,3019.6,2025-08-25,
10204,729.0,172,4,2130.08,2026-03-18,
10205,1133.0,265,1,185.77,2025-12-23,
10206,1927.0,274,1,192.77,2026-01-19,
10207,158.0,5,4,1224.56,2025-10-19,
10208,1295.0,253,2,692.0,2025-10-15,
10209,1765.0,161,4,1479.48,2025-08-30,
10210,836.0,125,0,204.07,2026-02-06,
10211,345.0,103,1,285.74,2026-06-25,
10212,1706.0,237,3,1098.51,2025-11-23,
10213,1676.0,181,4,3552.32,2026-04-13,
10214,212.0,92,4,2685.64,2026-10-12,
10215,,215,5,1526.2,2025-08-12,
10216,1000.0,211,2,444.3,2026-05-10,
10217,146.0,288,5,4357.3,2025-11-02,
10218,1719.0,46,5,2790.55,2026-03-31,
10219,1747.0,109,5,753.25,2025-09-03,
10220,110.0,298,5,2418.75,2025-08-24,
10221,,201,5,1955.5,2026-05-18,
10222,234.0,86,1,699.58,2026-05-27,
10223,1024.0,107,1,515.77,2025-09-06,
10224,1012.0,40,4,285.96,2026-03-16,
10225,1629.0,179,2,1074.7,2025-10-29,
10226,797.0,88,1,455.33,2025-11-08,
10227,864.0,114,2,336.18,2025-12-26,
10228,158.0,62,2,1273.64,2026-05-28,
10229,1764.0,241,5,4075.45,2025-10-21,
10230,549.0,270,3,469.56,2026-03-02,
10231,1545.0,297,1,597.25,2026-04-02,
10232,1412.0,24,3,282.03,2025-10-12,
10233,976.0,29,2,751.58,2025-09-26,
10234,732.0,84,5,3822.9,2025-10-06,
10235,1057.0,152,3,2515.41,2025-11-28,
10236,461.0,171,5,465.55,2026-06-25,
10237,1851.0,175,4,2941.92,2026-02-01,
10238,1879.0,121,5,1341.8,2025-09-10,
10239,314.0,281,1,159.69,2025-09-07,
10240,1501.0,247,3,1866.75,2026-03-22,
10241,1295.0,112,5,2350.35,2025-10-30,
10242,1866.0,79,2,675.16,2025-12-31,
10243,217.0,165,3,1900.95,2026-07-01,
10244,143.0,225,3,2091.99,2025-08-07,
10245,1143.0,95,3,1279.95,2026-05-01,
10246,1705.0,35,3,2650.5,2025-08-23,
10247,1840.0,253,4,1384.0,2026-01-15,
10248,1678.0,92,1,671.41,2025-08-13,
10249,832.0,94,2,628.88,2026-08-01,
10250,1426.0,20,1,819.04,2026-02-26,
10251,478.0,278,4,2505.08,2025-09-29,
10252,535.0,293,5,1697.8,2026-01-31,
10253,201.0,184,3,1089.18,2026-02-09,
10254,516.0,107,5,2578.85,2026-04-17,
10255,193.0,163,2,1204.34,2025-08-19,
10256,446.0,161,4,1479.48,2025-12-07,
10257,497.0,27,5,1234.45,2026-01-07,
10258,1225.0,5,4,1224.56,2025-11-22,
10259,1355.0,205,5,1870.2,2026-01-07,
10260,95.0,173,5,3874.3,2025-09-17,
10261,743.0,220,3,1099.98,2026-07-29,
10262,952.0,297,5,2986.25,2026-04-28,
10263,1874.0,70,3,1325.91,2026-05-22,
10264,1535.0,17,5,3808.45,2026-01-14,
10265,944.0,91,1,561.73,2026-06-23,
10266,674.0,248,2,1379.64,2026-06-27,
10267,821.0,48,4,1214.36,2025-08-26,
10268,137.0,261,1,128.83,2026-02-05,
10269,1973.0,106,2,168.0,2026-01-21,
10270,1914.0,241,2,1630.18,2026-07-08,
10271,59.0,220,4,1466.64,2025-09-24,
10272,248.0,245,2,1089.7,2026-01-03,
10273,1448.0,246,2,359.42,2025-11-22,
10274,1447.0,151,1,794.0,2025-10-28,
10275,272.0,93,3,2082.51,2026-05-07,
10276,1506.0,88,2,910.66,2026-02-25,
10277,1410.0,139,1,604.14,2026-05-08,
10278,1661.0,269,2,1101.34,2026-08-04,
10279,,32,4,-728.84,2025-12-20,
10280,1503.0,126,-2,340.46,2025-08-09,
10281,641.0,121,4,1073.44,2025-08-10,
10282,193.0,158,1,190.93,2026-03-15,
10283,1329.0,279,1,850.96,2025-12-09,
10284,550.0,159,3,343.77,2025-11-01,
10285,1559.0,87,3,1404.93,2026-01-31,
10286,319.0,284,3,1498.68,2025-10-11,
10287,1420.0,16,2,724.84,2025-10-21,
10288,1656.0,144,2,252.94,2025-11-18,
10289,1429.0,189,1,337.7,2026-01-16,
10290,843.0,158,4,763.72,2025-09-09,
10291,242.0,180,1,642.33,2026-01-24,
10292,1347.0,264,4,2127.56,2026-06-21,
10293,854.0,34,3,2218.86,2026-01-17,
10294,1255.0,141,1,158.05,2026-04-17,
10295,212.0,295,3,1250.46,2025-09-30,
10296,,159,4,458.36,2026-07-03,
10297,1105.0,99,5,2344.65,2025-10-30,
10298,958.0,34,2,1479.24,2026-04-23,
10299,638.0,20,3,2457.12,2025-09-17,
10300,1718.0,69,3,187.8,2025-10-23,
10301,1402.0,167,1,431.28,2026-07-07,
10302,1863.0,29,5,1878.95,2026-07-15,
10303,1762.0,92,4,2685.64,2025-10-20,
10304,56.0,39,1,890.65,2026-06-06,
10305,786.0,103,3,857.22,2026-01-11,
10306,548.0,164,5,2201.2,2025-09-18,
10307,,93,5,3470.85,2025-08-09,
10308,1299.0,90,1,397.43,2026-04-11,
10309,984.0,90,2,794.86,2026-08-03,
10310,887.0,196,4,974.96,2026-06-08,
10311,1229.0,299,4,2085.88,2026-04-01,
10312,1168.0,89,2,205.52,2025-11-13,
10313,475.0,178,2,761.04,2025-11-22,
10314,192.0,276,4,1281.04,2026-05-08,
10315,191.0,292,3,882.21,2025-09-10,
10316,1603.0,34,5,3698.1,2026-01-21,
10317,1387.0,99,5,2344.65,2025-11-29,
10318,1625.0,9,5,3953.9,2025-09-27,
10319,260.0,119,3,1070.37,2026-08-04,
10320,603.0,144,2,252.94,2025-10-21,
10321,,2,4,2640.88,2026-05-09,
10322,1526.0,91,5,2808.65,2025-09-12,
10323,840.0,97,3,760.53,2026-01-03,
10324,1651.0,98,2,406.52,2025-12-18,
10325,1104.0,154,5,4023.8,2025-11-20,
10326,528.0,118,2,1299.04,2026-07-20,
10327,760.0,107,4,2063.08,2026-06-18,
10328,781.0,53,5,3849.3,2025-11-24,
10329,522.0,224,5,2452.95,2025-09-19,
10330,891.0,20,5,4095.2,2026-07-26,
10331,360.0,186,3,1997.88,2026-05-22,
10332,1490.0,146,2,1380.16,2025-10-20,
10333,786.0,288,2,1742.92,2026-01-30,
10334,676.0,69,5,313.0,2025-10-13,
10335,922.0,176,1,432.85,2026-02-01,
10336,697.0,138,2,574.72,2026-02-03,
10337,1766.0,12,5,4092.8,2026-04-17,
10338,1995.0,178,2,761.04,2026-07-18,
10339,1653.0,287,5,-256.1,2026-01-02,
10340,558.0,192,5,2119.7,2026-02-24,
10341,510.0,246,1,179.71,2025-12-23,
10342,1653.0,292,4,1176.28,2026-02-06,
10343,670.0,217,3,1076.43,2026-01-15,
10344,1231.0,108,3,2092.17,2026-07-18,
10345,830.0,50,4,305.72,2026-07-27,
10346,530.0,169,1,695.2,2026-05-24,
10347,1644.0,235,1,891.6,2025-08-17,
10348,413.0,282,5,3032.25,2026-01-15,
10349,1561.0,3,1,621.67,2026-07-04,
10350,280.0,175,3,2206.44,2026-04-30,
10351,1945.0,282,5,3032.25,2025-10-24,
10352,1914.0,234,2,721.64,2026-06-07,
10353,1515.0,141,3,474.15,2025-11-10,
10354,1058.0,206,4,2384.68,2026-03-27,
10355,922.0,223,4,2637.88,2025-11-26,
10356,1187.0,276,5,1601.3,2025-10-13,
10357,34.0,133,4,933.56,2026-04-04,
10358,,210,1,452.28,2025-08-22,
10359,1197.0,12,4,3274.24,2026-06-18,
10360,1734.0,27,1,246.89,2025-11-20,
10361,902.0,134,5,3168.05,2026-07-12,
10362,54.0,43,1,679.24,2026-01-18,
10363,534.0,111,5,3446.35,2026-06-15,
10364,690.0,230,1,500.73,2025-08-31,
10365,1699.0,201,4,1564.4,2026-02-04,
10366,886.0,184,4,1452.24,2025-12-10,
10367,1337.0,167,1,431.28,2026-07-04,
10368,1112.0,174,1,656.55,2025-12-15,
10369,1933.0,259,4,511.68,2025-09-12,
10370,788.0,11,1,285.15,2026-02-19,
10371,535.0,252,3,2141.55,2026-03-06,
10372,419.0,289,2,98.14,2026-01-23,
10373,1986.0,146,2,1380.16,2025-08-12,
10374,1818.0,189,5,1688.5,2025-09-07,
10375,1060.0,223,5,3297.35,2026-06-25,
10376,1809.0,168,1,643.67,2026-06-29,
10377,1556.0,143,3,255.42,2026-02-13,
10378,1601.0,9,3,2372.34,2026-04-02,
10379,1755.0,210,4,1809.12,2026-04-01,
10380,993.0,296,2,596.46,2026-03-12,
10381,94.0,176,3,1298.55,2025-10-17,
10382,1846.0,70,3,1325.91,2025-10-10,
10383,891.0,92,5,3357.05,2025-11-29,
10384,1703.0,37,4,287.24,2026-05-02,
10385,344.0,275,5,3359.95,2025-10-14,
10386,255.0,170,4,1976.92,2025-08-20,
10387,1730.0,154,1,804.76,2026-07-13,
10388,115.0,67,3,2167.74,2025-10-09,
10389,663.0,124,5,3733.15,2025-11-24,
10390,1525.0,252,4,2855.4,2026-03-10,
10391,1792.0,89,4,411.04,2025-10-29,
10392,1618.0,155,5,1373.2,2026-01-24,
10393,1558.0,37,4,287.24,2025-12-02,
10394,1325.0,128,5,2430.35,2025-11-16,
10395,501.0,148,5,2501.15,2026-05-31,
10396,1779.0,209,5,3956.55,2025-11-16,
10397,402.0,27,4,987.56,2025-09-04,
10398,719.0,166,5,1142.25,2026-05-30,
10399,1475.0,114,1,168.09,2026-02-13,
10400,1577.0,44,1,466.73,2025-10-09,
10401,900.0,41,2,1562.88,2025-10-29,
10402,773.0,282,5,3032.25,2025-11-17,
10403,1981.0,171,1,93.11,2025-12-17,
10404,1555.0,107,1,515.77,2026-01-18,
10405,1761.0,151,5,3970.0,2026-06-04,
10406,1857.0,189,2,675.4,2025-12-13,
10407,718.0,251,4,3493.08,2026-06-10,
10408,1555.0,269,4,2202.68,2025-10-20,
10409,1826.0,244,1,194.24,2026-02-15,
10410,671.0,111,4,2757.08,2026-06-20,
10411,106.0,213,2,762.2,2026-01-02,
10412,442.0,100,4,469.76,2026-03-15,
10413,1393.0,130,3,2473.29,2025-11-12,
10414,1288.0,145,2,779.88,2026-01-26,
10415,1042.0,133,4,933.56,2026-03-14,
10416,477.0,194,2,1377.54,2026-05-27,
10417,148.0,54,5,489.1,2025-08-09,
10418,456.0,78,2,363.22,2025-10-08,
10419,1392.0,190,4,270.84,2025-12-22,
10420,977.0,216,1,440.76,2026-07-10,
10421,1808.0,25,4,2333.92,2025-11-26,
10422,1815.0,113,1,653.69,2026-06-01,
10423,574.0,229,3,150.57,2026-03-01,
10424,946.0,183,4,1448.16,2025-12-26,
10425,1383.0,220,2,733.32,2026-05-21,
10426,795.0,212,2,-618.5,2025-10-31,
10427,911.0,126,4,680.92,2025-12-29,
10428,1427.0,276,3,960.78,2026-11-02,
10429,1258.0,22,5,678.1,2026-05-27,
10430,1001.0,284,5,2497.8,2025-09-27,
10431,1605.0,254,3,1873.62,2026-01-14,
10432,1256.0,254,3,1873.62,2026-03-10,
10433,1332.0,140,3,2256.12,2026-03-13,
10434,1719.0,123,3,1472.52,2025-08-21,
10435,284.0,258,3,2552.85,2025-11-22,
10436,914.0,182,2,783.26,2026-04-29,
10437,1799.0,236,3,1806.63,2026-02-02,
10438,976.0,15,2,943.46,2025-10-11,
10439,860.0,200,4,2863.16,2025-10-20,
10440,577.0,286,4,536.24,2026-02-21,
10441,1787.0,13,3,2561.76,2026-01-20,
10442,1963.0,77,1,755.0,2026-05-17,
10443,,246,4,718.84,2026-05-06,
10444,632.0,182,1,391.63,2025-11-16,
10445,410.0,228,3,1820.94,2025-08-29,
10446,156.0,153,1,890.63,2026-08-09,
10447,1570.0,163,4,2408.68,2026-09-26,
10448,122.0,107,2,1031.54,2025-08-06,
10449,1318.0,30,1,883.69,2026-03-24,
10450,1744.0,24,5,470.05,2025-12-14,
10451,1631.0,143,1,85.14,2025-11-01,
10452,816.0,210,3,1356.84,2026-02-15,
10453,308.0,183,5,1810.2,2026-07-10,
10454,1480.0,124,3,2239.89,2025-12-13,
10455,501.0,135,3,-103.8,2026-04-05,
10456,1341.0,269,3,1652.01,2026-07-14,
10457,504.0,217,3,1076.43,2025-12-04,
10458,1872.0,176,2,865.7,2026-02-08,
10459,1929.0,103,2,571.48,2026-05-20,
10460,66.0,211,4,888.6,2025-11-17,
10461,533.0,7,1,701.72,2025-10-11,
10462,1752.0,239,1,766.98,2025-09-09,
10463,144.0,293,1,339.56,2026-01-03,
10464,1669.0,31,2,694.2,2026-05-13,
10465,1544.0,158,5,954.65,2025-11-21,
10466,160.0,186,4,2663.84,2025-11-04,
10467,1412.0,41,5,3907.2,2025-12-07,
10468,1212.0,257,5,1561.7,2026-06-04,
10469,165.0,205,3,1122.12,2026-03-22,
10470,209.0,45,5,3644.95,2026-03-27,
10471,441.0,163,5,3010.85,2025-08-11,
10472,823.0,230,3,1502.19,2026-06-25,
10473,639.0,219,1,293.87,2026-06-10,
10474,919.0,157,4,208.44,2025-08-17,
10475,1046.0,218,1,-267.57,2026-03-18,
10476,998.0,210,5,2261.4,2026-06-04,
10477,1476.0,1,3,517.98,2025-10-29,
10478,843.0,237,5,1830.85,2026-02-06,
10479,1122.0,205,4,1496.16,2026-02-28,
10480,33.0,76,5,3501.45,2025-09-04,
10481,756.0,191,2,493.94,2025-11-14,
10482,1230.0,207,3,1501.95,2026-04-22,
10483,1079.0,192,1,423.94,2026-01-17,
10484,1472.0,35,3,2650.5,2025-08-24,
10485,1417.0,85,2,-56.74,2025-12-01,
10486,1496.0,119,1,356.79,2026-02-10,
10487,1443.0,93,5,3470.85,2026-06-29,
10488,866.0,96,4,1158.32,2026-04-13,
10489,647.0,147,1,595.47,2026-04-08,
10490,1394.0,143,4,340.56,2026-01-11,
10491,1096.0,124,5,3733.15,2026-05-18,
10492,1874.0,217,2,717.62,2025-09-10,
10493,519.0,80,1,255.52,2025-11-27,
10494,138.0,29,3,1127.37,2025-10-30,
10495,1090.0,111,1,689.27,2026-01-28,
10496,67.0,199,4,321.28,2026-02-17,
10497,630.0,158,4,763.72,2026-07-23,
10498,437.0,231,2,1466.6,2026-02-23,
10499,1717.0,283,5,2131.0,2025-11-14,
10500,930.0,47,3,948.72,2025-11-20,
10501,344.0,257,3,937.02,2025-10-26,
10502,613.0,134,4,2534.44,2026-01-29,
10503,6.0,155,2,549.28,2025-08-24,
10504,1241.0,97,3,760.53,2026-01-05,
10505,212.0,135,3,-103.8,2026-05-14,
10506,1877.0,9,2,1581.56,2025-12-28,
10507,985.0,116,5,4459.65,2025-09-05,
10508,169.0,116,3,2675.79,2026-03-03,
10509,848.0,276,4,1281.04,2026-05-24,
10510,982.0,159,4,458.36,2026-01-27,
10511,418.0,155,1,274.64,2026-06-28,
10512,1882.0,47,2,632.48,2026-04-15,
10513,1036.0,188,1,497.46,2026-07-03,
10514,290.0,97,1,253.51,2025-12-19,
10515,766.0,182,5,1958.15,2026-07-12,
10516,1845.0,101,3,2614.05,2026-01-13,
10517,1095.0,215,3,915.72,2025-11-12,
10518,431.0,41,3,2344.32,2026-07-19,
10519,747.0,270,5,782.6,2026-01-12,
10520,1002.0,86,1,699.58,2026-06-30,
10521,672.0,282,5,3032.25,2026-02-02,
10522,1653.0,176,5,2164.25,2025-09-25,
10523,1071.0,30,5,4418.45,2026-04-25,
10524,1878.0,156,1,668.76,2026-07-11,
10525,769.0,88,5,2276.65,2026-01-02,
10526,1655.0,170,3,1482.69,2026-05-25,
10527,772.0,266,1,464.09,2025-11-03,
10528,1553.0,236,3,1806.63,2026-01-08,
10529,1102.0,92,2,1342.82,2026-03-07,
10530,1204.0,106,1,84.0,2026-07-30,
10531,1091.0,113,3,1961.07,2026-06-15,
10532,1122.0,293,1,339.56,2026-07-21,
10533,402.0,22,1,135.62,2026-06-04,
10534,1678.0,273,1,315.77,2025-08-31,
10535,388.0,133,4,933.56,2025-12-25,
10536,1441.0,133,2,466.78,2026-04-17,
10537,1874.0,89,3,308.28,2025-11-28,
10538,1412.0,81,1,577.52,2026-07-13,
10539,949.0,190,5,338.55,2026-05-01,
10540,1722.0,124,1,746.63,2025-09-07,
10541,130.0,53,2,1539.72,2026-02-22,
10542,317.0,264,3,1595.67,2025-12-27,
10543,605.0,242,2,160.08,2026-06-18,
10544,606.0,47,1,316.24,2026-02-21,
10545,403.0,206,1,596.17,2026-05-21,
10546,681.0,128,1,486.07,2026-03-29,
10547,401.0,183,3,1086.12,2026-03-14,
10548,657.0,28,1,490.2,2025-08-18,
10549,389.0,115,1,840.98,2026-08-04,
10550,608.0,31,3,1041.3,2025-08-28,
10551,904.0,6,4,2493.36,2025-10-01,
10552,1376.0,273,1,315.77,2026-01-27,
10553,1263.0,52,1,352.45,2026-02-05,
10554,1258.0,209,3,2373.93,2026-07-30,
10555,,282,3,1819.35,2026-05-02,
10556,936.0,161,3,1109.61,2025-10-08,
10557,487.0,209,4,3165.24,2026-03-17,
10558,1816.0,157,3,156.33,2026-06-28,
10559,1604.0,156,1,668.76,2025-09-16,
10560,1224.0,286,2,268.12,2025-08-09,
10561,833.0,51,2,552.24,2026-06-02,
10562,313.0,137,3,2231.4,2026-02-21,
10563,629.0,29,4,1503.16,2025-12-02,
10564,1879.0,43,5,3396.2,2025-12-12,
10565,859.0,53,1,769.86,2025-08-20,
10566,1313.0,54,4,391.28,2026-05-02,
10567,192.0,195,5,1206.9,2026-01-28,
10568,1834.0,9,1,790.78,2026-04-14,
10569,328.0,270,2,313.04,2026-06-27,
10570,1639.0,129,2,983.82,2026-06-26,
10571,1097.0,64,4,3251.44,2026-03-11,
10572,1689.0,73,4,591.12,2026-01-01,
10573,312.0,258,2,1701.9,2025-08-12,
10574,729.0,43,4,2716.96,2025-11-25,
10575,1332.0,206,2,1192.34,2025-11-04,
10576,1165.0,196,5,1218.7,2025-12-24,
10577,63.0,196,2,487.48,2026-01-11,
10578,1294.0,271,2,1527.58,2026-05-24,
10579,1174.0,139,4,2416.56,2026-07-13,
10580,23.0,45,1,728.99,2026-01-18,
10581,472.0,177,5,3092.9,2025-08-17,
10582,1009.0,72,3,1476.3,2025-12-14,
10583,1129.0,67,2,1445.16,2026-07-20,
10584,1441.0,234,1,360.82,2025-08-19,
10585,299.0,104,2,310.36,2025-11-01,
10586,1967.0,16,1,362.42,2026-05-06,
10587,1145.0,238,3,1762.8,2025-11-09,
10588,1011.0,174,5,3282.75,2026-01-24,
10589,1649.0,66,3,2419.65,2025-11-16,
10590,949.0,98,5,1016.3,2026-07-26,
10591,1250.0,63,2,313.46,2026-01-16,
10592,605.0,180,1,642.33,2026-03-22,
10593,1846.0,172,2,1065.04,2026-02-18,
10594,1387.0,23,3,434.37,2025-11-08,
10595,1447.0,263,1,290.99,2025-10-26,
10596,819.0,76,5,3501.45,2025-08-15,
10597,90.0,9,4,3163.12,2026-01-05,
10598,59.0,148,5,2501.15,2026-02-08,
10599,537.0,89,2,205.52,2026-04-12,
10600,1604.0,7,4,2806.88,2026-01-22,
10601,,184,3,1089.18,2026-04-20,
10602,924.0,245,3,1634.55,2025-10-25,
10603,1979.0,205,5,1870.2,2025-08-13,
10604,1471.0,175,1,735.48,2026-06-18,
10605,527.0,297,1,597.25,2026-01-09,
10606,1991.0,43,5,3396.2,2026-02-03,
10607,677.0,300,5,2907.95,2026-05-04,
10608,1973.0,224,4,1962.36,2026-06-08,
10609,73.0,133,2,466.78,2026-07-15,
10610,675.0,49,4,733.24,2026-07-22,
10611,1650.0,182,4,1566.52,2025-09-20,
10612,1055.0,69,2,125.2,2026-03-05,
10613,1088.0,287,4,-204.88,2026-08-02,
10614,907.0,261,5,644.15,2025-09-26,
10615,872.0,196,3,731.22,2025-10-15,
10616,422.0,122,1,660.4,2026-05-17,
10617,854.0,200,1,715.79,2025-10-15,
10618,1728.0,66,2,1613.1,2026-01-15,
10619,201.0,12,1,818.56,2026-01-11,
10620,783.0,100,5,587.2,2026-07-15,
10621,988.0,5,3,918.42,2026-07-04,
10622,1849.0,142,4,994.04,2026-02-05,
10623,1261.0,41,5,3907.2,2026-07-24,
10624,1043.0,8,2,1741.98,2026-03-16,
10625,675.0,9,2,1581.56,2026-04-11,
10626,1755.0,63,3,470.19,2025-11-22,
10627,1634.0,267,5,1386.65,2026-06-02,
10628,1148.0,166,2,456.9,2025-09-05,
10629,594.0,87,5,2341.55,2026-03-31,
10630,1207.0,158,1,190.93,2025-08-11,
10631,942.0,63,3,470.19,2026-05-31,
10632,1961.0,289,1,49.07,2026-02-19,
10633,631.0,186,2,1331.92,2026-01-27,
10634,1149.0,226,2,196.9,2026-02-18,
10635,735.0,123,5,2454.2,2026-04-13,
10636,972.0,48,4,1214.36,2026-02-17,
10637,1680.0,111,1,689.27,2026-01-19,
10638,1493.0,289,3,147.21,2025-12-10,
10639,1347.0,114,2,336.18,2025-10-28,
10640,17.0,202,4,2755.2,2026-02-16,
10641,1771.0,285,3,2160.06,2026-05-27,
10642,828.0,262,5,2766.8,2025-12-10,
10643,1710.0,271,4,3055.16,2026-04-24,
10644,1411.0,170,-4,1976.92,2026-03-25,
10645,1825.0,77,5,3775.0,2026-06-14,
10646,1586.0,86,3,2098.74,2026-06-21,
10647,1788.0,274,2,385.54,2025-08-23,
10648,1856.0,82,5,2361.05,2026-01-02,
10649,1846.0,85,5,-141.85,2026-02-03,
10650,1080.0,1,1,172.66,2026-05-23,
10651,503.0,112,2,940.14,2025-10-23,
10652,86.0,192,2,847.88,2026-03-15,
10653,1054.0,224,5,2452.95,2026-01-13,
10654,1097.0,176,4,1731.4,2025-10-23,
10655,994.0,153,4,3562.52,2025-12-01,
10656,1029.0,210,0,1809.12,2026-04-25,
10657,1944.0,10,5,3958.7,2026-06-16,
10658,664.0,205,3,1122.12,2025-10-09,
10659,983.0,283,2,852.4,2026-05-02,
10660,1177.0,138,3,862.08,2026-02-21,
10661,973.0,167,5,2156.4,2026-05-01,
10662,163.0,172,2,1065.04,2026-04-01,
10663,1303.0,119,3,1070.37,2026-07-08,
10664,1921.0,103,1,285.74,2026-06-30,
10665,1838.0,245,3,1634.55,2026-02-16,
10666,1229.0,177,3,1855.74,2026-05-25,
10667,1434.0,82,5,2361.05,2026-02-08,
10668,1101.0,251,3,2619.81,2026-01-07,
10669,179.0,235,3,2674.8,2025-08-14,
10670,1989.0,33,3,464.19,2026-05-20,
10671,1401.0,270,4,626.08,2026-06-28,
10672,909.0,81,4,2310.08,2026-09-22,
10673,1719.0,166,1,228.45,2026-06-11,
10674,1268.0,61,5,3227.35,2026-04-09,
10675,527.0,253,4,1384.0,2025-12-08,
10676,550.0,172,2,1065.04,2026-06-30,
10677,1613.0,209,3,2373.93,2025-08-13,
10678,1572.0,163,1,602.17,2026-06-28,
10679,637.0,184,4,1452.24,2026-04-22,
10680,826.0,58,5,1911.55,2026-04-09,
10681,1227.0,226,5,492.25,2025-11-30,
10682,1916.0,219,2,587.74,2026-03-14,
10683,1159.0,5,1,306.14,2025-09-27,
10684,1509.0,106,3,252.0,2025-09-27,
10685,,259,2,255.84,2026-06-22,
10686,1607.0,57,4,2785.0,2025-09-19,
10687,176.0,99,1,468.93,2026-05-01,
10688,974.0,168,-5,3218.35,2026-01-28,
10689,1889.0,80,2,511.04,2025-08-27,
10690,259.0,144,2,252.94,2025-11-14,
10691,,269,3,1652.01,2026-04-13,
10692,626.0,278,2,1252.54,2026-07-03,
10693,782.0,86,4,2798.32,2026-03-10,
10694,100.0,211,5,1110.75,2026-01-16,
10695,1570.0,291,5,1683.35,2026-05-29,
10696,1342.0,131,4,2485.0,2026-05-03,
10697,1648.0,26,1,290.49,2026-05-29,
10698,563.0,260,1,426.01,2025-09-04,
10699,403.0,5,2,612.28,2026-03-04,
10700,11.0,154,5,4023.8,2026-07-06,
10701,1783.0,37,3,215.43,2026-01-07,
10702,1532.0,113,4,2614.76,2026-04-27,
10703,1628.0,124,3,2239.89,2026-05-12,
10704,820.0,270,4,626.08,2026-01-23,
10705,1902.0,249,1,470.68,2025-08-16,
10706,535.0,178,3,1141.56,2026-01-10,
10707,1804.0,140,4,3008.16,2026-01-03,
10708,502.0,9,3,2372.34,2025-10-23,
10709,1828.0,300,2,1163.18,2025-10-16,
10710,1260.0,202,1,688.8,2026-06-26,
10711,1753.0,224,4,1962.36,2025-08-28,
10712,1297.0,137,4,2975.2,2026-05-28,
10713,279.0,71,4,386.16,2025-09-01,
10714,1535.0,25,3,1750.44,2026-01-08,
10715,1895.0,106,4,336.0,2026-05-28,
10716,1175.0,154,5,4023.8,2025-10-07,
10717,1228.0,33,1,154.73,2026-03-17,
10718,,79,5,1687.9,2026-08-01,
10719,911.0,179,4,2149.4,2026-04-24,
10720,747.0,79,5,1687.9,2026-07-19,
10721,176.0,22,2,271.24,2026-07-12,
10722,1480.0,183,3,1086.12,2025-08-10,
10723,504.0,112,5,2350.35,2026-02-05,
10724,930.0,11,4,1140.6,2025-10-18,
10725,1125.0,175,3,2206.44,2026-06-15,
10726,1873.0,72,1,492.1,2026-03-18,
10727,374.0,82,4,1888.84,2026-03-18,
10728,446.0,214,3,2120.82,2025-10-12,
10729,979.0,190,4,270.84,2026-05-29,
10730,591.0,263,3,872.97,2026-06-26,
10731,914.0,203,1,298.63,2026-02-18,
10732,1591.0,288,5,4357.3,2026-06-26,
10733,1701.0,12,4,3274.24,2026-04-01,
10734,1365.0,176,1,432.85,2025-09-05,
10735,1922.0,289,5,245.35,2026-04-23,
10736,1034.0,52,5,1762.25,2026-03-13,
10737,990.0,34,4,2958.48,2026-06-18,
10738,141.0,192,3,1271.82,2026-09-18,
10739,1388.0,79,5,1687.9,2026-08-01,
10740,197.0,142,3,745.53,2025-10-06,
10741,1599.0,158,5,954.65,2026-02-11,
10742,422.0,85,3,-85.11,2025-09-20,
10743,1880.0,52,4,1409.8,2026-03-11,
10744,1109.0,142,5,1242.55,2025-10-03,
10745,1556.0,92,5,3357.05,2026-01-14,
10746,1599.0,126,5,851.15,2026-05-04,
10747,975.0,173,5,3874.3,2025-12-08,
10748,912.0,140,4,3008.16,2026-07-14,
10749,777.0,223,3,1978.41,2026-05-30,
10750,1839.0,164,5,2201.2,2025-10-23,
10751,39.0,19,4,2770.4,2026-06-01,
10752,621.0,186,3,1997.88,2026-10-05,
10753,1308.0,135,2,-69.2,2025-11-03,
10754,1569.0,157,2,104.22,2026-02-01,
10755,965.0,222,5,2181.55,2025-09-09,
10756,689.0,253,1,346.0,2026-01-29,
10757,358.0,211,5,1110.75,2026-05-18,
10758,1700.0,73,1,147.78,2026-07-26,
10759,1573.0,299,3,1564.41,2026-07-29,
10760,830.0,28,4,1960.8,2025-08-07,
10761,1772.0,124,3,2239.89,2026-02-28,
10762,432.0,58,3,1146.93,2026-01-16,
10763,950.0,185,5,710.1,2026-06-20,
10764,,239,1,766.98,2026-06-23,
10765,253.0,25,1,583.48,2025-12-02,
10766,947.0,171,3,279.33,2026-03-30,
10767,1570.0,233,2,1482.16,2025-11-14,
10768,1969.0,148,5,2501.15,2025-10-10,
10769,1359.0,135,2,-69.2,2026-01-09,
10770,1422.0,37,3,215.43,2026-03-21,
10771,274.0,275,4,2687.96,2025-11-26,
10772,1931.0,89,3,308.28,2025-10-05,
10773,1971.0,188,4,1989.84,2025-08-16,
10774,822.0,257,3,937.02,2025-10-24,
10775,458.0,131,1,621.25,2026-05-10,
10776,1328.0,176,3,1298.55,2026-05-02,
10777,196.0,250,3,1247.7,2026-03-22,
10778,674.0,202,5,3444.0,2026-02-28,
10779,439.0,192,4,1695.76,2026-04-28,
10780,487.0,161,2,739.74,2026-04-20,
10781,752.0,75,5,3975.25,2025-11-04,
10782,1132.0,191,3,740.91,2026-07-14,
10783,1610.0,10,5,3958.7,2025-09-07,
10784,1530.0,177,4,2474.32,2026-04-23,
10785,742.0,155,4,1098.56,2026-05-31,
10786,1339.0,257,1,312.34,2025-11-05,
10787,91.0,210,4,1809.12,2025-12-09,
10788,1584.0,80,5,1277.6,2025-11-30,
10789,1591.0,135,1,-34.6,2026-04-28,
10790,344.0,100,4,469.76,2026-04-10,
10791,1519.0,123,2,981.68,2026-03-26,
10792,4.0,155,4,1098.56,2026-04-30,
10793,953.0,154,1,804.76,2025-08-12,
10794,821.0,53,3,2309.58,2025-09-17,
10795,522.0,228,1,606.98,2025-11-22,
10796,1002.0,253,5,1730.0,2025-12-22,
10797,255.0,126,3,510.69,2026-06-02,
10798,1462.0,285,3,2160.06,2026-03-12,
10799,697.0,164,5,2201.2,2026-03-30,
10800,1460.0,22,5,678.1,2026-01-14,
10801,1923.0,111,4,2757.08,2026-01-26,
10802,1463.0,146,3,2070.24,2025-08-15,
10803,252.0,207,1,500.65,2025-12-30,
10804,392.0,237,1,366.17,2026-03-25,
10805,40.0,199,1,80.32,2025-10-13,
10806,713.0,40,4,285.96,2025-08-29,
10807,1553.0,16,1,362.42,2026-04-01,
10808,1536.0,54,4,391.28,2025-12-15,
10809,943.0,19,4,2770.4,2026-06-19,
10810,1177.0,294,3,1464.48,2026-03-02,
10811,1113.0,18,4,291.76,2026-01-22,
10812,365.0,222,5,2181.55,2025-10-17,
10813,643.0,271,3,2291.37,2025-08-05,
10814,1852.0,51,4,1104.48,2025-12-25,
10815,1535.0,80,1,255.52,2025-11-13,
10816,1660.0,187,-5,4407.5,2026-03-28,
10817,1579.0,122,5,3302.0,2026-02-27,
10818,912.0,300,4,2326.36,2025-10-07,
10819,723.0,206,2,1192.34,2025-11-18,
10820,997.0,102,4,327.4,2025-11-03,
10821,1801.0,123,3,1472.52,2026-09-26,
10822,1218.0,183,5,1810.2,2026-07-25,
10823,1002.0,209,1,791.31,2026-02-20,
10824,263.0,30,4,3534.76,2026-05-20,
10825,1103.0,69,5,313.0,2026-06-02,
10826,1596.0,110,3,2170.83,2025-11-20,
10827,473.0,44,2,933.46,2026-04-17,
10828,1543.0,177,1,618.58,2026-06-06,
10829,15.0,100,5,587.2,2025-11-08,
10830,389.0,39,3,2671.95,2026-06-16,
10831,959.0,25,5,2917.4,2025-08-26,
10832,1009.0,159,2,229.18,2026-05-02,
10833,465.0,159,5,572.95,2025-09-30,
10834,1743.0,222,4,1745.24,2026-06-05,
10835,983.0,116,3,2675.79,2026-07-09,
10836,905.0,291,4,1346.68,2026-05-01,
10837,1066.0,33,3,464.19,2026-04-25,
10838,1441.0,12,2,1637.12,2026-06-20,
10839,1873.0,6,0,623.34,2026-05-19,
10840,1648.0,234,2,721.64,2025-09-03,
10841,1728.0,187,4,3526.0,2026-02-01,
10842,1667.0,187,5,4407.5,2026-05-13,
10843,1689.0,79,4,1350.32,2026-03-02,
10844,357.0,13,5,4269.6,2025-09-17,
10845,1943.0,176,2,865.7,2026-01-12,
10846,1837.0,213,2,762.2,2026-02-04,
10847,1938.0,242,5,400.2,2026-02-15,
10848,290.0,136,1,533.19,2026-07-05,
10849,800.0,260,5,2130.05,2026-07-31,
10850,213.0,220,5,1833.3,2025-08-07,
10851,1377.0,46,2,1116.22,2026-01-02,
10852,1632.0,66,2,1613.1,2026-04-08,
10853,541.0,86,1,699.58,2025-12-29,
10854,1776.0,86,3,2098.74,2026-04-10,
10855,170.0,82,4,1888.84,2025-11-18,
10856,1002.0,56,5,3119.95,2026-04-19,
10857,1651.0,280,5,3774.5,2025-10-30,
10858,1659.0,76,3,2100.87,2026-04-25,
10859,1553.0,157,4,208.44,2025-09-18,
10860,1974.0,164,4,1760.96,2025-12-16,
10861,774.0,136,3,1599.57,2026-07-13,
10862,371.0,191,2,493.94,2026-04-12,
10863,574.0,192,3,1271.82,2026-02-25,
10864,225.0,147,1,595.47,2026-03-18,
10865,1633.0,267,1,277.33,2026-07-06,
10866,175.0,273,3,947.31,2026-05-25,
10867,1887.0,110,4,2894.44,2026-05-26,
10868,1047.0,231,2,1466.6,2026-07-21,
10869,296.0,10,3,2375.22,2026-07-28,
10870,1132.0,30,2,1767.38,2025-08-25,
10871,1414.0,277,1,137.94,2025-09-13,
10872,1716.0,111,4,2757.08,2025-12-30,
10873,617.0,220,5,1833.3,2026-04-14,
10874,1595.0,52,5,1762.25,2026-07-01,
10875,1924.0,144,4,505.88,2025-11-11,
10876,783.0,42,3,824.91,2026-07-13,
10877,58.0,69,2,125.2,2026-05-31,
10878,1356.0,39,-3,2671.95,2026-03-18,
10879,407.0,268,2,701.14,2026-07-28,
10880,547.0,125,3,612.21,2026-05-12,
10881,228.0,31,1,347.1,2026-04-17,
10882,347.0,95,4,1706.6,2025-09-29,
10883,1867.0,278,2,1252.54,2026-07-21,
10884,401.0,200,1,715.79,2026-07-01,
10885,987.0,1,5,863.3,2026-04-16,
10886,960.0,203,3,895.89,2026-02-19,
10887,1500.0,248,1,689.82,2025-09-10,
10888,864.0,294,-1,488.16,2025-12-10,
10889,223.0,248,4,2759.28,2025-08-05,
10890,1589.0,279,2,1701.92,2025-10-21,
10891,296.0,239,4,3067.92,2026-08-04,
10892,990.0,192,1,423.94,2026-01-26,
10893,1412.0,216,4,1763.04,2026-06-01,
10894,380.0,34,4,2958.48,2025-08-23,
10895,302.0,49,4,733.24,2025-09-18,
10896,1118.0,22,3,406.86,2026-02-05,
10897,809.0,269,5,2753.35,2025-08-26,
10898,1346.0,288,1,871.46,2026-08-03,
10899,1027.0,154,1,804.76,2026-03-25,
10900,456.0,200,5,3578.95,2025-10-04,
10901,1815.0,23,2,289.58,2026-01-12,
10902,1731.0,83,4,748.92,2026-04-06,
10903,1630.0,153,3,2671.89,2025-11-28,
10904,1260.0,206,3,1788.51,2025-08-21,
10905,612.0,220,4,1466.64,2026-01-25,
10906,1256.0,56,5,3119.95,2026-07-12,
10907,76.0,43,4,2716.96,2025-08-23,
10908,1248.0,166,2,456.9,2025-10-23,
10909,1607.0,11,4,1140.6,2025-08-17,
10910,68.0,129,5,2459.55,2026-02-20,
10911,1322.0,290,4,1693.48,2026-04-06,
10912,612.0,8,2,1741.98,2026-03-02,
10913,1668.0,67,3,2167.74,2025-08-17,
10914,923.0,59,5,311.45,2026-02-22,
10915,1132.0,28,1,490.2,2026-04-10,
10916,1145.0,36,3,2213.67,2026-07-19,
10917,385.0,294,1,488.16,2026-07-07,
10918,292.0,204,5,2618.25,2026-07-04,
10919,952.0,297,4,2389.0,2025-08-30,
10920,568.0,6,4,2493.36,2026-01-28,
10921,1968.0,90,1,397.43,2025-10-05,
10922,138.0,171,2,186.22,2026-01-08,
10923,1493.0,128,4,1944.28,2025-10-02,
10924,1951.0,71,3,289.62,2026-02-26,
10925,1630.0,88,4,1821.32,2025-10-08,
10926,357.0,2,2,1320.44,2026-03-26,
10927,1171.0,58,4,1529.24,2026-01-13,
10928,1450.0,13,5,4269.6,2026-03-06,
10929,752.0,262,4,2213.44,2025-10-11,
10930,22.0,142,5,1242.55,2026-04-14,
10931,475.0,73,5,738.9,2026-07-08,
10932,1117.0,102,3,245.55,2026-05-31,
10933,1695.0,119,5,1783.95,2025-11-27,
10934,1398.0,153,2,1781.26,2026-06-24,
10935,837.0,43,1,679.24,2025-11-29,
10936,491.0,186,4,2663.84,2026-06-28,
10937,984.0,168,1,643.67,2026-02-25,
10938,1881.0,160,3,1351.83,2025-12-09,
10939,1176.0,130,4,3297.72,2026-05-24,
10940,251.0,112,3,1410.21,2025-08-16,
10941,1505.0,14,2,1680.42,2026-04-18,
10942,97.0,42,3,824.91,2026-07-01,
10943,1866.0,46,2,1116.22,2025-08-12,
10944,388.0,279,2,1701.92,2026-01-29,
10945,677.0,45,5,3644.95,2025-10-01,
10946,1949.0,189,5,1688.5,2026-02-21,
10947,1160.0,299,4,2085.88,2026-02-18,
10948,1909.0,297,1,597.25,2026-04-18,
10949,1655.0,113,3,1961.07,2026-03-18,
10950,1010.0,233,1,741.08,2025-12-14,
10951,1756.0,253,1,346.0,2026-03-12,
10952,394.0,249,1,470.68,2025-10-15,
10953,842.0,17,3,2285.07,2026-04-11,
10954,1859.0,257,4,1249.36,2026-04-13,
10955,622.0,30,5,4418.45,2026-02-02,
10956,520.0,38,2,1603.56,2026-04-07,
10957,676.0,196,1,243.74,2025-11-20,
10958,519.0,48,4,1214.36,2025-09-08,
10959,1559.0,277,2,275.88,2025-09-03,
10960,657.0,285,5,3600.1,2026-01-14,
10961,918.0,107,2,1031.54,2026-03-02,
10962,531.0,198,5,2891.75,2025-08-05,
10963,929.0,60,5,4128.25,2026-01-16,
10964,952.0,207,4,2002.6,2026-08-03,
10965,20.0,224,1,490.59,2026-03-23,
10966,460.0,199,3,240.96,2026-04-28,
10967,1929.0,159,3,343.77,2025-09-17,
10968,1726.0,233,2,1482.16,2026-05-11,
10969,1558.0,41,4,3125.76,2026-03-25,
10970,467.0,122,1,660.4,2026-07-14,
10971,542.0,116,2,1783.86,2026-07-18,
10972,1533.0,298,4,1935.0,2026-01-01,
10973,1869.0,232,3,1472.91,2026-07-04,
10974,1779.0,256,3,517.89,2025-09-16,
10975,1597.0,175,1,735.48,2025-10-10,
10976,1112.0,1,3,517.98,2026-06-11,
10977,1759.0,144,5,632.35,2026-02-04,
10978,622.0,23,5,723.95,2026-01-09,
10979,1728.0,225,2,1394.66,2026-01-04,
10980,190.0,60,5,4128.25,2025-09-25,
10981,,177,4,2474.32,2025-08-11,
10982,333.0,175,3,2206.44,2026-03-09,
10983,932.0,248,1,689.82,2025-08-17,
10984,1675.0,299,3,1564.41,2026-02-26,
10985,1645.0,297,3,1791.75,2025-09-25,
10986,1704.0,245,4,2179.4,2026-06-27,
10987,221.0,61,1,645.47,2025-08-11,
10988,1953.0,27,4,987.56,2025-11-06,
10989,804.0,295,4,1667.28,2026-04-04,
10990,742.0,158,4,763.72,2025-09-20,
10991,857.0,149,3,2396.19,2026-01-29,
10992,307.0,175,4,2941.92,2025-08-27,
10993,1619.0,263,5,1454.95,2026-04-08,
10994,341.0,234,2,721.64,2026-05-26,
10995,431.0,199,5,401.6,2026-06-13,
10996,692.0,152,5,4192.35,2025-10-12,
10997,1553.0,138,1,287.36,2026-07-29,
10998,22.0,105,5,3484.6,2026-01-15,
10999,1960.0,260,3,1278.03,2025-10-19,
11000,1758.0,195,5,1206.9,2026-04-23,
11001,24.0,179,4,2149.4,2026-07-21,
11002,1482.0,223,4,2637.88,2026-07-13,
11003,139.0,94,4,1257.76,2026-10-16,
11004,271.0,112,5,2350.35,2025-11-21,
11005,,210,5,2261.4,2025-11-17,
11006,1572.0,18,5,364.7,2025-10-28,
11007,1824.0,227,4,1899.72,2025-12-09,
11008,1221.0,234,4,1443.28,2026-06-12,
11009,84.0,192,4,1695.76,2026-03-24,
11010,1158.0,106,5,420.0,2025-12-31,
11011,771.0,209,2,1582.62,2026-04-06,
11012,960.0,115,4,3363.92,2026-04-14,
11013,143.0,95,4,1706.6,2025-10-15,
11014,1939.0,44,1,466.73,2026-04-11,
11015,733.0,225,2,1394.66,2025-11-11,
11016,1135.0,64,2,1625.72,2025-12-12,
11017,384.0,215,2,610.48,2026-02-23,
11018,1106.0,17,4,3046.76,2026-04-26,
11019,414.0,86,3,2098.74,2026-06-19,
11020,395.0,84,2,1529.16,2026-07-10,
11021,1614.0,124,1,746.63,2026-02-09,
11022,1264.0,74,2,853.96,2026-07-20,
11023,574.0,118,3,1948.56,2025-08-07,
11024,1613.0,195,0,241.38,2025-09-05,
11025,1710.0,206,1,596.17,2025-10-13,
11026,1996.0,194,5,3443.85,2025-08-09,
11027,1393.0,133,2,466.78,2026-05-17,
11028,1254.0,2,4,2640.88,2026-05-21,
11029,391.0,177,2,1237.16,2025-11-27,
11030,1102.0,175,4,2941.92,2026-06-15,
11031,1595.0,201,3,1173.3,2026-04-19,
11032,626.0,72,5,2460.5,2026-09-15,
11033,1036.0,47,2,632.48,2026-04-17,
11034,988.0,176,2,865.7,2025-09-29,
11035,1609.0,25,1,583.48,2025-11-28,
11036,,196,3,731.22,2025-10-07,
11037,689.0,272,5,1639.35,2026-04-17,
11038,981.0,148,5,2501.15,2026-07-11,
11039,219.0,175,2,1470.96,2025-12-28,
11040,1294.0,60,5,4128.25,2025-10-27,
11041,525.0,267,1,277.33,2026-01-10,
11042,717.0,86,3,2098.74,2026-03-24,
11043,1085.0,160,2,901.22,2025-08-12,
11044,508.0,4,3,2061.18,2026-03-20,
11045,1557.0,228,4,2427.92,2025-09-08,
11046,748.0,155,2,549.28,2026-08-04,
11047,983.0,171,1,93.11,2026-07-30,
11048,1128.0,286,4,536.24,2025-10-04,
11049,1115.0,272,4,1311.48,2025-10-30,
11050,1391.0,204,1,523.65,2026-01-30,
11051,469.0,93,1,694.17,2025-12-24,
11052,251.0,67,2,1445.16,2025-11-09,
11053,1879.0,128,1,486.07,2025-08-08,
11054,1848.0,247,1,622.25,2025-10-14,
11055,1985.0,48,5,1517.95,2026-03-07,
11056,822.0,167,5,2156.4,2026-07-24,
11057,1949.0,213,2,762.2,2025-11-16,
11058,1106.0,296,2,596.46,2026-03-14,
11059,1075.0,242,5,400.2,2026-01-27,
11060,1884.0,248,2,1379.64,2026-01-09,
11061,416.0,266,4,1856.36,2026-06-20,
11062,1642.0,40,3,214.47,2026-06-18,
11063,1163.0,81,3,1732.56,2026-07-30,
11064,356.0,186,4,2663.84,2026-05-05,
11065,971.0,296,1,298.23,2025-08-27,
11066,635.0,296,4,1192.92,2025-11-10,
11067,875.0,154,1,804.76,2026-03-29,
11068,399.0,5,2,612.28,2025-12-29,
11069,1141.0,94,5,1572.2,2026-04-14,
11070,965.0,260,1,426.01,2026-05-27,
11071,664.0,3,1,621.67,2026-01-26,
11072,367.0,41,1,781.44,2025-08-05,
11073,640.0,270,4,626.08,2025-09-25,
11074,308.0,174,1,656.55,2026-07-27,
11075,1395.0,11,2,570.3,2026-05-24,
11076,169.0,82,1,472.21,2025-11-27,
11077,610.0,251,3,2619.81,2025-11-07,
11078,137.0,188,3,1492.38,2025-12-28,
11079,1086.0,204,3,1570.95,2025-12-06,
11080,282.0,256,5,863.15,2025-09-25,
11081,1779.0,35,1,883.5,2026-06-28,
11082,851.0,138,4,1149.44,2026-05-29,
11083,655.0,68,4,3548.84,2026-07-17,
11084,729.0,10,1,791.74,2026-04-29,
11085,1395.0,88,4,1821.32,2025-12-02,
11086,518.0,293,4,1358.24,2025-08-21,
11087,1691.0,142,2,497.02,2025-12-19,
11088,1778.0,27,2,493.78,2025-12-20,
11089,986.0,204,1,523.65,2025-10-30,
11090,599.0,274,3,578.31,2026-05-03,
11091,414.0,278,2,1252.54,2026-05-28,
11092,1982.0,7,5,3508.6,2026-01-17,
11093,1951.0,191,5,1234.85,2025-11-12,
11094,1848.0,253,2,692.0,2026-02-15,
11095,443.0,122,5,3302.0,2026-05-24,
11096,1449.0,204,5,2618.25,2025-09-04,
11097,101.0,6,4,2493.36,2026-05-03,
11098,688.0,46,3,1674.33,2026-02-27,
11099,315.0,229,5,250.95,2026-06-17,
11100,822.0,118,2,1299.04,2026-01-22,
11101,549.0,249,1,470.68,2026-06-07,
11102,1025.0,273,3,947.31,2025-12-25,
11103,1299.0,52,5,1762.25,2026-06-03,
11104,196.0,236,1,602.21,2026-08-05,
11105,1480.0,187,1,881.5,2025-11-21,
11106,886.0,55,5,4282.7,2026-04-25,
11107,1735.0,255,5,3631.65,2025-08-11,
11108,57.0,248,2,1379.64,2025-11-07,
11109,151.0,67,3,2167.74,2026-07-10,
11110,95.0,293,2,679.12,2026-01-07,
11111,,62,5,3184.1,2026-06-22,
11112,259.0,282,3,1819.35,2026-05-04,
11113,1444.0,122,2,1320.8,2025-11-18,
11114,922.0,77,5,3775.0,2026-06-27,
11115,1179.0,2,3,1980.66,2026-07-11,
11116,1200.0,102,4,327.4,2026-07-20,
11117,331.0,175,5,3677.4,2026-02-19,
11118,1097.0,53,3,2309.58,2026-03-05,
11119,1661.0,191,3,740.91,2025-10-01,
11120,880.0,64,1,812.86,2025-09-20,
11121,1323.0,109,5,753.25,2025-12-19,
11122,579.0,228,1,606.98,2026-07-10,
11123,1852.0,85,1,-28.37,2026-05-10,
11124,1701.0,239,3,2300.94,2026-03-14,
11125,1426.0,236,3,1806.63,2026-01-27,
11126,1874.0,57,-3,2088.75,2026-02-14,
11127,1150.0,94,3,943.32,2025-11-09,
11128,1194.0,240,2,1619.04,2026-02-22,
11129,790.0,211,2,444.3,2025-12-26,
11130,1232.0,67,3,2167.74,2025-11-20,
11131,1896.0,41,5,3907.2,2026-08-04,
11132,1420.0,280,2,1509.8,2026-05-08,
11133,616.0,36,2,1475.78,2026-01-07,
11134,1491.0,295,4,1667.28,2026-01-11,
11135,1556.0,231,2,1466.6,2025-10-03,
11136,984.0,223,0,2637.88,2025-10-20,
11137,609.0,88,3,1365.99,2025-09-23,
11138,405.0,98,3,609.78,2025-11-02,
11139,1276.0,176,3,1298.55,2026-01-18,
11140,1015.0,237,5,1830.85,2025-08-19,
11141,1996.0,85,5,-141.85,2025-12-31,
11142,976.0,193,3,1157.85,2026-01-08,
11143,1852.0,57,3,2088.75,2026-06-14,
11144,457.0,208,3,1093.08,2026-02-01,
11145,1710.0,266,1,464.09,2026-03-27,
11146,1876.0,81,5,2887.6,2026-06-02,
11147,1563.0,293,1,339.56,2026-04-04,
11148,1901.0,116,3,2675.79,2026-02-26,
11149,1313.0,274,1,192.77,2026-01-10,
11150,601.0,152,2,1676.94,2025-11-23,
11151,1770.0,242,5,400.2,2026-03-20,
11152,1284.0,215,1,305.24,2025-09-02,
11153,1163.0,16,1,362.42,2025-09-24,
11154,1232.0,147,1,595.47,2025-12-27,
11155,1432.0,34,4,2958.48,2026-03-18,
11156,468.0,182,4,1566.52,2025-12-03,
11157,262.0,245,4,2179.4,2026-03-13,
11158,831.0,148,2,1000.46,2026-06-18,
11159,258.0,196,2,487.48,2026-10-27,
11160,1217.0,188,3,1492.38,2026-07-24,
11161,453.0,79,1,337.58,2026-07-03,
11162,473.0,212,5,-1546.25,2026-07-15,
11163,1558.0,28,5,2451.0,2026-04-20,
11164,1891.0,44,3,1400.19,2026-07-22,
11165,1391.0,31,1,347.1,2025-10-11,
11166,956.0,171,2,186.22,2025-09-26,
11167,1934.0,124,1,746.63,2026-05-22,
11168,378.0,59,4,249.16,2025-08-24,
11169,637.0,94,4,1257.76,2025-11-12,
11170,,34,3,2218.86,2025-10-16,
11171,1171.0,169,4,2780.8,2026-03-27,
11172,1299.0,7,1,701.72,2026-02-24,
11173,545.0,34,5,3698.1,2026-01-02,
11174,1633.0,65,-5,3071.7,2025-10-15,
11175,676.0,115,2,1681.96,2025-10-08,
11176,919.0,271,3,2291.37,2026-01-11,
11177,324.0,157,2,104.22,2026-03-11,
11178,1306.0,295,5,2084.1,2026-04-02,
11179,1263.0,125,3,612.21,2025-09-24,
11180,1867.0,214,4,2827.76,2025-08-09,
11181,1633.0,247,4,2489.0,2026-01-01,
11182,511.0,43,3,2037.72,2026-01-13,
11183,341.0,11,-2,570.3,2026-01-06,
11184,1520.0,221,2,522.6,2025-09-02,
11185,1493.0,155,4,1098.56,2026-01-28,
11186,665.0,121,4,1073.44,2026-08-01,
11187,1474.0,6,1,623.34,2026-03-14,
11188,1240.0,104,2,310.36,2026-03-19,
11189,1177.0,289,1,49.07,2026-01-10,
11190,886.0,20,1,819.04,2025-10-12,
11191,833.0,154,4,3219.04,2025-10-17,
11192,617.0,35,3,2650.5,2026-07-17,
11193,1031.0,75,4,3180.2,2025-12-16,
11194,1725.0,251,2,1746.54,2025-12-29,
11195,533.0,167,3,1293.84,2026-03-30,
11196,361.0,27,3,740.67,2026-03-22,
11197,821.0,128,1,486.07,2026-07-23,
11198,295.0,253,5,1730.0,2026-07-16,
11199,908.0,32,0,-728.84,2026-03-26,
11200,1938.0,187,3,2644.5,2026-04-17,
11201,1274.0,293,2,679.12,2026-06-19,
11202,1958.0,101,3,2614.05,2025-10-03,
11203,820.0,119,5,1783.95,2026-03-21,
11204,655.0,10,3,2375.22,2026-07-26,
11205,1772.0,109,5,753.25,2026-05-18,
11206,358.0,94,3,943.32,2026-03-27,
11207,1143.0,263,4,1163.96,2026-06-08,
11208,936.0,114,3,504.27,2026-05-17,
11209,,102,2,163.7,2026-03-05,
11210,1827.0,262,1,553.36,2025-11-09,
11211,41.0,114,2,336.18,2025-10-27,
11212,568.0,247,2,1244.5,2025-12-07,
11213,1289.0,175,2,1470.96,2026-05-23,
11214,371.0,107,1,515.77,2026-03-07,
11215,636.0,118,4,2598.08,2026-05-17,
11216,313.0,52,2,704.9,2026-02-06,
11217,1912.0,151,4,3176.0,2026-07-06,
11218,1298.0,130,1,824.43,2026-01-07,
11219,767.0,292,5,1470.35,2026-03-08,
11220,323.0,98,4,813.04,2026-02-20,
11221,,29,2,751.58,2026-02-01,
11222,664.0,178,1,380.52,2026-05-07,
11223,99.0,38,4,3207.12,2026-02-13,
11224,1683.0,65,2,1228.68,2026-01-27,
11225,197.0,68,3,2661.63,2026-03-30,
11226,1452.0,15,4,1886.92,2025-10-16,
11227,1940.0,46,3,1674.33,2025-12-27,
11228,1095.0,183,3,1086.12,2026-07-26,
11229,1647.0,256,1,172.63,2026-06-04,
11230,560.0,137,1,743.8,2026-01-20,
11231,1834.0,78,2,363.22,2025-08-09,
11232,806.0,154,3,2414.28,2025-11-29,
11233,162.0,157,1,52.11,2025-09-21,
11234,1666.0,81,3,1732.56,2025-11-08,
11235,270.0,191,1,246.97,2025-11-11,
11236,1046.0,165,2,1267.3,2026-02-24,
11237,1579.0,19,4,2770.4,2026-10-16,
11238,1201.0,265,1,185.77,2025-08-23,
11239,1685.0,47,2,632.48,2026-02-24,
11240,716.0,177,1,618.58,2026-07-07,
11241,1252.0,115,3,2522.94,2026-06-14,
11242,1263.0,131,1,621.25,2025-11-10,
11243,683.0,241,1,815.09,2026-07-18,
11244,734.0,255,3,2178.99,2026-03-29,
11245,1832.0,255,1,726.33,2026-06-16,
11246,1634.0,201,4,1564.4,2025-11-08,
11247,1964.0,119,2,713.58,2025-09-11,
11248,569.0,264,2,1063.78,2025-12-10,
11249,36.0,210,2,904.56,2025-10-21,
11250,1526.0,221,1,261.3,2026-03-27,
11251,1732.0,211,2,444.3,2026-02-26,
11252,1346.0,39,5,4453.25,2026-05-21,
11253,487.0,187,4,3526.0,2025-10-17,
11254,19.0,162,2,599.34,2026-05-28,
11255,893.0,1,4,690.64,2026-03-25,
11256,86.0,38,3,2405.34,2025-09-06,
11257,113.0,149,2,1597.46,2025-10-04,
11258,1152.0,161,5,1849.35,2025-09-22,
11259,1657.0,198,5,2891.75,2026-01-08,
11260,1220.0,184,4,1452.24,2025-08-08,
11261,1797.0,229,4,200.76,2025-08-16,
11262,389.0,40,3,214.47,2025-08-06,
11263,50.0,111,4,2757.08,2026-07-19,
11264,1527.0,259,1,127.92,2025-08-30,
11265,91.0,20,1,819.04,2025-11-25,
11266,1568.0,41,3,2344.32,2025-11-28,
11267,1740.0,214,1,706.94,2025-08-24,
11268,1229.0,26,2,580.98,2026-04-15,
11269,1703.0,77,4,3020.0,2026-04-17,
11270,1026.0,263,-5,1454.95,2026-05-03,
11271,1102.0,286,1,134.06,2026-02-02,
11272,576.0,107,1,515.77,2026-08-01,
11273,791.0,201,1,391.1,2026-01-06,
11274,1072.0,125,5,1020.35,2025-10-01,
11275,1981.0,59,4,249.16,2026-06-27,
11276,1450.0,261,4,515.32,2026-04-01,
11277,182.0,275,3,2015.97,2026-05-13,
11278,1910.0,271,3,2291.37,2026-05-22,
11279,94.0,216,5,2203.8,2025-08-31,
11280,1354.0,180,1,642.33,2026-06-08,
11281,820.0,196,3,731.22,2025-12-01,
11282,1554.0,286,5,670.3,2026-05-19,
11283,981.0,83,4,748.92,2026-04-15,
11284,71.0,91,5,2808.65,2026-04-18,
11285,1945.0,7,4,2806.88,2025-11-01,
11286,321.0,80,4,1022.08,2026-07-02,
11287,230.0,1,5,863.3,2025-08-18,
11288,317.0,149,4,3194.92,2026-07-09,
11289,432.0,99,4,1875.72,2025-11-23,
11290,580.0,181,4,3552.32,2026-05-15,
11291,1057.0,10,4,3166.96,2026-08-03,
11292,1965.0,115,1,840.98,2026-03-12,
11293,102.0,274,2,385.54,2025-09-01,
11294,909.0,205,5,1870.2,2025-10-28,
11295,1197.0,267,5,1386.65,2025-11-29,
11296,212.0,292,3,882.21,2025-09-19,
11297,582.0,131,3,1863.75,2025-08-11,
11298,844.0,281,2,319.38,2025-10-23,
11299,533.0,237,1,366.17,2026-02-21,
11300,540.0,199,4,321.28,2026-06-16,
11301,1933.0,289,1,49.07,2026-03-16,
11302,1079.0,223,4,2637.88,2026-02-13,
11303,921.0,264,4,2127.56,2025-12-07,
11304,1779.0,191,1,246.97,2025-10-03,
11305,1563.0,288,3,2614.38,2026-07-20,
11306,173.0,252,1,713.85,2026-04-08,
11307,726.0,218,3,-802.71,2026-06-28,
11308,720.0,221,1,261.3,2026-03-04,
11309,425.0,188,4,1989.84,2026-02-03,
11310,1897.0,156,2,1337.52,2025-09-25,
11311,100.0,46,5,2790.55,2025-08-17,
11312,1206.0,225,2,1394.66,2026-03-22,
11313,1475.0,76,1,700.29,2026-03-31,
11314,716.0,17,2,1523.38,2026-03-02,
11315,878.0,271,3,2291.37,2026-01-20,
11316,492.0,170,2,988.46,2026-04-12,
11317,988.0,241,4,3260.36,2025-12-10,
11318,1387.0,124,1,746.63,2026-06-24,
11319,776.0,103,1,285.74,2026-04-22,
11320,986.0,254,5,3122.7,2026-01-01,
11321,1604.0,56,5,3119.95,2025-11-28,
11322,221.0,83,4,748.92,2025-10-06,
11323,1122.0,191,3,740.91,2026-05-20,
11324,26.0,247,2,1244.5,2026-06-06,
11325,538.0,53,2,1539.72,2026-04-21,
11326,1954.0,30,2,1767.38,2026-08-04,
11327,691.0,192,3,1271.82,2026-05-02,
11328,1348.0,165,1,633.65,2025-09-26,
11329,606.0,30,3,2651.07,2025-11-28,
11330,1525.0,17,5,3808.45,2026-07-23,
11331,1201.0,19,5,3463.0,2025-08-09,
11332,1164.0,282,2,1212.9,2025-12-10,
11333,1293.0,254,4,2498.16,2026-04-03,
11334,1066.0,235,2,1783.2,2026-05-07,
11335,277.0,262,4,2213.44,2026-04-14,
11336,200.0,159,4,458.36,2025-10-02,
11337,28.0,201,2,782.2,2025-08-26,
11338,510.0,104,3,465.54,2026-02-22,
11339,1582.0,270,2,313.04,2025-10-14,
11340,62.0,31,1,347.1,2025-11-03,
11341,597.0,298,1,483.75,2025-12-13,
11342,323.0,115,3,2522.94,2026-06-23,
11343,1919.0,158,5,954.65,2025-11-03,
11344,1008.0,116,1,891.93,2025-08-17,
11345,897.0,143,1,85.14,2026-03-14,
11346,1970.0,291,5,1683.35,2026-08-02,
11347,556.0,212,3,-927.75,2026-02-09,
11348,313.0,212,4,-1237.0,2026-01-17,
11349,1017.0,263,5,1454.95,2026-01-18,
11350,205.0,100,3,352.32,2026-03-29,
11351,1636.0,268,5,1752.85,2026-08-05,
11352,298.0,194,2,1377.54,2026-06-11,
11353,927.0,173,2,1549.72,2025-09-13,
11354,115.0,168,4,2574.68,2026-04-03,
11355,261.0,3,2,1243.34,2025-11-14,
11356,266.0,128,1,486.07,2026-03-09,
11357,80.0,115,3,2522.94,2026-07-22,
11358,1523.0,191,4,987.88,2026-04-02,
11359,1748.0,240,4,3238.08,2026-01-07,
11360,737.0,53,2,1539.72,2025-09-22,
11361,1063.0,41,3,2344.32,2026-07-26,
11362,1692.0,289,1,49.07,2026-08-04,
11363,1891.0,135,1,-34.6,2026-03-13,
11364,1582.0,265,2,371.54,2026-08-05,
11365,690.0,260,1,426.01,2026-06-22,
11366,825.0,36,4,2951.56,2026-06-02,
11367,1454.0,221,1,261.3,2026-03-04,
11368,1741.0,278,1,626.27,2026-07-28,
11369,1187.0,93,2,1388.34,2026-06-18,
11370,1080.0,66,4,3226.2,2025-08-18,
11371,1580.0,284,3,1498.68,2026-04-14,
11372,1301.0,142,4,994.04,2026-07-03,
11373,1141.0,18,5,364.7,2025-12-26,
11374,,196,2,487.48,2026-01-08,
11375,288.0,43,3,2037.72,2026-02-28,
11376,1253.0,243,4,3253.64,2025-09-25,
11377,1660.0,166,5,1142.25,2026-07-12,
11378,621.0,145,3,1169.82,2025-08-06,
11379,297.0,80,1,255.52,2025-09-07,
11380,1422.0,82,3,1416.63,2026-02-05,
11381,515.0,285,2,1440.04,2026-04-17,
11382,1713.0,275,5,3359.95,2025-12-24,
11383,1484.0,202,2,1377.6,2025-11-08,
11384,1779.0,37,2,143.62,2026-04-05,
11385,947.0,237,2,732.34,2026-08-03,
11386,752.0,40,3,214.47,2025-08-06,
11387,1932.0,22,2,271.24,2026-01-26,
11388,1871.0,38,1,801.78,2026-04-01,
11389,1425.0,273,1,315.77,2026-01-10,
11390,1391.0,79,4,1350.32,2026-01-10,
11391,1664.0,195,5,1206.9,2025-09-13,
11392,1614.0,63,3,470.19,2026-08-03,
11393,1562.0,63,5,783.65,2026-02-25,
11394,838.0,128,5,2430.35,2026-01-19,
11395,175.0,4,4,2748.24,2026-03-15,
11396,931.0,13,3,2561.76,2025-12-12,
11397,1163.0,48,5,1517.95,2026-02-07,
11398,1669.0,64,1,812.86,2025-10-03,
11399,,298,5,2418.75,2026-05-26,
11400,1959.0,162,4,1198.68,2026-05-28,
11401,1488.0,74,3,1280.94,2026-04-15,
11402,1148.0,249,4,1882.72,2026-07-26,
11403,593.0,283,2,852.4,2026-05-16,
11404,452.0,33,1,154.73,2026-04-11,
11405,576.0,135,1,-34.6,2026-05-31,
11406,1548.0,48,2,607.18,2025-11-25,
11407,213.0,36,5,3689.45,2026-06-30,
11408,1298.0,57,5,3481.25,2026-06-29,
11409,20.0,54,3,293.46,2025-08-07,
11410,1429.0,176,1,432.85,2025-12-03,
11411,645.0,119,2,713.58,2025-11-09,
11412,1790.0,60,4,3302.6,2026-06-09,
11413,639.0,2,3,1980.66,2026-08-04,
11414,1029.0,231,1,733.3,2025-12-02,
11415,3.0,185,4,568.08,2026-02-11,
11416,1623.0,294,3,1464.48,2025-11-13,
11417,929.0,25,4,2333.92,2025-09-20,
11418,1353.0,52,3,1057.35,2026-05-08,
11419,1079.0,258,4,3403.8,2025-10-07,
11420,45.0,109,0,150.65,2025-12-06,
11421,538.0,102,1,81.85,2025-10-31,
11422,557.0,182,4,1566.52,2025-09-02,
11423,257.0,162,4,1198.68,2026-04-17,
11424,672.0,79,4,1350.32,2025-10-19,
11425,551.0,242,5,400.2,2026-02-08,
11426,1487.0,28,4,1960.8,2026-04-18,
11427,456.0,138,1,287.36,2026-04-02,
11428,544.0,110,-4,2894.44,2025-12-05,
11429,1285.0,133,5,1166.95,2026-07-01,
11430,1887.0,298,5,2418.75,2026-01-09,
11431,8.0,269,4,2202.68,2025-09-11,
11432,1247.0,118,2,1299.04,2025-08-09,
11433,806.0,55,2,1713.08,2025-08-25,
11434,381.0,148,1,500.23,2026-02-13,
11435,146.0,208,3,1093.08,2026-02-11,
11436,35.0,3,4,2486.68,2026-02-13,
11437,874.0,115,2,1681.96,2025-10-20,
11438,479.0,231,3,2199.9,2026-04-11,
11439,94.0,34,5,3698.1,2025-10-09,
11440,1896.0,179,4,2149.4,2025-09-02,
11441,180.0,204,2,1047.3,2026-02-13,
11442,55.0,19,1,692.6,2025-12-18,
11443,832.0,274,5,963.85,2025-08-29,
11444,834.0,171,3,279.33,2025-10-31,
11445,660.0,49,2,366.62,2026-01-14,
11446,77.0,116,4,3567.72,2025-09-07,
11447,44.0,199,3,240.96,2026-05-26,
11448,903.0,32,3,-546.63,2026-03-16,
11449,820.0,149,5,3993.65,2026-05-27,
11450,616.0,238,5,2938.0,2026-04-19,
11451,1587.0,288,4,3485.84,2025-10-13,
11452,1211.0,299,5,2607.35,2025-08-22,
11453,517.0,140,5,3760.2,2025-09-30,
11454,958.0,265,1,185.77,2026-05-01,
11455,831.0,7,2,1403.44,2025-12-12,
11456,110.0,55,1,856.54,2026-06-24,
11457,9.0,234,4,1443.28,2026-04-03,
11458,996.0,37,4,287.24,2026-05-21,
11459,642.0,114,4,672.36,2026-06-25,
11460,1220.0,294,3,1464.48,2026-03-19,
11461,1671.0,102,2,163.7,2026-03-25,
11462,1081.0,19,4,2770.4,2026-05-12,
11463,1908.0,53,1,769.86,2025-09-01,
11464,219.0,38,4,3207.12,2026-03-22,
11465,1705.0,294,4,1952.64,2025-10-21,
11466,570.0,27,1,246.89,2026-02-21,
11467,1889.0,13,2,1707.84,2026-02-09,
11468,587.0,48,3,910.77,2025-10-19,
11469,1935.0,151,1,794.0,2025-10-25,
11470,1740.0,183,3,1086.12,2026-01-30,
11471,573.0,217,4,1435.24,2025-08-20,
11472,478.0,117,2,952.58,2025-10-17,
11473,1360.0,266,3,1392.27,2025-11-28,
11474,,290,4,1693.48,2026-05-16,
11475,1926.0,176,3,1298.55,2025-10-15,
11476,1163.0,83,2,374.46,2026-06-15,
11477,1590.0,56,4,2495.96,2025-11-27,
11478,1489.0,14,2,1680.42,2026-07-01,
11479,500.0,120,3,2175.63,2025-12-03,
11480,638.0,1,1,172.66,2025-11-19,
11481,369.0,300,5,2907.95,2026-06-29,
11482,713.0,197,4,1582.64,2026-01-26,
11483,1470.0,110,4,2894.44,2025-11-24,
11484,979.0,58,5,1911.55,2026-03-06,
11485,213.0,234,2,721.64,2026-03-29,
11486,1970.0,233,2,1482.16,2025-08-05,
11487,1564.0,291,3,1010.01,2026-06-03,
11488,560.0,219,2,587.74,2025-11-18,
11489,1470.0,260,4,1704.04,2026-02-12,
11490,1624.0,78,2,363.22,2026-01-19,
11491,1733.0,287,3,-153.66,2025-08-14,
11492,1757.0,270,4,626.08,2026-01-24,
11493,1712.0,169,2,1390.4,2026-05-23,
11494,1350.0,79,4,1350.32,2026-02-28,
11495,929.0,199,5,401.6,2026-01-13,
11496,1437.0,48,3,910.77,2026-07-07,
11497,,41,2,1562.88,2025-09-23,
11498,1621.0,296,2,596.46,2026-06-01,
11499,1879.0,64,4,3251.44,2025-10-31,
11500,1920.0,200,4,2863.16,2025-12-05,
11501,13.0,18,4,291.76,2026-09-14,
11502,1146.0,188,3,1492.38,2026-07-29,
11503,1788.0,52,4,1409.8,2026-07-14,
11504,948.0,118,3,1948.56,2025-08-06,
11505,1804.0,65,1,614.34,2026-04-30,
11506,280.0,63,4,626.92,2026-06-26,
11507,806.0,174,1,656.55,2026-02-03,
11508,385.0,286,5,670.3,2026-01-12,
11509,806.0,190,3,203.13,2025-12-07,
11510,428.0,155,4,1098.56,2025-09-03,
11511,918.0,274,5,963.85,2026-06-02,
11512,1923.0,8,1,870.99,2026-05-26,
11513,739.0,152,3,2515.41,2026-03-29,
11514,1735.0,249,1,470.68,2025-09-01,
11515,1470.0,119,5,1783.95,2026-06-06,
11516,1355.0,122,3,1981.2,2026-02-04,
11517,1425.0,68,4,3548.84,2026-04-06,
11518,810.0,51,5,1380.6,2025-08-18,
11519,1977.0,204,5,2618.25,2026-07-27,
11520,660.0,78,3,544.83,2026-04-29,
11521,1708.0,65,5,3071.7,2026-03-09,
11522,49.0,29,3,1127.37,2026-07-02,
11523,110.0,89,4,411.04,2026-06-04,
11524,1366.0,4,1,687.06,2025-12-21,
11525,1367.0,42,1,274.97,2025-09-08,
11526,1676.0,29,1,375.79,2026-02-08,
11527,152.0,168,4,2574.68,2026-05-01,
11528,1733.0,213,1,381.1,2025-11-05,
11529,,300,4,2326.36,2026-04-17,
11530,1614.0,288,3,2614.38,2025-10-08,
11531,1284.0,130,5,4122.15,2026-07-06,
11532,286.0,264,1,531.89,2026-03-02,
11533,3.0,45,2,1457.98,2026-03-23,
11534,1049.0,25,5,2917.4,2025-12-17,
11535,1088.0,72,2,984.2,2025-09-04,
11536,1705.0,156,4,2675.04,2025-11-17,
11537,105.0,294,5,2440.8,2025-12-19,
11538,980.0,288,4,3485.84,2025-12-31,
11539,1381.0,66,2,1613.1,2025-10-18,
11540,126.0,112,1,470.07,2025-11-12,
11541,1084.0,136,3,1599.57,2025-08-19,
11542,1385.0,64,4,3251.44,2026-03-27,
11543,1287.0,239,2,1533.96,2026-06-17,
11544,1986.0,212,3,-927.75,2025-09-02,
11545,144.0,163,4,2408.68,2026-03-09,
11546,148.0,71,2,193.08,2026-06-09,
11547,279.0,272,5,1639.35,2025-12-20,
11548,842.0,72,1,492.1,2026-02-18,
11549,1078.0,110,1,723.61,2025-08-05,
11550,249.0,204,3,1570.95,2025-12-16,
11551,130.0,247,4,2489.0,2025-12-17,
11552,319.0,115,1,840.98,2026-03-04,
11553,537.0,98,4,813.04,2026-05-20,
11554,1245.0,60,4,3302.6,2025-09-04,
11555,1038.0,123,4,1963.36,2026-05-15,
11556,1870.0,97,3,760.53,2026-05-18,
11557,1736.0,34,4,2958.48,2026-06-14,
11558,561.0,237,4,1464.68,2025-09-11,
11559,302.0,8,2,1741.98,2025-12-07,
11560,1365.0,116,5,4459.65,2026-07-18,
11561,1504.0,35,5,4417.5,2026-06-25,
11562,704.0,117,2,952.58,2026-08-18,
11563,306.0,72,5,2460.5,2025-11-14,
11564,1867.0,206,4,2384.68,2025-11-18,
11565,780.0,53,2,1539.72,2026-10-26,
11566,1195.0,124,4,2986.52,2026-06-11,
11567,1733.0,134,5,3168.05,2026-04-02,
11568,1732.0,291,3,1010.01,2026-01-04,
11569,642.0,85,2,-56.74,2026-04-21,
11570,849.0,95,5,2133.25,2025-12-25,
11571,618.0,132,3,616.05,2025-11-09,
11572,1557.0,267,3,831.99,2026-03-26,
11573,1571.0,128,4,1944.28,2026-04-20,
11574,1039.0,278,4,2505.08,2025-09-19,
11575,153.0,58,1,382.31,2026-07-29,
11576,453.0,159,2,229.18,2026-01-06,
11577,528.0,24,4,376.04,2025-08-23,
11578,1450.0,13,5,4269.6,2026-04-13,
11579,657.0,267,1,277.33,2026-02-12,
11580,981.0,288,4,3485.84,2026-06-19,
11581,650.0,44,3,1400.19,2026-02-04,
11582,1383.0,179,5,2686.75,2025-08-06,
11583,1431.0,29,4,1503.16,2025-08-24,
11584,1087.0,86,4,2798.32,2025-11-23,
11585,107.0,246,5,898.55,2025-08-09,
11586,1182.0,88,3,1365.99,2026-03-21,
11587,33.0,51,2,552.24,2025-11-08,
11588,1954.0,137,4,2975.2,2026-07-17,
11589,345.0,121,4,1073.44,2026-06-22,
11590,366.0,60,4,3302.6,2026-06-12,
11591,1485.0,204,4,2094.6,2025-08-09,
11592,299.0,12,2,1637.12,2026-05-10,
11593,1042.0,98,3,609.78,2025-12-03,
11594,1097.0,153,1,890.63,2025-12-06,
11595,1275.0,4,2,1374.12,2026-07-17,
11596,1348.0,164,3,1320.72,2025-12-04,
11597,960.0,291,4,1346.68,2025-09-19,
11598,1987.0,117,4,1905.16,2026-03-02,
11599,1233.0,293,2,679.12,2025-11-20,
11600,1747.0,184,4,1452.24,2025-08-12,
11601,1564.0,297,3,1791.75,2026-05-27,
11602,1156.0,178,1,380.52,2025-11-09,
11603,1475.0,75,3,2385.15,2026-03-27,
11604,1398.0,232,3,1472.91,2026-07-29,
11605,132.0,44,1,466.73,2026-06-07,
11606,802.0,246,2,359.42,2026-05-08,
11607,448.0,234,1,360.82,2026-03-05,
11608,304.0,271,4,3055.16,2025-10-02,
11609,1962.0,182,4,1566.52,2025-10-13,
11610,214.0,238,4,2350.4,2025-09-05,
11611,748.0,53,2,1539.72,2026-06-13,
11612,1496.0,285,3,2160.06,2026-03-02,
11613,426.0,83,2,374.46,2025-08-14,
11614,1113.0,16,1,362.42,2026-04-26,
11615,815.0,22,3,406.86,2025-10-25,
11616,1522.0,128,1,486.07,2026-03-21,
11617,1184.0,261,2,257.66,2025-12-31,
11618,1306.0,86,3,2098.74,2026-01-04,
11619,1048.0,287,2,-102.44,2026-05-30,
11620,1970.0,239,-2,1533.96,2025-10-06,
11621,81.0,88,1,455.33,2026-05-29,
11622,1075.0,242,5,400.2,2026-08-04,
11623,352.0,104,1,155.18,2026-05-18,
11624,1467.0,226,2,196.9,2026-05-16,
11625,1562.0,219,3,881.61,2025-08-20,
11626,715.0,149,-5,3993.65,2025-11-05,
11627,6.0,77,2,1510.0,2026-02-20,
11628,14.0,242,2,160.08,2025-12-27,
11629,920.0,33,5,773.65,2026-07-26,
11630,605.0,12,5,4092.8,2026-06-19,
11631,963.0,71,5,482.7,2026-03-04,
11632,895.0,130,1,824.43,2026-03-08,
11633,1256.0,83,4,748.92,2026-01-07,
11634,1289.0,221,2,522.6,2026-04-27,
11635,136.0,203,3,895.89,2025-11-21,
11636,1498.0,81,5,2887.6,2026-04-06,
11637,680.0,168,3,1931.01,2026-05-01,
11638,38.0,47,1,316.24,2026-05-20,
11639,67.0,187,1,881.5,2025-08-13,
11640,1267.0,263,1,290.99,2026-04-18,
11641,1575.0,156,5,3343.8,2026-01-24,
11642,264.0,132,2,410.7,2026-02-28,
11643,426.0,220,2,733.32,2026-03-02,
11644,430.0,25,1,583.48,2025-08-09,
11645,926.0,215,1,305.24,2025-10-02,
11646,493.0,69,2,125.2,2026-01-04,
11647,315.0,165,1,633.65,2025-12-07,
11648,6.0,271,2,1527.58,2025-10-05,
11649,1399.0,98,3,609.78,2026-03-29,
11650,405.0,73,3,443.34,2026-05-03,
11651,1653.0,234,3,1082.46,2025-12-14,
11652,235.0,105,5,3484.6,2025-09-09,
11653,290.0,223,5,3297.35,2026-07-21,
11654,1771.0,287,1,-51.22,2025-12-31,
11655,1453.0,58,4,1529.24,2025-11-22,
11656,254.0,203,2,597.26,2026-04-30,
11657,1254.0,217,4,1435.24,2026-01-21,
11658,966.0,198,5,2891.75,2026-05-07,
11659,510.0,157,1,52.11,2026-03-26,
11660,521.0,106,1,84.0,2025-10-24,
11661,1864.0,192,3,1271.82,2026-07-07,
11662,1931.0,130,1,824.43,2025-10-23,
11663,204.0,10,4,3166.96,2026-05-12,
11664,541.0,224,4,1962.36,2025-11-04,
11665,9.0,298,4,1935.0,2025-12-16,
11666,589.0,16,5,1812.1,2026-05-11,
11667,1132.0,149,3,2396.19,2026-01-14,
11668,675.0,15,1,471.73,2025-09-25,
11669,834.0,49,4,733.24,2025-10-21,
11670,1189.0,154,2,1609.52,2025-08-26,
11671,1057.0,212,2,-618.5,2026-08-02,
11672,266.0,2,5,3301.1,2025-10-17,
11673,244.0,152,1,838.47,2026-03-27,
11674,651.0,184,1,363.06,2026-02-02,
11675,1975.0,10,5,3958.7,2025-11-29,
11676,1174.0,209,5,3956.55,2025-11-15,
11677,1497.0,213,1,381.1,2026-07-01,
11678,676.0,100,1,117.44,2025-08-13,
11679,763.0,84,3,2293.74,2026-02-16,
11680,1427.0,82,2,944.42,2026-07-23,
11681,1354.0,84,2,1529.16,2026-02-17,
11682,665.0,283,1,426.2,2026-07-20,
11683,396.0,258,5,4254.75,2025-08-25,
11684,1303.0,234,4,1443.28,2026-05-27,
11685,717.0,156,2,1337.52,2026-05-30,
11686,1956.0,139,1,604.14,2026-06-27,
11687,829.0,157,4,208.44,2026-01-19,
11688,1529.0,90,3,1192.29,2026-02-10,
11689,746.0,102,5,409.25,2025-08-21,
11690,179.0,24,1,94.01,2026-02-17,
11691,1590.0,60,3,2476.95,2026-05-11,
11692,655.0,82,3,1416.63,2026-03-28,
11693,1710.0,260,4,1704.04,2026-03-09,
11694,913.0,93,4,2776.68,2026-02-08,
11695,1103.0,279,5,4254.8,2025-08-21,
11696,83.0,91,4,2246.92,2026-03-24,
11697,912.0,114,1,168.09,2025-10-09,
11698,1204.0,142,5,1242.55,2025-08-20,
11699,41.0,10,2,1583.48,2026-04-25,
11700,1644.0,131,3,1863.75,2026-05-09,
11701,15.0,274,5,963.85,2025-09-19,
11702,1714.0,242,1,80.04,2026-03-25,
11703,139.0,279,4,3403.84,2026-05-03,
11704,365.0,159,2,229.18,2026-03-31,
11705,1961.0,113,3,1961.07,2025-09-09,
11706,1354.0,169,3,2085.6,2026-03-03,
11707,1801.0,187,5,4407.5,2026-06-26,
11708,668.0,93,1,694.17,2026-05-12,
11709,834.0,181,5,4440.4,2026-06-20,
11710,912.0,227,3,1424.79,2026-05-01,
11711,,254,5,3122.7,2026-04-06,
11712,1394.0,46,1,558.11,2026-07-14,
11713,1214.0,97,4,1014.04,2025-11-22,
11714,38.0,281,2,319.38,2026-07-07,
11715,958.0,157,3,156.33,2025-10-30,
11716,906.0,211,2,444.3,2025-09-04,
11717,1571.0,129,3,1475.73,2025-09-09,
11718,797.0,54,1,97.82,2025-10-21,
11719,1168.0,1,5,863.3,2026-04-26,
11720,1169.0,183,5,1810.2,2026-07-03,
11721,1635.0,238,1,587.6,2026-07-24,
11722,1351.0,56,3,1871.97,2025-09-30,
11723,239.0,86,2,1399.16,2026-06-15,
11724,777.0,106,2,168.0,2026-01-03,
11725,1591.0,268,5,1752.85,2025-12-30,
11726,16.0,193,1,385.95,2025-09-12,
11727,558.0,264,2,1063.78,2025-09-11,
11728,1395.0,235,4,3566.4,2025-12-13,
11729,1376.0,37,2,143.62,2026-03-01,
11730,1819.0,260,5,2130.05,2025-11-20,
11731,1265.0,265,5,928.85,2026-03-07,
11732,1407.0,117,1,476.29,2025-12-14,
11733,800.0,254,3,1873.62,2026-03-10,
11734,1532.0,55,1,856.54,2025-08-23,
11735,1238.0,127,5,3953.1,2025-12-16,
11736,1811.0,246,5,898.55,2025-10-07,
11737,216.0,65,4,2457.36,2026-06-11,
11738,1915.0,169,4,2780.8,2026-01-07,
11739,433.0,25,2,1166.96,2025-11-06,
11740,1533.0,267,4,1109.32,2025-10-16,
11741,1386.0,277,5,689.7,2026-04-17,
11742,1052.0,181,2,1776.16,2025-09-20,
11743,1763.0,188,5,2487.3,2025-09-17,
11744,1050.0,263,4,1163.96,2026-03-23,
11745,1584.0,54,5,489.1,2026-04-16,
11746,1985.0,133,0,466.78,2026-01-08,
11747,811.0,295,4,1667.28,2025-08-17,
11748,1458.0,125,1,204.07,2025-11-27,
11749,1322.0,292,1,294.07,2026-01-28,
11750,486.0,3,4,2486.68,2026-06-11,
11751,583.0,255,5,3631.65,2026-04-27,
11752,1741.0,299,5,2607.35,2026-04-23,
11753,641.0,153,3,2671.89,2025-10-05,
11754,1781.0,237,3,1098.51,2025-09-30,
11755,226.0,159,3,343.77,2025-08-12,
11756,826.0,23,4,579.16,2025-12-04,
11757,1524.0,298,2,967.5,2025-10-31,
11758,790.0,219,2,587.74,2026-03-26,
11759,1340.0,176,3,1298.55,2026-07-22,
11760,1575.0,119,3,1070.37,2026-02-03,
11761,1164.0,232,3,1472.91,2026-04-25,
11762,64.0,56,4,2495.96,2025-08-07,
11763,699.0,133,2,466.78,2026-02-05,
11764,429.0,297,5,2986.25,2026-02-06,
11765,1956.0,265,3,557.31,2025-11-18,
11766,947.0,291,1,336.67,2025-12-24,
11767,746.0,294,4,1952.64,2026-05-08,
11768,923.0,260,3,1278.03,2025-11-21,
11769,1889.0,260,2,852.02,2025-11-28,
11770,854.0,255,3,2178.99,2026-02-07,
11771,775.0,283,1,426.2,2026-05-14,
11772,634.0,245,5,2724.25,2026-05-03,
11773,1387.0,112,3,1410.21,2026-06-07,
11774,1723.0,20,4,3276.16,2025-08-27,
11775,907.0,108,1,697.39,2026-07-06,
11776,954.0,51,4,1104.48,2026-02-27,
11777,1803.0,199,1,80.32,2026-04-25,
11778,1347.0,99,3,1406.79,2026-07-17,
11779,1008.0,14,1,840.21,2026-04-25,
11780,,261,5,644.15,2026-06-01,
11781,321.0,199,5,401.6,2025-09-27,
11782,405.0,77,2,1510.0,2026-07-27,
11783,579.0,257,3,937.02,2026-04-10,
11784,,7,2,1403.44,2026-07-18,
11785,1192.0,97,-4,1014.04,2025-10-20,
11786,1954.0,175,2,1470.96,2025-09-05,
11787,1397.0,284,3,1498.68,2026-01-24,
11788,460.0,23,2,289.58,2026-05-23,
11789,1905.0,45,2,1457.98,2025-08-29,
11790,401.0,202,3,2066.4,2025-11-25,
11791,488.0,82,4,1888.84,2026-01-03,
11792,1657.0,161,3,1109.61,2026-05-21,
11793,1277.0,61,3,1936.41,2025-09-02,
11794,538.0,231,2,1466.6,2026-06-20,
11795,287.0,28,2,980.4,2026-04-01,
11796,549.0,66,2,1613.1,2026-03-15,
11797,154.0,247,4,2489.0,2025-12-14,
11798,1623.0,150,4,2870.6,2026-05-15,
11799,1199.0,169,1,695.2,2025-11-07,
11800,643.0,125,3,612.21,2026-03-16,
11801,1424.0,189,3,1013.1,2025-11-18,
11802,1871.0,232,1,490.97,2026-01-15,
11803,84.0,77,1,755.0,2026-07-11,
11804,964.0,211,1,222.15,2026-06-08,
11805,,129,1,491.91,2026-02-09,
11806,544.0,215,3,915.72,2026-06-13,
11807,562.0,185,5,710.1,2026-01-02,
11808,228.0,241,4,3260.36,2026-01-10,
11809,1129.0,82,1,472.21,2025-09-25,
11810,1899.0,289,2,98.14,2026-07-09,
11811,979.0,48,2,607.18,2026-01-10,
11812,666.0,8,4,3483.96,2025-10-13,
11813,1506.0,16,4,1449.68,2025-11-09,
11814,1856.0,208,1,364.36,2025-12-09,
11815,1781.0,79,2,675.16,2026-05-05,
11816,1330.0,77,5,3775.0,2026-05-26,
11817,747.0,122,1,660.4,2026-03-16,
11818,581.0,198,3,1735.05,2025-12-28,
11819,1424.0,215,5,1526.2,2026-07-29,
11820,1375.0,181,2,1776.16,2025-08-06,
11821,760.0,3,3,1865.01,2025-12-24,
11822,1662.0,190,3,203.13,2025-11-03,
11823,,175,5,3677.4,2025-08-10,
11824,1986.0,27,2,493.78,2025-09-27,
11825,1446.0,209,2,1582.62,2026-05-22,
11826,14.0,171,4,372.44,2026-01-01,
11827,998.0,256,4,690.52,2025-09-02,
11828,1643.0,276,5,1601.3,2026-05-19,
11829,476.0,160,2,901.22,2026-02-28,
11830,840.0,71,4,386.16,2025-11-29,
11831,1482.0,99,5,2344.65,2025-08-11,
11832,1390.0,32,3,-546.63,2025-09-24,
11833,60.0,211,1,222.15,2025-12-28,
11834,,267,2,554.66,2026-02-09,
11835,1159.0,126,4,680.92,2026-06-16,
11836,1942.0,194,2,1377.54,2026-03-08,
11837,36.0,218,5,-1337.85,2026-07-23,
11838,307.0,95,2,853.3,2026-01-26,
11839,910.0,32,5,-911.05,2025-08-07,
11840,1386.0,192,3,1271.82,2025-10-27,
11841,214.0,12,4,3274.24,2026-07-23,
11842,77.0,235,5,4458.0,2026-01-02,
11843,49.0,222,4,1745.24,2026-02-21,
11844,1389.0,35,3,2650.5,2026-01-07,
11845,80.0,56,2,1247.98,2025-08-23,
11846,1197.0,29,2,751.58,2025-12-11,
11847,634.0,107,3,1547.31,2026-07-31,
11848,894.0,17,4,3046.76,2026-06-16,
11849,1869.0,244,2,388.48,2025-08-25,
11850,374.0,59,4,249.16,2026-01-04,
11851,1330.0,38,5,4008.9,2025-11-04,
11852,,100,2,234.88,2025-08-21,
11853,1505.0,119,5,1783.95,2026-01-05,
11854,323.0,38,5,4008.9,2026-01-05,
11855,1604.0,296,4,1192.92,2025-11-05,
11856,6.0,76,1,700.29,2026-01-20,
11857,51.0,173,2,1549.72,2026-06-23,
11858,327.0,246,1,179.71,2025-08-08,
11859,87.0,89,4,411.04,2025-12-27,
11860,258.0,29,-5,1878.95,2025-08-22,
11861,478.0,75,5,3975.25,2025-09-24,
11862,1534.0,238,4,2350.4,2026-05-15,
11863,930.0,144,2,252.94,2026-02-27,
11864,586.0,28,3,1470.6,2026-07-15,
11865,1006.0,287,3,-153.66,2026-04-10,
11866,1821.0,278,5,3131.35,2025-09-08,
11867,1825.0,228,2,1213.96,2026-04-13,
11868,128.0,281,2,319.38,2026-04-07,
11869,309.0,205,2,748.08,2026-01-18,
11870,1702.0,82,5,2361.05,2025-11-16,
11871,343.0,14,1,840.21,2026-06-26,
11872,1134.0,216,5,2203.8,2025-08-08,
11873,530.0,28,3,1470.6,2026-04-04,
11874,749.0,213,4,1524.4,2026-03-04,
11875,664.0,258,5,4254.75,2026-03-21,
11876,1006.0,71,3,289.62,2025-09-20,
11877,1730.0,210,1,452.28,2025-08-09,
11878,1677.0,291,0,1346.68,2026-07-04,
11879,1815.0,10,4,3166.96,2025-10-28,
11880,319.0,136,4,2132.76,2026-03-20,
11881,363.0,132,3,616.05,2025-08-22,
11882,,186,4,2663.84,2026-10-01,
11883,954.0,232,5,2454.85,2025-09-19,
11884,1014.0,129,4,1967.64,2025-10-08,
11885,535.0,281,5,798.45,2025-08-27,
11886,8.0,8,4,3483.96,2026-06-13,
11887,652.0,140,4,3008.16,2026-05-19,
11888,939.0,246,4,718.84,2025-11-05,
11889,177.0,28,4,1960.8,2026-04-10,
11890,1053.0,73,5,738.9,2025-08-16,
11891,930.0,257,5,1561.7,2025-09-29,
11892,628.0,79,5,1687.9,2025-12-24,
11893,1070.0,80,4,1022.08,2025-09-26,
11894,280.0,32,5,-911.05,2025-08-14,
11895,1831.0,263,2,581.98,2026-03-29,
11896,1449.0,206,1,596.17,2025-11-14,
11897,245.0,194,3,2066.31,2025-12-14,
11898,3.0,225,1,697.33,2025-10-05,
11899,1773.0,175,2,1470.96,2026-04-29,
11900,1322.0,253,1,346.0,2025-10-21,
11901,69.0,265,4,743.08,2026-05-30,
11902,1493.0,172,0,2130.08,2026-01-30,
11903,1056.0,204,5,2618.25,2026-05-25,
11904,153.0,6,2,1246.68,2025-12-27,
11905,626.0,206,4,2384.68,2026-03-13,
11906,1717.0,242,5,400.2,2026-02-02,
11907,296.0,189,1,337.7,2026-05-02,
11908,1073.0,239,5,3834.9,2026-03-25,
11909,1803.0,98,-1,203.26,2025-12-25,
11910,274.0,90,3,1192.29,2025-11-02,
11911,,286,3,402.18,2026-07-04,
11912,171.0,192,3,1271.82,2025-09-17,
11913,174.0,205,1,374.04,2026-03-16,
11914,176.0,296,5,1491.15,2026-04-14,
11915,1140.0,285,3,2160.06,2026-06-21,
11916,902.0,11,5,1425.75,2025-10-16,
11917,966.0,2,1,660.22,2026-01-04,
11918,1597.0,1,5,863.3,2025-08-21,
11919,1787.0,205,4,1496.16,2025-08-24,
11920,350.0,53,3,2309.58,2026-04-04,
11921,958.0,21,4,3032.28,2026-05-10,
11922,966.0,53,1,769.86,2026-02-28,
11923,584.0,147,1,595.47,2026-01-19,
11924,870.0,116,2,1783.86,2025-08-21,
11925,764.0,281,0,798.45,2025-09-25,
11926,777.0,227,5,2374.65,2026-07-06,
11927,1328.0,232,2,981.94,2026-01-31,
11928,171.0,151,4,3176.0,2025-12-18,
11929,1996.0,28,3,1470.6,2026-07-27,
11930,72.0,35,1,883.5,2026-06-17,
11931,105.0,293,1,339.56,2026-02-12,
11932,1670.0,241,1,815.09,2026-08-02,
11933,,55,4,3426.16,2025-11-27,
11934,1488.0,186,1,665.96,2026-04-18,
11935,763.0,91,1,561.73,2025-12-07,
11936,713.0,25,2,1166.96,2025-11-13,
11937,970.0,148,5,2501.15,2026-06-16,
11938,1441.0,84,2,1529.16,2025-11-19,
11939,168.0,90,1,397.43,2026-04-06,
11940,1270.0,7,2,1403.44,2026-03-22,
11941,1853.0,241,3,2445.27,2025-09-27,
11942,1328.0,243,3,2440.23,2025-08-22,
11943,1311.0,236,3,1806.63,2025-12-06,
11944,865.0,118,5,3247.6,2025-11-24,
11945,1776.0,165,5,3168.25,2026-05-22,
11946,522.0,232,3,1472.91,2026-03-09,
11947,310.0,86,3,2098.74,2026-03-27,
11948,1564.0,197,5,1978.3,2025-11-22,
11949,116.0,133,2,466.78,2026-05-01,
11950,829.0,145,1,389.94,2025-11-23,
11951,716.0,146,1,690.08,2026-07-30,
11952,598.0,109,4,602.6,2025-12-10,
11953,191.0,21,3,2274.21,2025-10-31,
11954,940.0,97,2,507.02,2026-02-20,
11955,1617.0,118,4,2598.08,2025-09-09,
11956,1519.0,217,4,1435.24,2025-09-22,
11957,917.0,294,5,2440.8,2026-03-09,
11958,236.0,195,5,1206.9,2025-08-11,
11959,1716.0,193,1,385.95,2026-04-06,
11960,704.0,272,3,983.61,2026-03-10,
11961,1656.0,255,1,726.33,2025-09-20,
11962,1227.0,235,3,2674.8,2026-05-10,
11963,1067.0,24,3,282.03,2026-03-05,
11964,1482.0,153,5,4453.15,2026-03-24,
11965,1043.0,201,5,1955.5,2026-01-03,
11966,559.0,41,3,2344.32,2025-12-18,
11967,120.0,18,5,364.7,2026-04-06,
11968,1031.0,109,3,451.95,2025-12-19,
11969,581.0,206,2,1192.34,2026-02-26,
11970,910.0,24,3,282.03,2025-10-26,
11971,678.0,131,3,1863.75,2025-11-23,
11972,1265.0,14,5,4201.05,2026-07-15,
11973,895.0,296,5,1491.15,2026-06-26,
11974,530.0,108,2,1394.78,2026-06-29,
11975,650.0,192,2,847.88,2025-11-22,
11976,1509.0,75,4,3180.2,2026-05-27,
11977,1846.0,56,-1,623.99,2025-12-11,
11978,1417.0,60,1,825.65,2026-01-06,
11979,762.0,30,5,4418.45,2026-01-09,
11980,513.0,37,5,359.05,2025-10-04,
11981,1838.0,211,4,888.6,2026-07-07,
11982,1135.0,262,5,2766.8,2025-10-09,
11983,456.0,165,5,3168.25,2026-03-24,
11984,498.0,85,1,-28.37,2026-06-09,
11985,844.0,183,5,1810.2,2026-04-28,
11986,1364.0,61,5,3227.35,2025-12-27,
11987,1677.0,108,1,697.39,2025-10-02,
11988,1333.0,233,2,1482.16,2025-09-21,
11989,18.0,141,5,790.25,2026-02-12,
11990,303.0,21,2,1516.14,2026-04-01,
11991,318.0,215,3,915.72,2026-02-13,
11992,1983.0,178,5,1902.6,2025-08-25,
11993,18.0,254,2,1249.08,2025-12-05,
11994,,172,3,1597.56,2026-05-03,
11995,1685.0,280,2,1509.8,2026-01-10,
11996,1782.0,295,5,2084.1,2025-12-30,
11997,1771.0,248,5,3449.1,2025-08-09,
11998,289.0,53,5,3849.3,2025-11-04,
11999,964.0,33,3,464.19,2026-10-22,
12000,1493.0,131,5,3106.25,2026-01-10,
12001,916.0,277,3,413.82,2025-09-13,
12002,11.0,157,4,208.44,2026-06-15,
12003,1196.0,151,2,1588.0,2026-01-15,
12004,1963.0,127,4,3162.48,2026-06-27,
12005,1477.0,54,4,391.28,2025-09-28,
12006,1398.0,281,3,479.07,2025-12-03,
12007,166.0,243,2,1626.82,2026-03-03,
12008,161.0,135,4,-138.4,2026-01-16,
12009,1023.0,235,2,1783.2,2025-08-16,
12010,98.0,173,5,3874.3,2026-01-25,
12011,1640.0,139,3,1812.42,2025-08-09,
12012,1705.0,74,5,2134.9,2025-11-28,
12013,914.0,93,4,2776.68,2026-01-26,
12014,,220,5,1833.3,2026-07-06,
12015,1330.0,258,5,4254.75,2026-04-10,
12016,,233,5,3705.4,2025-10-03,
12017,1927.0,269,4,2202.68,2026-05-26,
12018,601.0,241,3,2445.27,2026-01-15,
12019,1051.0,143,3,255.42,2026-07-21,
12020,1554.0,133,4,933.56,2026-07-28,
12021,483.0,151,1,794.0,2026-01-09,
12022,237.0,143,1,85.14,2025-08-11,
12023,1418.0,70,5,2209.85,2025-09-24,
12024,1824.0,110,4,2894.44,2025-10-20,
12025,1972.0,2,3,1980.66,2025-12-20,
12026,1425.0,223,2,1318.94,2026-06-11,
12027,1359.0,233,3,2223.24,2025-08-29,
12028,428.0,33,5,773.65,2026-10-30,
12029,1835.0,129,4,1967.64,2026-02-16,
12030,1235.0,128,5,2430.35,2025-12-24,
12031,314.0,14,1,840.21,2025-08-15,
12032,587.0,143,5,425.7,2025-09-01,
12033,1238.0,151,4,3176.0,2025-12-28,
12034,1473.0,125,4,816.28,2025-10-21,
12035,244.0,179,4,2149.4,2026-04-26,
12036,839.0,36,3,2213.67,2025-08-06,
12037,279.0,284,4,1998.24,2025-08-31,
12038,1778.0,68,2,1774.42,2026-01-23,
12039,58.0,32,4,-728.84,2025-11-02,
12040,1257.0,215,3,915.72,2026-04-25,
12041,62.0,130,5,4122.15,2026-05-13,
12042,210.0,162,2,599.34,2026-04-08,
12043,269.0,194,1,688.77,2025-09-09,
12044,1302.0,67,4,2890.32,2026-01-16,
12045,509.0,154,2,1609.52,2026-02-14,
12046,1715.0,28,2,980.4,2026-06-15,
12047,1656.0,226,2,196.9,2025-09-10,
12048,1100.0,252,1,713.85,2025-12-05,
12049,583.0,212,2,-618.5,2026-01-16,
12050,1787.0,153,4,3562.52,2025-08-25,
12051,386.0,181,4,3552.32,2026-11-02,
12052,267.0,33,1,154.73,2026-02-25,
12053,1114.0,40,2,142.98,2026-01-22,
12054,1116.0,8,4,3483.96,2026-03-15,
12055,1852.0,96,5,1447.9,2025-08-29,
12056,1553.0,250,5,2079.5,2025-12-28,
12057,853.0,25,4,2333.92,2025-09-24,
12058,1428.0,40,3,214.47,2025-10-13,
12059,1276.0,153,3,2671.89,2025-11-12,
12060,1052.0,262,3,1660.08,2025-11-30,
12061,475.0,206,4,2384.68,2025-09-03,
12062,668.0,182,4,1566.52,2025-10-25,
12063,1071.0,152,1,838.47,2025-11-08,
12064,1288.0,15,2,943.46,2026-03-22,
12065,361.0,283,5,2131.0,2025-12-09,
12066,156.0,174,2,1313.1,2025-12-02,
12067,1444.0,88,5,2276.65,2026-01-23,
12068,887.0,277,4,551.76,2026-03-13,
12069,1867.0,300,1,581.59,2025-11-16,
12070,559.0,162,5,1498.35,2025-08-26,
12071,1889.0,200,5,3578.95,2026-05-07,
12072,360.0,270,3,469.56,2025-12-28,
12073,1824.0,275,5,3359.95,2025-11-15,
12074,587.0,81,5,2887.6,2026-05-16,
12075,673.0,230,1,500.73,2026-05-21,
12076,497.0,79,1,337.58,2025-12-24,
12077,1720.0,41,2,1562.88,2025-10-27,
12078,1107.0,86,5,3497.9,2025-09-11,
12079,187.0,285,4,2880.08,2026-04-26,
12080,1528.0,86,2,1399.16,2026-06-16,
12081,426.0,82,1,472.21,2025-12-07,
12082,1072.0,222,4,1745.24,2026-05-01,
12083,260.0,224,3,1471.77,2026-08-04,
12084,1117.0,227,4,1899.72,2026-07-27,
12085,876.0,200,2,1431.58,2026-02-02,
12086,382.0,278,3,1878.81,2026-03-19,
12087,1084.0,242,2,160.08,2025-08-26,
12088,60.0,237,4,1464.68,2025-12-07,
12089,13.0,125,2,408.14,2026-05-12,
12090,920.0,259,4,511.68,2026-01-30,
12091,1703.0,288,2,1742.92,2025-09-21,
12092,1987.0,138,4,1149.44,2026-03-15,
12093,833.0,41,1,781.44,2026-08-02,
12094,467.0,94,5,1572.2,2026-05-17,
12095,1307.0,114,3,504.27,2025-09-05,
12096,984.0,178,3,1141.56,2026-05-26,
12097,1825.0,125,3,612.21,2026-04-11,
12098,396.0,218,2,-535.14,2026-08-02,
12099,1024.0,67,4,2890.32,2026-02-24,
12100,522.0,19,1,692.6,2026-04-09,
12101,696.0,170,2,988.46,2026-03-16,
12102,1446.0,272,3,983.61,2026-02-27,
12103,448.0,300,4,2326.36,2026-01-06,
12104,1590.0,32,2,-364.42,2026-01-20,
12105,1527.0,237,2,732.34,2026-05-20,
12106,1128.0,65,2,1228.68,2026-08-03,
12107,1890.0,177,4,2474.32,2025-11-29,
12108,1453.0,12,3,2455.68,2026-06-30,
12109,86.0,84,3,2293.74,2026-05-11,
12110,701.0,79,3,1012.74,2026-01-09,
12111,1861.0,173,3,2324.58,2026-03-18,
12112,1237.0,211,5,1110.75,2025-10-27,
12113,1630.0,115,0,4204.9,2026-01-18,
12114,1330.0,231,4,2933.2,2025-12-11,
12115,214.0,20,3,2457.12,2026-01-02,
12116,977.0,54,4,391.28,2026-07-14,
12117,1749.0,286,5,670.3,2026-10-21,
12118,1616.0,36,3,2213.67,2026-03-08,
12119,1306.0,299,4,2085.88,2025-11-04,
12120,1781.0,147,4,2381.88,2026-08-09,
12121,1081.0,236,2,1204.42,2026-07-13,
12122,779.0,201,3,1173.3,2025-12-08,
12123,1975.0,6,3,1870.02,2026-05-09,
12124,1375.0,143,5,425.7,2026-03-28,
12125,1023.0,136,4,2132.76,2026-02-13,
12126,384.0,117,2,952.58,2025-11-15,
12127,1737.0,92,5,3357.05,2026-04-05,
12128,581.0,37,2,143.62,2026-04-22,
12129,677.0,279,5,4254.8,2026-03-10,
12130,953.0,181,5,4440.4,2026-01-30,
12131,22.0,225,1,697.33,2026-01-05,
12132,490.0,217,2,717.62,2026-03-05,
12133,1194.0,135,3,-103.8,2025-08-07,
12134,864.0,143,2,170.28,2025-12-28,
12135,1000.0,141,1,158.05,2026-04-28,
12136,1303.0,212,1,-309.25,2026-02-03,
12137,662.0,285,5,3600.1,2025-08-24,
12138,175.0,106,1,84.0,2026-05-31,
12139,462.0,66,1,806.55,2025-10-16,
12140,1048.0,126,5,851.15,2025-11-07,
12141,495.0,15,1,471.73,2026-05-21,
12142,187.0,259,4,511.68,2026-05-01,
12143,1115.0,193,2,771.9,2026-02-06,
12144,729.0,115,2,1681.96,2026-08-22,
12145,1280.0,218,5,-1337.85,2026-02-05,
12146,1825.0,28,3,1470.6,2026-06-12,
12147,79.0,281,1,159.69,2026-05-15,
12148,1939.0,277,1,137.94,2025-09-08,
12149,1677.0,60,3,2476.95,2026-03-03,
12150,937.0,112,2,940.14,2025-11-16,
12151,668.0,144,2,252.94,2025-11-07,
12152,44.0,207,4,2002.6,2026-07-03,
12153,1006.0,67,4,2890.32,2025-08-07,
12154,1571.0,85,5,-141.85,2026-06-13,
12155,653.0,236,1,602.21,2026-04-11,
12156,1246.0,196,3,731.22,2025-09-12,
12157,754.0,221,5,1306.5,2026-03-11,
12158,1368.0,237,5,1830.85,2025-10-16,
12159,1968.0,152,3,2515.41,2025-10-07,
12160,1164.0,254,3,1873.62,2025-08-14,
12161,1168.0,176,-5,2164.25,2026-03-27,
12162,53.0,190,3,203.13,2025-12-22,
12163,1837.0,176,3,1298.55,2026-01-19,
12164,275.0,123,4,1963.36,2026-02-10,
12165,908.0,289,1,49.07,2025-11-06,
12166,1053.0,59,3,186.87,2025-10-28,
12167,1839.0,187,3,2644.5,2025-10-17,
12168,460.0,39,5,4453.25,2026-07-01,
12169,1413.0,177,2,1237.16,2026-06-18,
12170,1514.0,161,2,739.74,2025-09-29,
12171,1657.0,188,2,994.92,2026-04-30,
12172,1832.0,32,4,-728.84,2026-05-06,
12173,336.0,272,5,1639.35,2026-03-27,
12174,1332.0,39,4,3562.6,2026-05-03,
12175,1790.0,161,1,369.87,2026-02-07,
12176,1289.0,35,5,4417.5,2025-10-26,
12177,614.0,95,1,426.65,2026-06-06,
12178,605.0,192,4,1695.76,2026-04-27,
12179,306.0,152,3,2515.41,2025-09-25,
12180,83.0,31,2,694.2,2025-10-25,
12181,1292.0,70,4,1767.88,2026-03-12,
12182,1806.0,198,5,2891.75,2026-07-05,
12183,415.0,135,4,-138.4,2026-01-09,
12184,1497.0,14,5,4201.05,2025-11-25,
12185,615.0,281,2,319.38,2025-11-13,
12186,1685.0,30,2,1767.38,2025-08-20,
12187,353.0,186,2,1331.92,2025-10-16,
12188,1512.0,47,2,632.48,2026-07-08,
12189,20.0,146,3,2070.24,2026-03-10,
12190,411.0,89,5,513.8,2026-07-28,
12191,594.0,224,2,981.18,2025-09-25,
12192,514.0,12,5,4092.8,2025-12-08,
12193,1633.0,47,2,632.48,2025-11-06,
12194,1846.0,46,5,2790.55,2026-05-28,
12195,1472.0,20,3,2457.12,2025-10-07,
12196,980.0,85,3,-85.11,2026-06-17,
12197,1194.0,293,3,1018.68,2026-01-05,
12198,1449.0,291,1,336.67,2026-08-03,
12199,1895.0,14,-3,2520.63,2026-06-13,
12200,,245,5,2724.25,2026-07-18,
12201,280.0,130,1,824.43,2026-01-30,
12202,666.0,122,2,1320.8,2025-12-29,
12203,17.0,155,4,1098.56,2026-04-01,
12204,1844.0,45,5,3644.95,2026-07-04,
12205,418.0,45,1,728.99,2026-03-23,
12206,537.0,155,2,549.28,2026-04-15,
12207,969.0,258,3,2552.85,2025-10-16,
12208,439.0,36,2,1475.78,2025-11-13,
12209,1828.0,222,2,872.62,2025-10-08,
12210,1120.0,237,4,1464.68,2026-01-22,
12211,381.0,213,1,381.1,2026-02-04,
12212,595.0,253,2,692.0,2026-07-27,
12213,1573.0,66,1,806.55,2025-11-04,
12214,54.0,60,2,1651.3,2026-04-03,
12215,177.0,85,0,-141.85,2026-08-02,
12216,172.0,105,5,3484.6,2026-05-07,
12217,189.0,115,1,840.98,2025-10-05,
12218,1760.0,149,5,3993.65,2026-10-23,
12219,71.0,157,5,260.55,2026-05-11,
12220,1077.0,84,5,3822.9,2026-02-28,
12221,1117.0,26,5,1452.45,2026-07-07,
12222,1185.0,271,1,763.79,2025-12-14,
12223,619.0,195,4,965.52,2026-04-15,
12224,386.0,185,2,284.04,2025-09-28,
12225,221.0,60,5,4128.25,2025-08-23,
12226,,295,5,2084.1,2025-09-27,
12227,144.0,263,2,581.98,2025-11-05,
12228,658.0,112,2,940.14,2026-04-28,
12229,1490.0,201,5,1955.5,2025-10-14,
12230,906.0,106,1,84.0,2025-08-13,
12231,1558.0,78,2,363.22,2026-03-16,
12232,1002.0,221,4,1045.2,2025-09-10,
12233,1995.0,28,3,1470.6,2025-11-10,
12234,175.0,36,4,2951.56,2026-04-29,
12235,1415.0,6,2,1246.68,2025-08-05,
12236,189.0,281,5,798.45,2025-08-30,
12237,1625.0,59,5,311.45,2026-01-16,
12238,74.0,246,3,539.13,2026-04-01,
12239,230.0,165,1,633.65,2025-10-17,
12240,1601.0,123,2,981.68,2025-11-01,
12241,1564.0,82,1,472.21,2026-05-27,
12242,1952.0,128,3,1458.21,2026-06-11,
12243,754.0,135,5,-173.0,2025-10-12,
12244,1963.0,221,1,261.3,2026-02-21,
12245,525.0,253,1,346.0,2025-11-21,
12246,1577.0,266,4,1856.36,2025-11-26,
12247,119.0,201,3,1173.3,2025-09-27,
12248,711.0,254,4,2498.16,2025-10-26,
12249,1449.0,79,-3,1012.74,2025-11-28,
12250,464.0,236,2,1204.42,2026-02-13,
12251,1549.0,39,4,3562.6,2026-04-18,
12252,808.0,107,1,515.77,2025-09-01,
12253,1357.0,14,2,1680.42,2026-03-27,
12254,1492.0,255,5,3631.65,2026-03-22,
12255,1336.0,40,1,71.49,2026-02-24,
12256,1579.0,29,3,1127.37,2025-10-02,
12257,1955.0,226,1,98.45,2026-07-16,
12258,1254.0,97,5,1267.55,2026-03-29,
12259,124.0,195,2,482.76,2025-08-08,
12260,1782.0,218,4,-1070.28,2026-06-11,
12261,28.0,237,1,366.17,2026-04-23,
12262,1245.0,177,5,3092.9,2026-02-08,
12263,1872.0,144,4,505.88,2025-12-11,
12264,1406.0,204,4,2094.6,2026-06-19,
12265,1569.0,126,2,340.46,2025-12-07,
12266,1414.0,127,2,1581.24,2026-10-05,
12267,60.0,237,1,366.17,2025-09-06,
12268,1521.0,253,1,346.0,2025-12-10,
12269,1677.0,163,5,3010.85,2026-06-28,
12270,1188.0,5,1,306.14,2025-11-17,
12271,562.0,254,1,624.54,2026-04-29,
12272,862.0,25,5,2917.4,2025-12-15,
12273,374.0,102,2,163.7,2025-09-23,
12274,442.0,111,3,2067.81,2026-07-19,
12275,692.0,16,4,1449.68,2026-01-03,
12276,601.0,274,4,771.08,2025-08-27,
12277,1421.0,147,5,2977.35,2026-07-26,
12278,395.0,270,5,782.6,2026-07-30,
12279,959.0,88,2,910.66,2026-01-23,
12280,1500.0,172,5,2662.6,2025-12-08,
12281,1010.0,3,5,3108.35,2026-01-21,
12282,1075.0,96,2,579.16,2026-03-13,
12283,1718.0,167,5,2156.4,2026-04-29,
12284,1128.0,73,3,443.34,2026-03-29,
12285,730.0,173,3,2324.58,2026-04-03,
12286,434.0,162,1,299.67,2025-08-31,
12287,1956.0,59,5,311.45,2025-10-22,
12288,1974.0,216,1,440.76,2026-03-07,
12289,1064.0,110,3,2170.83,2025-10-29,
12290,878.0,85,2,-56.74,2025-09-22,
12291,1149.0,254,5,3122.7,2025-08-16,
12292,1455.0,106,5,420.0,2025-08-06,
12293,812.0,251,2,1746.54,2026-05-10,
12294,298.0,289,2,98.14,2026-06-24,
12295,35.0,124,5,3733.15,2026-01-04,
12296,1424.0,17,3,2285.07,2026-06-07,
12297,523.0,121,4,1073.44,2025-11-23,
12298,1063.0,225,3,2091.99,2025-11-08,
12299,,160,4,1802.44,2025-10-26,
12300,883.0,141,5,790.25,2026-04-23,
12301,202.0,246,3,539.13,2025-10-04,
12302,1006.0,202,2,1377.6,2025-10-15,
12303,80.0,46,2,1116.22,2026-06-01,
12304,217.0,205,2,748.08,2026-05-26,
12305,707.0,235,3,2674.8,2026-01-19,
12306,906.0,87,5,2341.55,2026-04-04,
12307,77.0,247,4,2489.0,2026-05-13,
12308,734.0,63,3,470.19,2026-06-03,
12309,10.0,263,3,872.97,2025-10-02,
12310,228.0,263,1,290.99,2026-07-25,
12311,1637.0,138,3,862.08,2025-09-23,
12312,900.0,41,3,2344.32,2026-02-12,
12313,231.0,92,5,3357.05,2026-01-26,
12314,,160,2,901.22,2026-02-02,
12315,149.0,195,1,241.38,2026-02-02,
12316,781.0,213,5,1905.5,2025-10-28,
12317,629.0,61,1,645.47,2025-10-23,
12318,1761.0,198,1,578.35,2026-08-04,
12319,156.0,102,4,327.4,2025-09-03,
12320,1245.0,46,5,2790.55,2026-01-12,
12321,1533.0,86,4,2798.32,2026-07-15,
12322,700.0,12,3,2455.68,2026-05-13,
12323,777.0,174,3,1969.65,2026-02-17,
12324,360.0,180,3,1926.99,2026-05-03,
12325,1987.0,204,5,2618.25,2025-08-18,
12326,1038.0,127,4,3162.48,2026-01-06,
12327,1024.0,131,2,1242.5,2026-01-08,
12328,547.0,232,1,490.97,2026-07-31,
12329,595.0,14,2,1680.42,2025-11-29,
12330,576.0,140,3,2256.12,2026-05-15,
12331,726.0,174,5,3282.75,2026-02-06,
12332,59.0,211,4,888.6,2025-08-15,
12333,15.0,5,2,612.28,2026-07-30,
12334,1231.0,45,1,728.99,2026-06-12,
12335,312.0,212,2,-618.5,2026-01-24,
12336,1959.0,255,2,1452.66,2025-08-06,
12337,771.0,113,5,3268.45,2025-10-24,
12338,1407.0,242,3,240.12,2026-03-09,
12339,1335.0,65,1,614.34,2025-12-23,
12340,800.0,228,2,1213.96,2025-08-25,
12341,1096.0,272,2,655.74,2025-11-05,
12342,1930.0,189,1,337.7,2025-12-29,
12343,1716.0,298,3,1451.25,2026-06-10,
12344,1618.0,231,1,733.3,2025-08-18,
12345,530.0,300,2,1163.18,2025-12-13,
12346,1175.0,16,5,1812.1,2026-03-31,
12347,1399.0,44,4,1866.92,2025-12-04,
12348,1114.0,185,1,142.02,2025-10-09,
12349,388.0,59,1,62.29,2026-04-04,
12350,1754.0,211,3,666.45,2026-02-16,
12351,564.0,10,2,1583.48,2026-06-10,
12352,1151.0,271,3,2291.37,2025-12-01,
12353,1786.0,140,2,1504.08,2025-09-26,
12354,70.0,243,4,3253.64,2026-10-03,
12355,354.0,8,4,3483.96,2025-11-24,
12356,678.0,250,5,2079.5,2025-09-06,
12357,1795.0,296,3,894.69,2026-05-14,
12358,1662.0,64,3,2438.58,2026-06-21,
12359,1956.0,93,5,3470.85,2025-08-19,
12360,584.0,182,3,1174.89,2026-04-10,
12361,1180.0,199,4,321.28,2026-02-04,
12362,284.0,169,3,2085.6,2026-06-08,
12363,1726.0,44,4,1866.92,2026-05-06,
12364,268.0,182,4,1566.52,2025-11-28,
12365,346.0,244,3,582.72,2026-05-14,
12366,1981.0,257,1,312.34,2025-08-25,
12367,850.0,7,1,701.72,2025-09-25,
12368,420.0,35,4,3534.0,2026-07-19,
12369,945.0,139,3,1812.42,2026-02-13,
12370,1428.0,297,3,1791.75,2025-11-17,
12371,378.0,164,5,2201.2,2025-08-12,
12372,1381.0,120,3,2175.63,2026-04-24,
12373,1458.0,61,4,2581.88,2026-04-13,
12374,467.0,109,5,753.25,2026-07-08,
12375,571.0,84,4,3058.32,2026-01-20,
12376,,264,5,2659.45,2026-02-04,
12377,109.0,47,-1,316.24,2026-06-04,
12378,27.0,47,4,1264.96,2026-05-26,
12379,1979.0,239,5,3834.9,2025-12-25,
12380,1399.0,53,2,1539.72,2026-02-17,
12381,,146,3,2070.24,2025-10-08,
12382,1511.0,208,1,364.36,2026-01-18,
12383,1754.0,123,1,490.84,2026-01-28,
12384,618.0,139,5,3020.7,2026-01-15,
12385,185.0,287,3,-153.66,2025-09-27,
12386,1282.0,148,2,1000.46,2025-12-27,
12387,1462.0,126,3,510.69,2026-03-14,
12388,1613.0,180,2,1284.66,2026-07-30,
12389,1311.0,278,2,1252.54,2025-08-05,
12390,347.0,110,4,2894.44,2026-06-27,
12391,1461.0,274,4,771.08,2026-07-30,
12392,1349.0,184,4,1452.24,2026-01-18,
12393,1137.0,252,5,3569.25,2026-06-23,
12394,99.0,64,2,1625.72,2025-10-06,
12395,1814.0,71,4,386.16,2025-08-10,
12396,561.0,167,4,1725.12,2026-06-28,
12397,197.0,234,4,1443.28,2025-08-20,
12398,1061.0,43,3,2037.72,2025-11-08,
12399,1810.0,287,2,-102.44,2026-05-06,
12400,1773.0,34,5,3698.1,2026-01-09,
12401,1383.0,240,1,809.52,2025-10-18,
12402,569.0,268,5,1752.85,2026-06-13,
12403,999.0,38,1,801.78,2026-02-18,
12404,238.0,296,1,298.23,2026-04-19,
12405,156.0,214,1,706.94,2025-12-21,
12406,528.0,154,-4,3219.04,2026-04-08,
12407,1460.0,131,4,2485.0,2026-06-29,
12408,1194.0,42,1,274.97,2026-06-09,
12409,124.0,259,2,255.84,2026-06-15,
12410,744.0,296,4,1192.92,2026-01-08,
12411,1499.0,156,2,1337.52,2026-07-13,
12412,436.0,155,4,1098.56,2026-06-09,
12413,1758.0,265,5,928.85,2025-11-14,
12414,494.0,173,2,1549.72,2026-01-11,
12415,1988.0,255,4,2905.32,2026-05-15,
12416,1382.0,150,5,3588.25,2025-09-01,
12417,10.0,254,4,2498.16,2025-11-22,
12418,1148.0,29,4,1503.16,2026-03-15,
12419,1296.0,287,1,-51.22,2026-01-25,
12420,497.0,76,3,2100.87,2025-11-16,
12421,1908.0,89,3,308.28,2025-12-05,
12422,178.0,49,2,366.62,2026-03-24,
12423,1128.0,285,1,720.02,2026-02-09,
12424,832.0,84,2,1529.16,2026-04-12,
12425,1990.0,248,5,3449.1,2026-03-20,
12426,1259.0,300,1,581.59,2025-10-25,
12427,844.0,210,4,1809.12,2025-09-14,
12428,1109.0,10,2,1583.48,2026-02-24,
12429,1865.0,221,3,783.9,2026-07-30,
12430,441.0,105,5,3484.6,2025-10-28,
12431,941.0,293,3,1018.68,2026-03-20,
12432,630.0,33,4,618.92,2026-05-03,
12433,274.0,207,5,2503.25,2026-05-31,
12434,1699.0,56,1,623.99,2026-03-14,
12435,1399.0,8,2,1741.98,2026-04-25,
12436,1704.0,242,1,80.04,2026-02-09,
12437,96.0,11,4,1140.6,2026-05-22,
12438,1066.0,126,4,680.92,2026-03-16,
12439,,32,5,-911.05,2026-06-26,
12440,1883.0,263,4,1163.96,2026-03-03,
12441,461.0,223,5,3297.35,2026-05-06,
12442,1022.0,85,1,-28.37,2025-11-20,
12443,1975.0,18,5,364.7,2026-06-28,
12444,560.0,264,2,1063.78,2026-03-25,
12445,1217.0,259,3,383.76,2026-06-07,
12446,1008.0,80,4,1022.08,2025-09-04,
12447,902.0,156,5,3343.8,2025-11-13,
12448,1261.0,210,2,904.56,2026-03-25,
12449,122.0,210,3,1356.84,2026-07-25,
12450,1379.0,244,-3,582.72,2026-05-06,
12451,809.0,138,3,862.08,2026-02-17,
12452,273.0,163,4,2408.68,2026-01-17,
12453,810.0,219,4,1175.48,2025-08-18,
12454,184.0,185,3,426.06,2026-03-21,
12455,,262,2,1106.72,2026-05-19,
12456,1201.0,53,4,3079.44,2026-04-02,
12457,977.0,139,4,2416.56,2026-07-16,
12458,8.0,296,3,894.69,2025-12-05,
12459,630.0,21,2,1516.14,2026-06-17,
12460,1546.0,171,2,186.22,2025-12-04,
12461,381.0,77,1,755.0,2025-08-10,
12462,814.0,224,2,981.18,2026-07-07,
12463,,116,1,891.93,2025-11-22,
12464,1359.0,65,4,2457.36,2026-03-24,
12465,352.0,131,3,1863.75,2026-05-04,
12466,457.0,191,4,987.88,2026-06-11,
12467,1253.0,124,1,746.63,2026-04-19,
12468,1544.0,17,4,3046.76,2025-10-24,
12469,1501.0,133,1,233.39,2025-09-29,
12470,687.0,196,2,487.48,2026-06-20,
12471,1055.0,45,4,2915.96,2026-01-13,
12472,1326.0,176,2,865.7,2026-06-02,
12473,,77,3,2265.0,2026-07-09,
12474,754.0,205,4,1496.16,2026-01-21,
12475,702.0,63,2,313.46,2025-11-28,
12476,988.0,286,2,268.12,2025-10-28,
12477,51.0,295,5,2084.1,2025-09-23,
12478,1722.0,32,3,-546.63,2025-09-25,
12479,1482.0,108,4,2789.56,2026-05-21,
12480,1907.0,209,5,3956.55,2025-10-30,
12481,279.0,107,2,1031.54,2026-03-22,
12482,473.0,253,4,1384.0,2025-11-12,
12483,266.0,112,3,1410.21,2026-07-17,
12484,1933.0,77,5,3775.0,2025-12-30,
12485,327.0,182,4,1566.52,2025-09-13,
12486,954.0,267,2,554.66,2025-09-24,
12487,1019.0,72,2,984.2,2025-09-13,
12488,691.0,91,2,1123.46,2025-10-04,
12489,209.0,297,2,1194.5,2026-05-11,
12490,1659.0,19,2,1385.2,2026-03-05,
12491,1689.0,118,4,2598.08,2026-03-20,
12492,1113.0,28,1,490.2,2026-05-05,
12493,292.0,300,3,1744.77,2026-08-02,
12494,1917.0,107,3,1547.31,2026-07-12,
12495,1522.0,18,2,145.88,2026-02-28,
12496,548.0,229,1,50.19,2026-06-13,
12497,478.0,102,2,163.7,2026-04-14,
12498,1295.0,101,1,871.35,2025-09-02,
12499,432.0,276,5,1601.3,2026-04-18,
12500,752.0,274,3,578.31,2026-07-07,
12501,262.0,205,1,374.04,2026-07-24,
12502,1825.0,185,4,568.08,2025-09-14,
12503,552.0,281,1,159.69,2025-12-10,
12504,901.0,238,2,1175.2,2026-04-01,
12505,1073.0,52,5,1762.25,2025-11-24,
12506,978.0,191,1,246.97,2026-03-11,
12507,1350.0,216,5,2203.8,2026-08-02,
12508,34.0,198,5,2891.75,2025-12-14,
12509,757.0,198,3,1735.05,2025-11-01,
12510,620.0,183,3,1086.12,2025-11-10,
12511,753.0,74,1,426.98,2026-09-25,
12512,1622.0,251,5,4366.35,2025-08-06,
12513,1272.0,114,4,672.36,2026-05-03,
12514,593.0,81,4,2310.08,2025-09-02,
12515,423.0,16,3,1087.26,2025-10-14,
12516,406.0,75,4,3180.2,2026-04-28,
12517,1085.0,220,5,1833.3,2026-01-26,
12518,419.0,186,5,3329.8,2026-01-21,
12519,1078.0,135,2,-69.2,2026-05-19,
12520,1302.0,285,2,1440.04,2026-08-29,
12521,453.0,293,1,339.56,2026-07-27,
12522,1865.0,234,5,1804.1,2026-07-11,
12523,1767.0,240,5,4047.6,2025-10-07,
12524,165.0,112,2,940.14,2025-09-27,
12525,488.0,191,1,246.97,2026-07-24,
12526,1217.0,85,1,-28.37,2025-10-18,
12527,1552.0,262,3,1660.08,2026-06-18,
12528,1975.0,298,4,1935.0,2026-03-22,
12529,1597.0,177,3,1855.74,2026-02-27,
12530,262.0,42,1,274.97,2026-05-05,
12531,812.0,170,1,494.23,2026-07-26,
12532,1796.0,224,4,1962.36,2025-12-01,
12533,1307.0,269,4,2202.68,2026-08-04,
12534,1324.0,19,4,2770.4,2026-02-14,
12535,610.0,235,2,1783.2,2025-11-29,
12536,965.0,254,4,2498.16,2025-10-11,
12537,1698.0,48,3,910.77,2026-06-22,
12538,1390.0,291,5,1683.35,2026-07-16,
12539,506.0,273,4,1263.08,2026-07-31,
12540,1196.0,73,5,738.9,2026-04-09,
12541,183.0,184,5,1815.3,2025-10-06,
12542,1081.0,1,2,345.32,2025-12-15,
12543,636.0,172,2,1065.04,2026-01-06,
12544,781.0,76,4,2801.16,2026-05-09,
12545,212.0,87,2,936.62,2026-01-31,
12546,1160.0,167,3,1293.84,2026-05-21,
12547,1859.0,206,2,1192.34,2026-02-16,
12548,422.0,227,3,1424.79,2026-05-02,
12549,467.0,294,4,1952.64,2026-02-11,
12550,690.0,132,5,1026.75,2025-08-29,
12551,412.0,148,1,500.23,2026-06-30,
12552,713.0,285,5,3600.1,2026-02-20,
12553,850.0,165,3,1900.95,2026-06-01,
12554,1595.0,186,4,2663.84,2026-02-15,
12555,153.0,189,2,675.4,2026-02-25,
12556,1052.0,241,1,815.09,2025-09-28,
12557,65.0,252,2,1427.7,2026-07-24,
12558,1513.0,28,2,980.4,2026-09-13,
12559,1357.0,47,-1,316.24,2025-10-23,
12560,1926.0,75,4,3180.2,2026-01-26,
12561,1376.0,105,4,2787.68,2026-02-25,
12562,1399.0,193,2,771.9,2026-08-15,
12563,1507.0,86,3,2098.74,2026-03-05,
12564,420.0,200,4,2863.16,2026-04-14,
12565,1940.0,96,2,579.16,2026-02-08,
12566,1881.0,105,3,2090.76,2025-08-27,
12567,549.0,259,4,511.68,2025-12-11,
12568,1226.0,289,2,98.14,2026-04-17,
12569,1368.0,34,4,2958.48,2026-03-05,
12570,1633.0,201,1,391.1,2026-06-30,
12571,,50,5,382.15,2025-11-25,
12572,22.0,18,5,364.7,2025-08-31,
12573,1064.0,155,5,1373.2,2026-01-02,
12574,1475.0,221,4,1045.2,2026-02-23,
12575,426.0,12,4,3274.24,2025-08-24,
12576,634.0,79,4,1350.32,2026-01-01,
12577,1585.0,156,4,2675.04,2026-05-02,
12578,1287.0,286,5,670.3,2025-09-03,
12579,1053.0,102,4,327.4,2026-05-16,
12580,,183,5,1810.2,2025-10-21,
12581,992.0,144,1,126.47,2026-05-03,
12582,1612.0,221,1,261.3,2026-05-12,
12583,406.0,12,5,4092.8,2025-11-12,
12584,1882.0,254,1,624.54,2026-03-16,
12585,1875.0,213,3,1143.3,2026-04-11,
12586,221.0,188,5,2487.3,2025-12-26,
12587,717.0,8,3,2612.97,2026-01-07,
12588,1466.0,252,2,1427.7,2025-12-01,
12589,892.0,140,4,3008.16,2026-02-02,
12590,523.0,295,3,1250.46,2026-05-22,
12591,1411.0,253,2,692.0,2026-03-16,
12592,903.0,120,5,3626.05,2026-03-25,
12593,1525.0,282,1,606.45,2026-03-01,
12594,1027.0,167,2,862.56,2026-07-08,
12595,1351.0,294,1,488.16,2025-11-18,
12596,895.0,170,4,1976.92,2026-01-04,
12597,1133.0,177,1,618.58,2026-08-07,
12598,1111.0,98,4,813.04,2026-05-24,
12599,907.0,156,4,2675.04,2026-04-25,
12600,1083.0,47,5,1581.2,2025-12-09,
12601,485.0,277,5,689.7,2026-02-21,
12602,503.0,228,3,1820.94,2026-01-18,
12603,89.0,136,3,1599.57,2026-04-28,
12604,654.0,207,5,2503.25,2026-01-24,
12605,84.0,110,5,3618.05,2026-04-04,
12606,1530.0,203,2,597.26,2025-11-17,
12607,307.0,166,-1,228.45,2026-03-13,
12608,1048.0,123,1,490.84,2026-06-01,
12609,1698.0,293,5,1697.8,2026-06-10,
12610,806.0,200,3,2147.37,2026-01-02,
12611,1906.0,85,3,-85.11,2025-10-18,
12612,1587.0,114,3,504.27,2026-07-14,
12613,515.0,119,3,1070.37,2026-04-25,
12614,1219.0,271,4,3055.16,2026-03-03,
12615,230.0,169,2,1390.4,2025-11-06,
12616,1405.0,96,1,289.58,2025-08-06,
12617,66.0,183,4,1448.16,2026-07-03,
12618,926.0,121,5,1341.8,2026-04-03,
12619,1068.0,33,1,154.73,2026-07-04,
12620,430.0,280,1,754.9,2026-07-27,
12621,860.0,170,3,1482.69,2026-01-24,
12622,875.0,149,4,3194.92,2025-10-03,
12623,1204.0,1,3,517.98,2025-10-22,
12624,977.0,31,2,694.2,2026-01-05,
12625,904.0,207,3,1501.95,2026-06-13,
12626,882.0,142,4,994.04,2025-09-20,
12627,1346.0,299,1,521.47,2025-08-24,
12628,167.0,42,4,1099.88,2026-06-26,
12629,,96,2,579.16,2026-03-03,
12630,1546.0,174,1,656.55,2025-08-28,
12631,1672.0,122,-5,3302.0,2026-03-15,
12632,720.0,208,3,1093.08,2026-07-12,
12633,1455.0,283,4,1704.8,2025-09-28,
12634,1308.0,258,1,850.95,2026-01-14,
12635,87.0,289,1,49.07,2025-09-06,
12636,643.0,155,1,274.64,2026-01-01,
12637,454.0,267,5,1386.65,2026-01-07,
12638,764.0,111,2,1378.54,2025-09-25,
12639,852.0,68,5,4436.05,2025-08-07,
12640,206.0,206,1,596.17,2025-09-12,
12641,643.0,115,5,4204.9,2026-01-14,
12642,1570.0,162,1,299.67,2025-12-08,
12643,1201.0,14,2,1680.42,2025-12-21,
12644,396.0,174,4,2626.2,2026-07-20,
12645,217.0,266,1,464.09,2025-12-06,
12646,378.0,16,1,362.42,2026-05-16,
12647,1754.0,151,3,2382.0,2026-01-26,
12648,1973.0,239,1,766.98,2026-04-27,
12649,1867.0,278,1,626.27,2026-02-17,
12650,113.0,192,5,2119.7,2026-01-09,
12651,1225.0,198,1,578.35,2025-11-20,
12652,1164.0,152,5,4192.35,2025-12-11,
12653,389.0,297,1,597.25,2026-02-14,
12654,75.0,206,3,1788.51,2026-04-20,
12655,248.0,183,3,1086.12,2026-07-30,
12656,1376.0,295,1,416.82,2026-02-24,
12657,844.0,114,5,840.45,2026-01-06,
12658,167.0,273,4,1263.08,2025-12-08,
12659,1629.0,257,4,1249.36,2025-12-10,
12660,990.0,253,1,346.0,2026-05-23,
12661,24.0,4,5,3435.3,2026-05-26,
12662,1942.0,160,5,2253.05,2025-12-22,
12663,1743.0,76,5,3501.45,2026-07-16,
12664,1539.0,105,2,1393.84,2026-02-12,
12665,36.0,286,3,402.18,2025-12-19,
12666,1230.0,252,1,713.85,2025-09-12,
12667,315.0,217,1,358.81,2025-10-10,
12668,1665.0,113,2,1307.38,2025-11-11,
12669,1562.0,72,1,492.1,2026-02-03,
12670,1181.0,100,3,352.32,2026-01-19,
12671,1970.0,181,2,1776.16,2025-11-19,
12672,1153.0,70,1,441.97,2025-08-07,
12673,1364.0,136,1,533.19,2025-08-07,
12674,979.0,27,2,493.78,2025-08-25,
12675,1016.0,38,4,3207.12,2026-01-02,
12676,1139.0,186,5,3329.8,2026-02-24,
12677,317.0,179,4,2149.4,2026-01-25,
12678,1108.0,230,3,1502.19,2025-12-14,
12679,819.0,4,4,2748.24,2026-02-23,
12680,1415.0,55,1,856.54,2026-06-06,
12681,1616.0,93,4,2776.68,2026-06-15,
12682,1331.0,68,1,887.21,2026-01-13,
12683,796.0,118,1,649.52,2026-06-14,
12684,880.0,190,1,67.71,2026-02-27,
12685,,163,4,2408.68,2026-07-03,
12686,226.0,48,2,607.18,2025-09-25,
12687,,61,5,3227.35,2025-11-26,
12688,1111.0,25,1,583.48,2026-04-27,
12689,1367.0,42,1,274.97,2025-08-27,
12690,1792.0,68,2,1774.42,2025-12-21,
12691,122.0,114,2,336.18,2025-09-01,
12692,732.0,94,3,943.32,2026-01-13,
12693,1575.0,299,5,2607.35,2025-12-31,
12694,1476.0,254,5,3122.7,2025-12-20,
12695,879.0,70,1,441.97,2025-11-12,
12696,236.0,78,2,363.22,2025-12-09,
12697,1229.0,146,3,2070.24,2025-09-15,
12698,1348.0,221,5,1306.5,2025-10-03,
12699,1734.0,259,5,639.6,2025-10-12,
12700,1806.0,54,1,97.82,2026-07-17,
12701,1297.0,299,4,2085.88,2025-11-12,
12702,1563.0,56,5,3119.95,2026-07-05,
12703,100.0,208,5,1821.8,2025-11-30,
12704,64.0,148,3,1500.69,2025-11-13,
12705,183.0,177,2,1237.16,2025-08-31,
12706,1546.0,34,2,1479.24,2026-05-30,
12707,1624.0,26,2,580.98,2026-02-19,
12708,1063.0,217,1,358.81,2026-03-21,
12709,1610.0,63,4,626.92,2026-03-30,
12710,1929.0,141,1,158.05,2026-02-04,
12711,519.0,286,1,134.06,2026-08-02,
12712,1720.0,131,4,2485.0,2025-11-27,
12713,1437.0,22,5,678.1,2025-08-06,
12714,1024.0,39,5,4453.25,2025-09-29,
12715,79.0,53,3,2309.58,2026-06-12,
12716,,283,2,852.4,2026-06-30,
12717,667.0,218,5,-1337.85,2026-06-24,
12718,1160.0,135,3,-103.8,2025-10-22,
12719,1680.0,181,1,888.08,2025-10-22,
12720,1210.0,207,-1,500.65,2026-02-26,
12721,72.0,171,5,465.55,2026-01-09,
12722,1418.0,212,2,-618.5,2026-07-25,
12723,698.0,234,3,1082.46,2026-02-28,
12724,1217.0,204,4,2094.6,2026-01-17,
12725,1402.0,286,2,268.12,2025-08-11,
12726,1171.0,280,3,2264.7,2026-02-20,
12727,529.0,21,4,3032.28,2026-06-02,
12728,562.0,73,5,738.9,2025-11-03,
12729,294.0,41,3,2344.32,2026-06-25,
12730,1271.0,9,3,2372.34,2025-12-06,
12731,1905.0,184,4,1452.24,2026-06-19,
12732,367.0,227,4,1899.72,2026-02-03,
12733,1382.0,162,2,599.34,2026-07-07,
12734,931.0,274,3,578.31,2025-08-21,
12735,1239.0,208,4,1457.44,2026-05-15,
12736,1652.0,44,5,2333.65,2025-08-29,
12737,92.0,177,2,1237.16,2026-01-27,
12738,1922.0,50,4,305.72,2025-08-12,
12739,,147,4,2381.88,2025-11-08,
12740,253.0,269,4,2202.68,2026-01-10,
12741,1377.0,241,3,2445.27,2025-10-19,
12742,656.0,193,5,1929.75,2025-08-22,
12743,276.0,299,1,521.47,2026-07-13,
12744,1247.0,199,2,160.64,2026-04-03,
12745,174.0,229,4,200.76,2025-11-28,
12746,793.0,62,4,2547.28,2026-06-15,
12747,818.0,71,5,482.7,2026-08-03,
12748,1573.0,223,1,659.47,2025-11-16,
12749,1223.0,98,3,609.78,2025-10-03,
12750,554.0,268,2,701.14,2026-07-26,
12751,1218.0,205,5,1870.2,2025-10-26,
12752,1333.0,212,4,-1237.0,2026-02-20,
12753,811.0,24,1,94.01,2026-04-11,
12754,323.0,190,4,270.84,2026-01-11,
12755,1683.0,255,4,2905.32,2025-08-28,
12756,324.0,152,1,838.47,2025-10-11,
12757,1684.0,33,3,464.19,2025-08-22,
12758,423.0,255,2,1452.66,2026-06-10,
12759,661.0,45,2,1457.98,2026-05-01,
12760,368.0,76,3,2100.87,2025-12-12,
12761,311.0,104,3,465.54,2026-05-16,
12762,1703.0,175,-4,2941.92,2025-08-23,
12763,1068.0,18,1,72.94,2026-03-02,
12764,1716.0,165,5,3168.25,2026-03-30,
12765,800.0,159,5,572.95,2026-05-17,
12766,369.0,33,4,618.92,2026-02-28,
12767,1958.0,56,3,1871.97,2025-10-30,
12768,1583.0,29,3,1127.37,2025-08-16,
12769,1282.0,77,1,755.0,2026-03-29,
12770,677.0,185,2,284.04,2026-06-02,
12771,386.0,102,1,81.85,2026-07-09,
12772,558.0,61,5,3227.35,2025-11-20,
12773,,191,4,987.88,2026-05-21,
12774,1968.0,169,5,3476.0,2025-08-31,
12775,1360.0,118,3,1948.56,2025-10-26,
12776,307.0,77,2,1510.0,2025-11-17,
12777,14.0,65,1,614.34,2026-04-21,
12778,1887.0,44,2,933.46,2026-03-17,
12779,1877.0,297,3,1791.75,2025-08-09,
12780,1486.0,133,2,466.78,2026-03-19,
12781,1862.0,56,3,1871.97,2026-05-31,
12782,1766.0,39,3,2671.95,2026-01-20,
12783,1897.0,16,5,1812.1,2026-04-09,
12784,456.0,249,5,2353.4,2025-08-30,
12785,1395.0,136,2,1066.38,2026-06-20,
12786,1212.0,239,4,3067.92,2026-03-28,
12787,1412.0,279,2,1701.92,2026-02-05,
12788,1549.0,156,1,668.76,2026-03-24,
12789,1901.0,77,1,755.0,2026-02-09,
12790,1906.0,59,4,249.16,2026-07-08,
12791,468.0,272,2,655.74,2026-06-29,
12792,,48,2,607.18,2026-07-28,
12793,166.0,290,5,2116.85,2026-06-19,
12794,1338.0,258,1,850.95,2026-07-18,
12795,1647.0,8,1,870.99,2026-03-16,
12796,309.0,291,4,1346.68,2026-07-11,
12797,,160,2,901.22,2026-02-10,
12798,949.0,210,3,1356.84,2025-09-26,
12799,1546.0,266,5,2320.45,2026-06-27,
12800,1392.0,223,2,1318.94,2025-11-18,
12801,1033.0,171,3,279.33,2025-12-13,
12802,1992.0,243,4,3253.64,2025-10-03,
12803,1776.0,145,3,1169.82,2026-03-08,
12804,437.0,66,4,3226.2,2025-11-17,
12805,1071.0,154,5,4023.8,2025-09-16,
12806,401.0,273,2,631.54,2025-10-25,
12807,645.0,253,2,692.0,2025-12-23,
12808,1532.0,160,3,1351.83,2026-01-03,
12809,1310.0,96,2,579.16,2026-03-29,
12810,670.0,165,2,1267.3,2025-11-17,
12811,1842.0,60,1,825.65,2026-02-25,
12812,1392.0,239,5,3834.9,2025-08-10,
12813,1134.0,286,2,268.12,2025-11-29,
12814,95.0,13,3,2561.76,2025-12-06,
12815,689.0,128,3,1458.21,2026-07-26,
12816,1135.0,188,2,994.92,2025-08-21,
12817,1047.0,270,2,313.04,2026-02-01,
12818,15.0,242,2,160.08,2025-10-23,
12819,813.0,135,4,-138.4,2025-12-20,
12820,778.0,243,4,3253.64,2026-05-24,
12821,1091.0,194,1,688.77,2026-05-31,
12822,1119.0,66,5,4032.75,2025-12-29,
12823,658.0,254,3,1873.62,2026-05-23,
12824,162.0,257,4,1249.36,2026-04-30,
12825,1282.0,67,1,722.58,2026-02-12,
12826,426.0,242,3,240.12,2025-11-29,
12827,1468.0,37,2,143.62,2026-02-18,
12828,738.0,200,5,3578.95,2025-08-10,
12829,761.0,98,1,203.26,2026-03-15,
12830,263.0,70,4,1767.88,2025-12-08,
12831,985.0,49,1,183.31,2026-02-14,
12832,527.0,152,1,838.47,2026-04-10,
12833,8.0,135,2,-69.2,2026-04-10,
12834,1650.0,63,1,156.73,2025-10-30,
12835,569.0,199,1,80.32,2026-03-15,
12836,292.0,147,3,1786.41,2025-11-10,
12837,722.0,196,3,731.22,2026-04-24,
12838,556.0,237,3,1098.51,2025-08-12,
12839,142.0,105,2,1393.84,2026-07-15,
12840,1661.0,246,1,179.71,2025-12-13,
12841,465.0,63,3,470.19,2026-03-19,
12842,1817.0,117,2,952.58,2026-06-22,
12843,1911.0,142,5,1242.55,2026-04-05,
12844,1275.0,231,2,1466.6,2026-05-27,
12845,958.0,222,5,2181.55,2026-03-06,
12846,52.0,15,1,471.73,2025-08-22,
12847,1622.0,24,0,188.02,2025-09-28,
12848,,155,2,549.28,2026-04-17,
12849,1229.0,155,5,1373.2,2026-01-19,
12850,1514.0,255,3,2178.99,2025-08-05,
12851,1667.0,278,3,1878.81,2025-10-09,
12852,1284.0,283,4,1704.8,2026-05-10,
12853,1073.0,36,5,3689.45,2026-04-01,
12854,1716.0,260,1,426.01,2025-11-10,
12855,827.0,244,5,971.2,2025-11-17,
12856,237.0,28,2,980.4,2025-10-01,
12857,1210.0,188,5,2487.3,2026-04-14,
12858,1244.0,79,4,1350.32,2026-07-09,
12859,935.0,131,2,1242.5,2026-06-15,
12860,1055.0,224,2,981.18,2026-07-03,
12861,1850.0,66,4,3226.2,2025-08-22,
12862,1777.0,148,5,2501.15,2026-06-12,
12863,440.0,24,2,188.02,2025-11-03,
12864,343.0,61,2,1290.94,2025-09-08,
12865,1784.0,96,2,579.16,2025-12-20,
12866,1141.0,165,3,1900.95,2026-07-24,
12867,29.0,21,4,3032.28,2026-02-27,
12868,424.0,149,4,3194.92,2026-03-26,
12869,1499.0,61,3,1936.41,2026-05-28,
12870,1634.0,269,2,1101.34,2025-09-28,
12871,949.0,203,5,1493.15,2025-12-11,
12872,966.0,159,4,458.36,2026-02-23,
12873,14.0,255,3,2178.99,2025-11-21,
12874,453.0,236,1,602.21,2026-03-30,
12875,842.0,207,4,2002.6,2026-09-17,
12876,26.0,181,4,3552.32,2026-07-09,
12877,774.0,2,4,2640.88,2025-08-11,
12878,1751.0,72,2,984.2,2026-02-03,
12879,247.0,282,2,1212.9,2025-10-18,
12880,261.0,93,5,3470.85,2026-06-28,
12881,1698.0,62,5,3184.1,2025-12-04,
12882,851.0,109,5,753.25,2025-10-03,
12883,985.0,276,2,640.52,2025-08-20,
12884,1562.0,285,3,2160.06,2025-11-01,
12885,874.0,226,2,196.9,2025-09-11,
12886,1227.0,134,2,1267.22,2026-03-11,
12887,1742.0,106,2,168.0,2026-05-20,
12888,1479.0,6,3,1870.02,2026-01-22,
12889,1718.0,185,5,710.1,2026-04-20,
12890,341.0,221,5,1306.5,2026-01-30,
12891,822.0,19,4,2770.4,2026-02-03,
12892,1818.0,204,1,523.65,2025-11-23,
12893,722.0,140,5,3760.2,2026-02-27,
12894,373.0,119,1,356.79,2026-01-21,
12895,1339.0,104,3,465.54,2026-01-30,
12896,697.0,136,2,1066.38,2025-12-23,
12897,1185.0,267,3,831.99,2026-03-29,
12898,231.0,288,1,871.46,2025-12-24,
12899,1762.0,267,3,831.99,2025-09-18,
12900,201.0,222,3,1308.93,2026-04-16,
12901,372.0,79,-3,1012.74,2025-12-02,
12902,1788.0,61,1,645.47,2025-08-30,
12903,958.0,200,2,1431.58,2026-02-20,
12904,971.0,286,1,134.06,2026-07-20,
12905,1146.0,10,3,2375.22,2026-01-17,
12906,517.0,116,4,3567.72,2026-05-18,
12907,171.0,271,1,763.79,2025-11-16,
12908,1187.0,211,3,666.45,2026-07-24,
12909,1512.0,180,3,1926.99,2026-04-28,
12910,1173.0,283,3,1278.6,2026-02-23,
12911,151.0,133,2,466.78,2026-05-12,
12912,1176.0,127,-4,3162.48,2025-10-05,
12913,428.0,102,1,81.85,2025-10-22,
12914,1863.0,210,2,904.56,2025-08-06,
12915,1181.0,202,3,2066.4,2026-02-15,
12916,1002.0,255,2,1452.66,2026-02-23,
12917,876.0,205,4,1496.16,2026-05-25,
12918,976.0,267,4,1109.32,2026-05-13,
12919,1164.0,250,3,1247.7,2025-09-24,
12920,1615.0,108,3,2092.17,2026-06-26,
12921,148.0,287,4,-204.88,2026-03-28,
12922,,107,3,1547.31,2025-12-07,
12923,1220.0,249,3,1412.04,2026-06-06,
12924,709.0,38,5,4008.9,2026-04-11,
12925,49.0,113,5,3268.45,2026-02-22,
12926,1638.0,281,5,798.45,2026-07-10,
12927,886.0,153,2,1781.26,2026-01-05,
12928,394.0,252,2,1427.7,2026-05-02,
12929,1243.0,103,0,1428.7,2026-02-20,
12930,1740.0,7,4,2806.88,2026-06-14,
12931,745.0,208,1,364.36,2026-08-04,
12932,193.0,15,1,471.73,2025-11-20,
12933,459.0,39,1,890.65,2025-09-15,
12934,631.0,55,3,2569.62,2026-03-14,
12935,631.0,270,1,156.52,2026-01-15,
12936,1535.0,145,2,779.88,2025-10-05,
12937,1991.0,102,4,327.4,2025-11-08,
12938,1267.0,129,-4,1967.64,2026-04-13,
12939,536.0,81,1,577.52,2026-05-29,
12940,27.0,300,5,2907.95,2025-10-29,
12941,1770.0,45,1,728.99,2025-10-09,
12942,200.0,269,4,2202.68,2026-07-17,
12943,1691.0,197,3,1186.98,2026-01-18,
12944,38.0,236,5,3011.05,2025-08-17,
12945,1169.0,160,5,2253.05,2026-05-18,
12946,1855.0,46,3,1674.33,2026-04-11,
12947,1087.0,247,2,1244.5,2025-12-23,
12948,931.0,14,4,3360.84,2026-05-12,
12949,946.0,294,4,1952.64,2026-03-06,
12950,926.0,119,4,1427.16,2025-12-29,
12951,1197.0,93,1,694.17,2026-05-10,
12952,93.0,202,1,688.8,2026-04-03,
12953,939.0,93,2,1388.34,2026-05-25,
12954,626.0,93,4,2776.68,2025-11-21,
12955,118.0,115,2,1681.96,2025-10-08,
12956,1636.0,187,-5,4407.5,2026-01-30,
12957,1159.0,199,5,401.6,2026-01-15,
12958,1835.0,225,2,1394.66,2026-06-26,
12959,1271.0,137,3,2231.4,2026-02-07,
12960,1362.0,241,1,815.09,2025-11-26,
12961,1874.0,187,3,2644.5,2026-07-31,
12962,401.0,228,5,3034.9,2026-02-21,
12963,957.0,81,4,2310.08,2025-10-25,
12964,237.0,4,1,687.06,2025-09-12,
12965,1389.0,172,3,1597.56,2026-06-30,
12966,1385.0,50,4,305.72,2026-01-24,
12967,1281.0,256,2,345.26,2025-10-18,
12968,10.0,94,4,1257.76,2026-05-03,
12969,697.0,218,5,-1337.85,2025-08-05,
12970,1131.0,209,-5,3956.55,2026-01-01,
12971,861.0,275,5,3359.95,2026-01-08,
12972,1901.0,33,1,154.73,2025-10-14,
12973,1380.0,269,3,1652.01,2026-06-28,
12974,1929.0,243,2,1626.82,2026-03-22,
12975,776.0,178,5,1902.6,2025-10-26,
12976,601.0,246,5,898.55,2026-04-17,
12977,1752.0,109,2,301.3,2026-04-11,
12978,557.0,211,3,666.45,2026-07-26,
12979,345.0,255,1,726.33,2026-04-26,
12980,308.0,196,2,487.48,2025-09-07,
12981,1720.0,251,4,3493.08,2025-12-27,
12982,1813.0,253,4,1384.0,2025-09-09,
12983,807.0,180,5,3211.65,2026-06-16,
12984,1062.0,136,3,1599.57,2026-02-26,
12985,789.0,228,4,2427.92,2026-07-29,
12986,1297.0,133,5,1166.95,2026-07-18,
12987,1525.0,136,4,2132.76,2026-06-11,
12988,725.0,41,3,2344.32,2026-10-27,
12989,1749.0,123,3,1472.52,2025-09-09,
12990,1769.0,227,3,1424.79,2026-02-03,
12991,1469.0,164,1,440.24,2026-03-03,
12992,49.0,67,3,2167.74,2026-02-15,
12993,907.0,187,2,1763.0,2025-10-02,
12994,1230.0,254,2,1249.08,2025-11-27,
12995,1485.0,3,5,3108.35,2026-06-03,
12996,1252.0,140,5,3760.2,2025-09-30,
12997,1800.0,204,3,1570.95,2026-07-15,
12998,530.0,117,5,2381.45,2025-12-31,
12999,486.0,171,1,93.11,2026-06-20,
13000,573.0,226,3,295.35,2025-12-23,
13001,1583.0,284,1,499.56,2026-06-20,
13002,15.0,247,5,3111.25,2025-12-14,
13003,1090.0,192,2,847.88,2026-03-11,
13004,1494.0,111,2,1378.54,2025-12-04,
13005,1895.0,274,3,578.31,2026-01-12,
13006,387.0,207,5,2503.25,2026-04-03,
13007,248.0,96,5,1447.9,2026-03-06,
13008,1231.0,127,4,3162.48,2026-03-23,
13009,1999.0,195,3,724.14,2026-06-25,
13010,1427.0,269,1,550.67,2025-08-14,
13011,973.0,142,1,248.51,2026-08-02,
13012,429.0,114,4,672.36,2026-01-15,
13013,179.0,29,3,1127.37,2026-07-31,
13014,1479.0,181,1,888.08,2025-10-03,
13015,362.0,198,2,1156.7,2025-11-04,
13016,644.0,132,1,205.35,2025-09-25,
13017,1643.0,53,1,769.86,2026-01-30,
13018,740.0,73,4,591.12,2026-05-13,
13019,1781.0,265,2,371.54,2025-09-30,
13020,1294.0,273,4,1263.08,2025-10-29,
13021,422.0,298,4,1935.0,2026-04-15,
13022,1894.0,104,3,465.54,2026-02-04,
13023,576.0,203,4,1194.52,2025-09-20,
13024,1417.0,219,3,881.61,2026-01-26,
13025,1527.0,202,4,2755.2,2026-04-04,
13026,448.0,20,2,1638.08,2026-02-16,
13027,403.0,70,4,1767.88,2026-03-17,
13028,972.0,293,-5,1697.8,2025-08-15,
13029,688.0,136,1,533.19,2025-10-02,
13030,1452.0,76,1,700.29,2026-07-14,
13031,1676.0,295,3,1250.46,2025-10-10,
13032,1797.0,36,1,737.89,2025-11-01,
13033,367.0,46,1,558.11,2026-02-04,
13034,92.0,251,4,3493.08,2026-04-25,
13035,226.0,248,5,3449.1,2026-06-22,
13036,803.0,168,1,643.67,2026-03-15,
13037,538.0,154,5,4023.8,2025-08-26,
13038,1159.0,237,4,1464.68,2025-08-18,
13039,1062.0,241,2,1630.18,2026-05-07,
13040,,101,2,1742.7,2026-06-16,
13041,179.0,12,4,3274.24,2026-06-10,
13042,441.0,135,3,-103.8,2026-05-28,
13043,1766.0,165,4,2534.6,2026-01-18,
13044,1446.0,191,3,740.91,2025-12-05,
13045,1209.0,243,5,4067.05,2026-06-20,
13046,47.0,108,3,2092.17,2025-11-18,
13047,840.0,177,2,1237.16,2026-07-10,
13048,1558.0,17,2,1523.38,2026-06-11,
13049,1488.0,240,1,809.52,2026-05-09,
13050,964.0,207,5,2503.25,2026-03-03,
13051,1549.0,172,4,2130.08,2026-04-05,
13052,985.0,241,1,815.09,2026-04-09,
13053,1394.0,44,5,2333.65,2026-01-25,
13054,1229.0,62,2,1273.64,2025-08-26,
13055,1809.0,94,2,628.88,2026-04-22,
13056,1767.0,205,1,374.04,2026-07-16,
13057,225.0,112,5,2350.35,2026-03-07,
13058,1008.0,66,2,1613.1,2025-11-21,
13059,746.0,237,3,1098.51,2026-06-15,
13060,1966.0,267,3,831.99,2026-02-01,
13061,1863.0,53,2,1539.72,2026-01-25,
13062,843.0,128,4,1944.28,2026-03-18,
13063,19.0,257,4,1249.36,2025-12-08,
13064,1595.0,172,5,2662.6,2026-05-05,
13065,1186.0,6,4,2493.36,2025-11-13,
13066,1287.0,34,1,739.62,2025-09-01,
13067,244.0,208,3,1093.08,2026-04-05,
13068,548.0,16,4,1449.68,2026-06-08,
13069,74.0,21,4,3032.28,2026-01-24,
13070,420.0,233,5,3705.4,2026-01-15,
13071,904.0,276,3,960.78,2026-02-13,
13072,1050.0,272,3,983.61,2025-12-04,
13073,467.0,101,1,871.35,2025-12-04,
13074,1724.0,131,5,3106.25,2025-10-22,
13075,437.0,180,4,2569.32,2026-03-23,
13076,1352.0,222,3,1308.93,2026-02-24,
13077,1778.0,146,1,690.08,2025-09-04,
13078,1271.0,150,3,2152.95,2026-06-18,
13079,379.0,67,4,2890.32,2026-07-12,
13080,1259.0,264,1,531.89,2026-07-06,
13081,242.0,6,2,1246.68,2026-03-04,
13082,1780.0,232,5,2454.85,2026-03-03,
13083,1622.0,260,2,852.02,2026-04-04,
13084,504.0,200,3,2147.37,2026-04-28,
13085,1009.0,43,4,2716.96,2025-08-20,
13086,1529.0,266,3,1392.27,2026-06-28,
13087,1942.0,258,3,2552.85,2026-01-27,
13088,1821.0,134,3,1900.83,2026-05-22,
13089,1151.0,22,5,678.1,2025-10-25,
13090,1521.0,294,3,1464.48,2026-01-31,
13091,410.0,111,1,689.27,2026-02-20,
13092,945.0,96,1,289.58,2025-08-30,
13093,11.0,191,4,987.88,2025-12-19,
13094,867.0,176,2,865.7,2026-03-19,
13095,1523.0,28,1,490.2,2025-08-30,
13096,424.0,186,2,1331.92,2025-12-07,
13097,1244.0,20,2,1638.08,2026-02-12,
13098,402.0,206,4,2384.68,2026-03-26,
13099,1965.0,113,1,653.69,2025-08-27,
13100,734.0,85,2,-56.74,2026-03-09,
13101,543.0,205,3,1122.12,2026-03-18,
13102,61.0,2,2,1320.44,2025-11-30,
13103,1317.0,226,5,492.25,2025-12-26,
13104,564.0,61,3,1936.41,2026-02-19,
13105,1399.0,31,2,694.2,2026-03-29,
13106,1894.0,238,2,1175.2,2026-05-27,
13107,241.0,84,1,764.58,2026-05-08,
13108,732.0,75,5,3975.25,2026-04-05,
13109,1144.0,111,1,689.27,2026-01-03,
13110,46.0,168,1,643.67,2025-10-09,
13111,411.0,150,2,1435.3,2026-01-09,
13112,287.0,41,5,3907.2,2026-06-22,
13113,1912.0,20,4,3276.16,2026-03-06,
13114,1655.0,265,2,371.54,2025-10-25,
13115,1083.0,29,3,1127.37,2026-02-17,
13116,,64,1,812.86,2025-11-15,
13117,1863.0,122,1,660.4,2026-03-06,
13118,1087.0,178,3,1141.56,2026-02-19,
13119,446.0,148,4,2000.92,2026-01-24,
13120,909.0,265,3,557.31,2026-01-11,
13121,916.0,249,5,2353.4,2025-10-23,
13122,1662.0,105,5,3484.6,2026-02-24,
13123,555.0,270,2,313.04,2025-08-13,
13124,485.0,169,3,2085.6,2026-07-05,
13125,768.0,270,1,156.52,2025-10-04,
13126,322.0,44,5,2333.65,2025-08-11,
13127,1761.0,249,2,941.36,2026-04-28,
13128,1783.0,97,5,1267.55,2026-02-07,
13129,1909.0,71,4,386.16,2026-01-06,
13130,1202.0,141,2,316.1,2025-09-04,
13131,1034.0,182,1,391.63,2025-10-02,
13132,1784.0,176,2,865.7,2025-11-05,
13133,1325.0,186,3,1997.88,2026-03-23,
13134,1586.0,240,4,3238.08,2026-01-07,
13135,1355.0,271,5,3818.95,2026-04-26,
13136,1854.0,41,3,2344.32,2025-09-16,
13137,85.0,174,5,3282.75,2025-10-14,
13138,1919.0,125,1,204.07,2025-09-18,
13139,1178.0,263,1,290.99,2026-08-03,
13140,673.0,217,5,1794.05,2026-04-07,
13141,1520.0,156,3,2006.28,2026-06-06,
13142,,257,4,1249.36,2026-04-21,
13143,31.0,53,3,2309.58,2026-03-27,
13144,1136.0,151,5,3970.0,2025-08-15,
13145,1515.0,145,5,1949.7,2026-04-07,
13146,1510.0,59,3,186.87,2026-07-01,
13147,1172.0,16,5,1812.1,2025-12-12,
13148,591.0,70,3,1325.91,2026-05-18,
13149,85.0,209,3,2373.93,2025-09-08,
13150,55.0,122,3,1981.2,2026-03-05,
13151,1220.0,228,4,2427.92,2026-07-12,
13152,1606.0,185,3,426.06,2026-06-14,
13153,1430.0,181,5,4440.4,2026-03-05,
13154,1764.0,108,3,2092.17,2025-09-12,
13155,1047.0,171,5,465.55,2025-10-04,
13156,1040.0,40,1,71.49,2026-07-31,
13157,915.0,69,2,125.2,2026-03-13,
13158,615.0,225,3,2091.99,2026-10-10,
13159,1286.0,229,4,200.76,2026-06-07,
13160,557.0,255,4,2905.32,2026-03-02,
13161,1790.0,191,5,1234.85,2026-02-24,
13162,582.0,93,-3,2082.51,2026-04-11,
13163,445.0,61,2,1290.94,2026-10-16,
13164,304.0,264,4,2127.56,2026-06-30,
13165,1664.0,148,5,2501.15,2026-04-16,
13166,1221.0,128,4,1944.28,2026-06-05,
13167,79.0,241,5,4075.45,2026-05-28,
13168,128.0,9,4,3163.12,2025-09-12,
13169,1829.0,146,3,2070.24,2026-02-19,
13170,583.0,187,5,4407.5,2026-05-29,
13171,1166.0,281,3,479.07,2025-09-25,
13172,1836.0,214,4,2827.76,2026-06-17,
13173,894.0,136,1,533.19,2026-06-14,
13174,405.0,219,2,587.74,2025-08-15,
13175,1615.0,289,3,147.21,2026-04-13,
13176,241.0,216,4,1763.04,2026-06-22,
13177,746.0,79,3,1012.74,2026-02-10,
13178,1847.0,114,3,504.27,2025-08-07,
13179,1591.0,16,2,724.84,2026-07-26,
13180,915.0,231,4,2933.2,2026-01-08,
13181,1504.0,135,5,-173.0,2026-01-02,
13182,617.0,11,4,1140.6,2026-05-09,
13183,1867.0,64,2,1625.72,2026-05-27,
13184,303.0,79,4,1350.32,2026-07-01,
13185,739.0,248,4,2759.28,2026-03-24,
13186,1930.0,102,1,81.85,2025-08-19,
13187,1943.0,145,3,1169.82,2026-07-10,
13188,566.0,58,2,764.62,2025-09-19,
13189,1857.0,53,4,3079.44,2025-08-23,
13190,695.0,26,1,290.49,2026-01-28,
13191,689.0,145,3,1169.82,2026-03-20,
13192,1619.0,285,2,1440.04,2025-09-25,
13193,729.0,149,3,2396.19,2025-10-29,
13194,1892.0,173,3,2324.58,2026-02-07,
13195,1963.0,223,2,1318.94,2026-06-03,
13196,1144.0,63,4,626.92,2025-09-30,
13197,764.0,110,2,1447.22,2026-03-21,
13198,850.0,248,4,2759.28,2026-03-08,
13199,1148.0,261,1,128.83,2025-09-29,
13200,618.0,183,1,362.04,2026-01-02,
13201,62.0,298,1,483.75,2026-03-07,
13202,1555.0,258,4,3403.8,2026-03-28,
13203,412.0,27,3,740.67,2026-07-17,
13204,182.0,41,4,3125.76,2025-11-02,
13205,1394.0,190,3,203.13,2025-10-30,
13206,658.0,242,5,400.2,2025-11-19,
13207,1282.0,82,1,472.21,2026-07-22,
13208,1195.0,297,4,2389.0,2026-05-06,
13209,801.0,119,2,713.58,2026-02-19,
13210,1817.0,285,4,2880.08,2026-04-19,
13211,1397.0,24,5,470.05,2026-08-01,
13212,1369.0,125,1,204.07,2026-06-30,
13213,1073.0,216,1,440.76,2026-01-21,
13214,1037.0,295,5,2084.1,2026-09-28,
13215,1324.0,280,3,2264.7,2025-11-30,
13216,69.0,13,1,853.92,2026-03-28,
13217,1619.0,189,3,1013.1,2026-07-21,
13218,1224.0,283,2,852.4,2026-01-28,
13219,222.0,41,1,781.44,2026-07-28,
13220,355.0,190,2,135.42,2025-08-22,
13221,832.0,23,2,289.58,2025-11-07,
13222,68.0,146,1,690.08,2026-05-09,
13223,1450.0,98,2,406.52,2025-12-05,
13224,888.0,112,5,2350.35,2025-08-22,
13225,1204.0,125,4,816.28,2026-01-15,
13226,1863.0,22,2,271.24,2026-02-11,
13227,1113.0,2,2,1320.44,2025-12-10,
13228,1063.0,287,4,-204.88,2026-01-30,
13229,1147.0,87,1,468.31,2026-02-19,
13230,433.0,273,5,1578.85,2026-03-31,
13231,581.0,271,3,2291.37,2026-01-12,
13232,204.0,231,5,3666.5,2026-07-05,
13233,886.0,212,4,-1237.0,2026-02-22,
13234,1532.0,207,2,1001.3,2026-06-05,
13235,1514.0,140,2,1504.08,2026-05-15,
13236,477.0,5,5,1530.7,2026-07-06,
13237,1433.0,154,5,4023.8,2025-10-31,
13238,603.0,48,2,607.18,2025-10-18,
13239,891.0,96,4,1158.32,2025-12-14,
13240,570.0,150,4,2870.6,2025-12-20,
13241,629.0,77,4,3020.0,2026-04-30,
13242,528.0,141,1,158.05,2026-01-25,
13243,398.0,238,5,2938.0,2025-08-10,
13244,1228.0,86,4,2798.32,2026-06-11,
13245,491.0,223,4,2637.88,2026-02-10,
13246,1608.0,227,5,2374.65,2026-01-23,
13247,191.0,168,5,3218.35,2025-11-04,
13248,909.0,282,4,2425.8,2026-05-19,
13249,1249.0,155,3,823.92,2025-09-13,
13250,638.0,291,2,673.34,2026-05-29,
13251,914.0,199,5,401.6,2025-10-10,
13252,1910.0,46,3,1674.33,2026-06-27,
13253,1671.0,132,4,821.4,2026-06-13,
13254,1263.0,112,5,2350.35,2026-04-17,
13255,189.0,172,2,1065.04,2026-07-20,
13256,,168,3,1931.01,2026-07-12,
13257,637.0,224,4,1962.36,2025-10-28,
13258,1260.0,74,2,853.96,2025-09-12,
13259,1929.0,143,1,85.14,2025-12-08,
13260,1623.0,79,4,1350.32,2025-12-10,
13261,1735.0,299,1,521.47,2025-12-15,
13262,1650.0,285,5,3600.1,2026-04-07,
13263,1569.0,193,3,1157.85,2025-08-21,
13264,857.0,199,4,321.28,2026-04-26,
13265,,266,1,464.09,2026-06-28,
13266,373.0,63,5,783.65,2026-05-30,
13267,1601.0,72,5,2460.5,2025-12-06,
13268,1362.0,75,2,1590.1,2026-01-22,
13269,786.0,70,3,1325.91,2026-04-24,
13270,282.0,287,4,-204.88,2026-07-22,
13271,464.0,96,1,289.58,2025-08-17,
13272,472.0,240,2,1619.04,2025-12-21,
13273,1585.0,249,-5,2353.4,2025-09-23,
13274,793.0,139,1,604.14,2026-04-11,
13275,1055.0,33,2,309.46,2025-09-10,
13276,1884.0,212,4,-1237.0,2026-02-24,
13277,1974.0,155,5,1373.2,2026-02-06,
13278,1027.0,168,4,2574.68,2026-04-01,
13279,1902.0,126,1,170.23,2026-03-27,
13280,672.0,136,3,1599.57,2026-04-24,
13281,1406.0,300,4,2326.36,2026-07-11,
13282,1357.0,167,4,1725.12,2026-05-19,
13283,1691.0,205,3,1122.12,2025-10-30,
13284,790.0,236,5,3011.05,2026-02-21,
13285,111.0,288,1,871.46,2025-11-19,
13286,138.0,181,3,2664.24,2026-05-08,
13287,,68,4,3548.84,2026-06-20,
13288,535.0,246,4,718.84,2026-09-03,
13289,541.0,131,5,3106.25,2025-11-15,
13290,1875.0,110,4,2894.44,2025-08-22,
13291,957.0,115,2,1681.96,2025-12-03,
13292,842.0,19,3,2077.8,2025-12-25,
13293,1971.0,55,3,2569.62,2026-02-18,
13294,396.0,223,3,1978.41,2026-03-01,
13295,364.0,129,3,1475.73,2025-10-25,
13296,598.0,22,1,135.62,2025-09-14,
13297,1403.0,78,1,181.61,2025-09-03,
13298,908.0,262,4,2213.44,2025-12-03,
13299,1466.0,129,4,1967.64,2025-08-29,
13300,282.0,52,3,1057.35,2025-12-02,
13301,668.0,26,2,580.98,2026-07-15,
13302,190.0,43,5,3396.2,2026-02-08,
13303,712.0,293,5,1697.8,2025-08-24,
13304,838.0,12,3,2455.68,2026-04-14,
13305,483.0,192,1,423.94,2026-07-28,
13306,1801.0,115,3,2522.94,2026-05-04,
13307,102.0,281,3,479.07,2025-09-13,
13308,1282.0,279,1,850.96,2026-05-24,
13309,1869.0,135,2,-69.2,2025-10-03,
13310,1454.0,96,2,579.16,2026-08-03,
13311,1778.0,289,5,245.35,2025-11-01,
13312,842.0,244,4,776.96,2026-04-13,
13313,1750.0,105,2,1393.84,2026-06-09,
13314,1417.0,251,5,4366.35,2025-12-08,
13315,264.0,25,3,1750.44,2026-07-01,
13316,1123.0,107,2,1031.54,2025-08-24,
13317,824.0,50,1,76.43,2025-10-21,
13318,1261.0,21,5,3790.35,2026-01-07,
13319,89.0,40,4,285.96,2026-03-01,
13320,,20,3,2457.12,2026-01-24,
13321,167.0,65,5,3071.7,2025-09-18,
13322,716.0,271,3,2291.37,2025-12-08,
13323,1189.0,236,3,1806.63,2026-04-05,
13324,1266.0,209,3,2373.93,2026-05-23,
13325,1736.0,11,3,855.45,2026-01-04,
13326,39.0,68,4,3548.84,2026-06-19,
13327,1263.0,93,3,2082.51,2026-08-02,
13328,1961.0,220,1,366.66,2026-06-02,
13329,442.0,58,3,1146.93,2026-02-28,
13330,1683.0,163,5,3010.85,2026-03-26,
13331,640.0,100,1,117.44,2025-09-02,
13332,982.0,4,4,2748.24,2026-05-20,
13333,453.0,188,1,497.46,2025-08-19,
13334,158.0,21,4,3032.28,2026-03-19,
13335,1539.0,6,5,3116.7,2026-04-10,
13336,223.0,79,2,675.16,2026-01-22,
13337,1204.0,206,5,2980.85,2026-07-12,
13338,695.0,234,3,1082.46,2026-07-09,
13339,226.0,103,4,1142.96,2026-01-26,
13340,490.0,145,4,1559.76,2026-08-27,
13341,581.0,80,1,255.52,2026-01-25,
13342,1249.0,126,1,170.23,2026-03-01,
13343,578.0,65,4,2457.36,2025-08-25,
13344,368.0,128,1,486.07,2026-07-10,
13345,843.0,212,4,-1237.0,2026-07-13,
13346,1753.0,180,4,2569.32,2025-09-29,
13347,454.0,23,2,289.58,2025-11-03,
13348,178.0,104,4,620.72,2026-04-10,
13349,696.0,212,3,-927.75,2025-11-30,
13350,858.0,262,1,553.36,2026-06-13,
13351,930.0,75,3,2385.15,2026-06-03,
13352,693.0,167,3,1293.84,2026-04-05,
13353,936.0,77,4,3020.0,2025-11-16,
13354,1382.0,72,1,492.1,2025-12-21,
13355,1289.0,124,4,2986.52,2026-01-17,
13356,295.0,243,1,813.41,2026-02-19,
13357,231.0,233,3,2223.24,2025-11-26,
13358,1822.0,4,1,687.06,2025-11-15,
13359,1127.0,183,4,1448.16,2026-01-12,
13360,873.0,250,1,415.9,2026-02-04,
13361,654.0,297,1,597.25,2026-03-16,
13362,1583.0,237,1,366.17,2026-06-15,
13363,171.0,37,2,143.62,2025-11-26,
13364,1740.0,268,1,350.57,2025-08-14,
13365,1781.0,197,4,1582.64,2026-07-26,
13366,1991.0,104,2,310.36,2026-05-27,
13367,1638.0,124,3,2239.89,2025-11-03,
13368,1646.0,97,5,1267.55,2026-06-19,
13369,,118,2,1299.04,2026-05-31,
13370,1085.0,190,3,203.13,2026-01-16,
13371,1436.0,145,5,1949.7,2026-05-13,
13372,,164,1,440.24,2026-07-03,
13373,969.0,215,3,915.72,2026-01-17,
13374,1192.0,29,4,1503.16,2025-11-28,
13375,298.0,152,2,1676.94,2026-06-17,
13376,466.0,56,5,3119.95,2025-08-13,
13377,556.0,17,2,1523.38,2025-08-30,
13378,1400.0,91,4,2246.92,2026-01-19,
13379,1536.0,136,4,2132.76,2025-10-28,
13380,1287.0,271,3,2291.37,2026-08-04,
13381,1175.0,170,1,494.23,2025-09-26,
13382,1477.0,13,2,1707.84,2026-03-31,
13383,141.0,18,3,218.82,2025-12-07,
13384,1455.0,34,3,2218.86,2026-02-07,
13385,1034.0,157,5,260.55,2025-10-28,
13386,202.0,17,3,2285.07,2026-05-26,
13387,454.0,26,5,1452.45,2026-02-14,
13388,802.0,98,3,609.78,2026-02-17,
13389,460.0,187,2,1763.0,2026-04-19,
13390,1565.0,214,2,1413.88,2025-10-24,
13391,647.0,122,1,660.4,2026-07-08,
13392,1434.0,247,3,1866.75,2025-09-20,
13393,954.0,155,2,549.28,2025-12-20,
13394,1184.0,28,1,490.2,2026-03-19,
13395,245.0,277,3,413.82,2026-02-14,
13396,478.0,208,3,1093.08,2025-12-25,
13397,68.0,231,4,2933.2,2026-01-27,
13398,1611.0,76,1,700.29,2026-05-06,
13399,1697.0,237,1,366.17,2026-07-27,
13400,126.0,139,4,2416.56,2025-10-06,
13401,699.0,57,2,1392.5,2026-03-26,
13402,1841.0,87,5,2341.55,2026-07-24,
13403,1886.0,115,2,1681.96,2026-05-05,
13404,190.0,290,4,1693.48,2026-08-17,
13405,767.0,230,5,2503.65,2025-10-01,
13406,223.0,195,5,1206.9,2026-04-19,
13407,1240.0,233,4,2964.32,2026-01-22,
13408,76.0,228,3,1820.94,2025-11-03,
13409,194.0,182,5,1958.15,2025-09-14,
13410,1983.0,253,2,692.0,2026-02-18,
13411,63.0,289,2,98.14,2026-01-04,
13412,1405.0,36,1,737.89,2026-03-10,
13413,1828.0,178,3,1141.56,2026-06-01,
13414,1243.0,43,4,2716.96,2026-05-20,
13415,507.0,281,2,319.38,2025-10-24,
13416,1206.0,38,4,3207.12,2026-09-13,
13417,589.0,109,4,602.6,2025-08-19,
13418,1064.0,256,1,172.63,2025-09-27,
13419,89.0,132,3,616.05,2026-03-12,
13420,1443.0,198,3,1735.05,2026-06-23,
13421,1696.0,152,3,2515.41,2025-09-08,
13422,1170.0,77,3,2265.0,2025-12-11,
13423,957.0,104,3,465.54,2026-03-10,
13424,1746.0,11,4,1140.6,2025-12-26,
13425,14.0,196,3,731.22,2026-07-28,
13426,803.0,296,3,894.69,2026-05-05,
13427,961.0,93,1,694.17,2026-04-19,
13428,872.0,276,3,960.78,2025-12-01,
13429,922.0,76,2,1400.58,2026-04-11,
13430,1356.0,57,5,3481.25,2025-10-07,
13431,54.0,82,4,1888.84,2026-06-20,
13432,1614.0,66,4,3226.2,2025-11-01,
13433,1150.0,34,1,739.62,2025-11-01,
13434,1763.0,224,5,2452.95,2025-10-11,
13435,55.0,11,1,285.15,2025-11-29,
13436,1718.0,113,4,2614.76,2025-09-09,
13437,1330.0,2,5,3301.1,2025-12-28,
13438,571.0,35,5,4417.5,2026-07-02,
13439,1669.0,293,1,339.56,2026-05-17,
13440,1339.0,285,1,720.02,2025-12-27,
13441,101.0,240,1,809.52,2025-08-31,
13442,1024.0,101,2,1742.7,2026-03-06,
13443,1081.0,208,2,728.72,2025-12-17,
13444,1903.0,13,3,2561.76,2026-04-05,
13445,953.0,269,4,2202.68,2026-05-18,
13446,1608.0,252,4,2855.4,2025-11-11,
13447,569.0,26,1,290.49,2026-03-01,
13448,1429.0,238,2,1175.2,2025-11-09,
13449,266.0,198,5,2891.75,2026-03-19,
13450,,52,-1,352.45,2026-01-20,
13451,1327.0,172,4,2130.08,2026-06-10,
13452,,206,3,1788.51,2026-01-03,
13453,921.0,15,4,1886.92,2025-08-14,
13454,1970.0,104,3,465.54,2026-02-02,
13455,1425.0,186,4,2663.84,2026-07-24,
13456,1215.0,289,1,49.07,2025-10-24,
13457,76.0,86,2,1399.16,2025-11-29,
13458,1989.0,182,1,391.63,2025-11-26,
13459,822.0,105,3,2090.76,2026-06-09,
13460,1913.0,123,5,2454.2,2026-01-01,
13461,1497.0,236,3,1806.63,2026-06-29,
13462,358.0,272,5,1639.35,2026-02-03,
13463,,181,1,888.08,2026-05-07,
13464,217.0,254,3,1873.62,2025-11-11,
13465,1530.0,218,4,-1070.28,2026-01-02,
13466,853.0,137,5,3719.0,2025-10-12,
13467,744.0,243,2,1626.82,2026-05-14,
13468,1129.0,278,1,626.27,2025-09-21,
13469,1004.0,67,1,722.58,2025-12-17,
13470,1044.0,255,3,2178.99,2026-05-20,
13471,1023.0,231,3,2199.9,2026-04-07,
13472,489.0,231,5,3666.5,2026-03-15,
13473,1902.0,192,5,2119.7,2025-12-21,
13474,629.0,171,5,465.55,2026-03-04,
13475,482.0,111,5,3446.35,2025-11-23,
13476,1238.0,191,4,987.88,2026-04-14,
13477,962.0,297,5,2986.25,2025-09-05,
13478,719.0,64,2,1625.72,2026-07-28,
13479,1726.0,75,1,795.05,2026-04-05,
13480,410.0,42,5,1374.85,2026-02-10,
13481,1827.0,32,4,-728.84,2025-11-16,
13482,1312.0,131,4,2485.0,2026-05-19,
13483,305.0,296,1,298.23,2026-08-01,
13484,230.0,196,4,974.96,2026-07-29,
13485,1165.0,296,1,298.23,2026-07-31,
13486,1179.0,216,5,2203.8,2026-03-29,
13487,757.0,97,2,507.02,2025-09-18,
13488,436.0,123,1,490.84,2026-01-16,
13489,1567.0,40,2,142.98,2025-08-29,
13490,1141.0,285,4,2880.08,2026-01-23,
13491,658.0,111,1,689.27,2025-08-06,
13492,272.0,202,5,3444.0,2025-12-13,
13493,766.0,264,4,2127.56,2025-08-10,
13494,675.0,119,2,713.58,2025-10-06,
13495,868.0,170,2,988.46,2026-07-19,
13496,279.0,88,1,455.33,2025-10-08,
13497,1959.0,142,5,1242.55,2025-09-03,
13498,984.0,252,3,2141.55,2026-02-20,
13499,233.0,259,1,127.92,2026-04-20,
13500,323.0,96,5,1447.9,2025-09-10,
13501,1751.0,207,5,2503.25,2026-01-09,
13502,1528.0,101,3,2614.05,2026-03-12,
13503,926.0,189,1,337.7,2026-03-07,
13504,1994.0,119,5,1783.95,2025-09-01,
13505,,85,2,-56.74,2026-04-12,
13506,170.0,297,2,1194.5,2026-06-24,
13507,1046.0,226,4,393.8,2025-11-24,
13508,1855.0,221,3,783.9,2026-07-17,
13509,1163.0,5,2,612.28,2025-09-12,
13510,765.0,142,4,994.04,2025-11-01,
13511,667.0,29,3,1127.37,2026-06-06,
13512,1485.0,247,4,2489.0,2026-05-28,
13513,162.0,248,5,3449.1,2025-11-29,
13514,418.0,235,3,2674.8,2026-06-26,
13515,1371.0,38,2,1603.56,2025-11-19,
13516,619.0,155,2,549.28,2026-04-21,
13517,717.0,164,2,880.48,2026-02-07,
13518,1895.0,127,5,3953.1,2026-01-02,
13519,1413.0,40,1,71.49,2026-05-03,
13520,721.0,170,4,1976.92,2026-07-16,
13521,289.0,17,5,3808.45,2025-08-27,
13522,103.0,236,2,1204.42,2026-05-05,
13523,71.0,140,5,3760.2,2026-03-22,
13524,1212.0,97,4,1014.04,2025-11-12,
13525,1319.0,192,4,1695.76,2026-06-18,
13526,382.0,181,4,3552.32,2026-03-11,
13527,409.0,132,2,410.7,2025-10-22,
13528,834.0,296,1,298.23,2026-05-01,
13529,1823.0,275,4,2687.96,2026-02-10,
13530,1652.0,236,1,602.21,2026-06-15,
13531,646.0,267,5,1386.65,2026-01-26,
13532,819.0,167,1,431.28,2025-11-24,
13533,467.0,294,3,1464.48,2025-08-15,
13534,545.0,297,3,1791.75,2026-05-17,
13535,1610.0,55,1,856.54,2025-09-23,
13536,615.0,35,1,883.5,2026-03-22,
13537,1597.0,75,4,3180.2,2026-06-15,
13538,1275.0,243,3,2440.23,2026-05-11,
13539,571.0,99,3,1406.79,2026-07-04,
13540,235.0,300,2,1163.18,2025-09-22,
13541,1743.0,1,1,172.66,2026-03-01,
13542,1035.0,269,1,550.67,2026-01-09,
13543,852.0,280,5,3774.5,2025-11-25,
13544,1965.0,59,2,124.58,2026-04-20,
13545,503.0,80,5,1277.6,2026-04-09,
13546,1989.0,190,4,270.84,2025-11-06,
13547,1083.0,165,2,1267.3,2025-10-22,
13548,1819.0,158,5,954.65,2026-05-31,
13549,183.0,40,1,71.49,2026-08-02,
13550,77.0,167,4,1725.12,2025-08-16,
13551,939.0,97,3,760.53,2026-06-16,
13552,109.0,190,4,270.84,2025-10-02,
13553,587.0,48,4,1214.36,2026-01-16,
13554,,83,4,748.92,2026-08-30,
13555,1861.0,155,3,823.92,2026-04-08,
13556,853.0,166,3,685.35,2025-12-18,
13557,1868.0,84,1,764.58,2026-08-02,
13558,1701.0,92,1,671.41,2026-05-22,
13559,1453.0,119,3,1070.37,2025-08-16,
13560,1276.0,129,4,1967.64,2026-03-16,
13561,1360.0,87,2,936.62,2026-05-13,
13562,583.0,128,5,2430.35,2026-04-12,
13563,1714.0,3,4,2486.68,2026-03-20,
13564,505.0,43,4,2716.96,2026-01-01,
13565,566.0,152,2,1676.94,2026-05-06,
13566,1870.0,198,4,2313.4,2026-06-19,
13567,1897.0,32,5,-911.05,2025-10-16,
13568,968.0,175,3,2206.44,2025-09-19,
13569,855.0,26,1,290.49,2026-03-09,
13570,1898.0,26,2,580.98,2026-07-16,
13571,1748.0,293,5,1697.8,2025-10-17,
13572,905.0,40,1,71.49,2026-01-13,
13573,222.0,296,3,894.69,2025-12-29,
13574,691.0,201,2,782.2,2026-01-27,
13575,532.0,69,1,62.6,2026-01-30,
13576,1.0,44,2,933.46,2025-09-21,
13577,597.0,88,2,910.66,2026-03-25,
13578,693.0,55,4,3426.16,2026-05-21,
13579,785.0,205,1,374.04,2025-12-29,
13580,1855.0,264,1,531.89,2026-01-13,
13581,519.0,173,4,3099.44,2026-01-12,
13582,1499.0,44,5,2333.65,2026-01-21,
13583,250.0,172,3,1597.56,2025-09-04,
13584,1381.0,99,2,937.86,2025-08-05,
13585,803.0,101,4,3485.4,2025-09-28,
13586,288.0,185,1,142.02,2025-12-04,
13587,1926.0,266,3,1392.27,2026-05-21,
13588,1854.0,35,3,2650.5,2026-01-05,
13589,1131.0,221,3,783.9,2026-07-26,
13590,1325.0,60,4,3302.6,2025-11-06,
13591,1489.0,51,3,828.36,2025-11-20,
13592,350.0,243,5,4067.05,2025-10-11,
13593,1442.0,290,1,423.37,2026-06-16,
13594,1511.0,169,2,1390.4,2026-07-28,
13595,366.0,156,5,3343.8,2025-08-17,
13596,,88,1,455.33,2025-09-26,
13597,1318.0,300,1,581.59,2026-06-09,
13598,328.0,53,3,2309.58,2026-06-30,
13599,1865.0,293,5,1697.8,2026-06-26,
13600,232.0,139,5,3020.7,2025-09-23,
13601,583.0,149,1,798.73,2025-09-25,
13602,444.0,4,1,687.06,2026-04-26,
13603,1421.0,263,3,872.97,2026-05-03,
13604,1191.0,204,5,2618.25,2025-10-29,
13605,248.0,98,5,1016.3,2025-11-17,
13606,845.0,146,2,1380.16,2026-03-31,
13607,12.0,165,2,1267.3,2026-03-21,
13608,1681.0,62,2,1273.64,2026-03-04,
13609,923.0,16,1,362.42,2025-08-20,
13610,312.0,155,1,274.64,2025-09-02,
13611,1848.0,27,5,1234.45,2026-07-20,
13612,1438.0,260,3,1278.03,2025-10-25,
13613,1267.0,158,4,763.72,2026-05-13,
13614,1967.0,258,5,4254.75,2026-01-21,
13615,826.0,267,4,1109.32,2026-01-16,
13616,609.0,187,5,4407.5,2026-03-08,
13617,1416.0,279,1,850.96,2025-10-29,
13618,949.0,278,2,1252.54,2026-07-17,
13619,256.0,96,5,1447.9,2026-01-15,
13620,937.0,127,4,3162.48,2026-02-10,
13621,1949.0,168,5,3218.35,2025-12-22,
13622,640.0,53,4,3079.44,2026-04-01,
13623,254.0,140,-5,3760.2,2026-05-19,
13624,1630.0,161,2,739.74,2025-08-11,
13625,1147.0,77,1,755.0,2025-09-10,
13626,202.0,14,1,840.21,2026-02-05,
13627,1060.0,98,1,203.26,2026-07-06,
13628,446.0,162,2,599.34,2026-01-27,
13629,825.0,53,3,2309.58,2026-03-31,
13630,1818.0,274,2,385.54,2025-09-02,
13631,375.0,121,3,805.08,2025-12-10,
13632,1914.0,279,3,2552.88,2025-10-02,
13633,303.0,7,2,1403.44,2026-04-08,
13634,357.0,129,4,1967.64,2025-12-01,
13635,1708.0,202,4,2755.2,2025-11-20,
13636,1599.0,42,2,549.94,2026-06-17,
13637,286.0,81,1,577.52,2026-01-08,
13638,1920.0,161,2,739.74,2025-09-20,
13639,496.0,130,2,1648.86,2025-11-19,
13640,904.0,275,4,2687.96,2025-11-27,
13641,971.0,21,4,3032.28,2025-08-15,
13642,637.0,198,1,578.35,2026-04-01,
13643,1882.0,69,5,313.0,2025-10-07,
13644,1539.0,102,5,409.25,2025-10-26,
13645,1311.0,275,4,2687.96,2025-11-08,
13646,1864.0,219,4,1175.48,2026-06-02,
13647,107.0,241,3,2445.27,2026-07-04,
13648,997.0,277,4,551.76,2025-12-19,
13649,82.0,69,1,62.6,2025-08-29,
13650,366.0,230,3,1502.19,2026-01-29,
13651,42.0,150,1,717.65,2025-12-01,
13652,1432.0,124,2,1493.26,2026-07-01,
13653,1750.0,19,3,2077.8,2026-01-05,
13654,1409.0,38,1,801.78,2026-07-23,
13655,581.0,253,2,692.0,2025-12-23,
13656,706.0,237,2,732.34,2026-01-20,
13657,886.0,142,2,497.02,2026-07-13,
13658,1814.0,178,3,1141.56,2025-12-02,
13659,1526.0,34,4,2958.48,2025-09-28,
13660,1375.0,273,5,1578.85,2026-07-08,
13661,365.0,107,5,2578.85,2026-06-15,
13662,1542.0,249,4,1882.72,2026-11-03,
13663,1129.0,120,5,3626.05,2026-06-16,
13664,450.0,164,2,880.48,2025-08-25,
13665,1649.0,285,1,720.02,2025-09-16,
13666,1629.0,283,2,852.4,2026-03-06,
13667,391.0,262,5,2766.8,2026-01-01,
13668,1988.0,196,2,487.48,2025-11-08,
13669,1125.0,86,4,2798.32,2026-02-11,
13670,44.0,219,5,1469.35,2026-05-23,
13671,562.0,245,1,544.85,2025-09-23,
13672,722.0,93,2,1388.34,2025-12-30,
13673,162.0,234,2,721.64,2025-10-28,
13674,1234.0,267,5,1386.65,2025-08-30,
13675,482.0,189,5,1688.5,2026-03-13,
13676,1486.0,37,1,71.81,2026-03-20,
13677,1215.0,219,5,1469.35,2026-06-04,
13678,1333.0,96,1,289.58,2026-05-23,
13679,511.0,98,3,609.78,2025-12-21,
13680,1475.0,160,4,1802.44,2026-05-17,
13681,15.0,30,3,2651.07,2026-07-22,
13682,1016.0,241,1,815.09,2026-04-11,
13683,13.0,246,3,539.13,2025-12-31,
13684,1882.0,286,5,670.3,2026-07-18,
13685,579.0,153,5,4453.15,2026-03-30,
13686,1254.0,296,5,1491.15,2026-04-08,
13687,1603.0,205,2,748.08,2025-12-13,
13688,,178,4,1522.08,2025-12-21,
13689,1443.0,259,4,511.68,2026-03-19,
13690,1575.0,213,2,762.2,2026-05-26,
13691,1120.0,37,2,143.62,2025-10-05,
13692,1868.0,6,0,1870.02,2026-04-10,
13693,150.0,297,3,1791.75,2025-10-14,
13694,573.0,132,5,1026.75,2026-02-09,
13695,1533.0,184,3,1089.18,2026-04-28,
13696,1844.0,88,2,910.66,2026-01-22,
13697,682.0,190,5,338.55,2025-12-28,
13698,402.0,173,1,774.86,2026-07-01,
13699,1521.0,97,1,253.51,2026-07-13,
13700,138.0,168,5,3218.35,2025-11-15,
13701,198.0,180,3,1926.99,2026-06-16,
13702,427.0,298,-4,1935.0,2025-09-09,
13703,1886.0,182,1,391.63,2025-11-28,
13704,1222.0,51,1,276.12,2026-03-29,
13705,,211,4,888.6,2025-08-22,
13706,1378.0,176,1,432.85,2025-08-15,
13707,470.0,118,4,2598.08,2025-10-28,
13708,1504.0,206,3,1788.51,2026-07-31,
13709,1504.0,6,3,1870.02,2026-07-04,
13710,133.0,16,3,1087.26,2026-06-08,
13711,1018.0,252,2,1427.7,2026-07-27,
13712,486.0,73,2,295.56,2026-06-17,
13713,860.0,134,2,1267.22,2026-03-05,
13714,1612.0,250,5,2079.5,2025-12-08,
13715,1453.0,239,1,766.98,2025-08-05,
13716,444.0,102,2,163.7,2025-10-13,
13717,287.0,280,1,754.9,2026-05-20,
13718,904.0,265,1,185.77,2026-06-12,
13719,1672.0,33,0,773.65,2025-12-12,
13720,724.0,292,2,588.14,2025-12-16,
13721,1520.0,158,4,763.72,2025-08-29,
13722,1955.0,164,2,880.48,2026-05-14,
13723,1850.0,62,1,636.82,2026-05-12,
13724,1535.0,83,4,748.92,2025-10-24,
13725,867.0,163,5,3010.85,2026-06-24,
13726,1826.0,126,4,680.92,2026-08-03,
13727,180.0,112,1,470.07,2026-06-04,
13728,1723.0,157,5,260.55,2025-11-18,
13729,216.0,106,2,168.0,2026-06-03,
13730,1032.0,9,5,3953.9,2025-11-25,
13731,1995.0,207,2,1001.3,2026-09-02,
13732,1673.0,124,-1,746.63,2026-04-27,
13733,1601.0,222,3,1308.93,2025-11-12,
13734,1379.0,298,3,1451.25,2026-07-10,
13735,482.0,14,1,840.21,2026-03-06,
13736,1044.0,273,1,315.77,2026-01-07,
13737,1444.0,10,2,1583.48,2026-02-07,
13738,1121.0,214,3,2120.82,2025-09-28,
13739,1388.0,191,1,246.97,2025-10-14,
13740,265.0,20,1,819.04,2026-02-28,
13741,314.0,35,5,4417.5,2026-07-24,
13742,1447.0,156,1,668.76,2026-03-01,
13743,1115.0,130,1,824.43,2025-11-01,
13744,94.0,45,4,2915.96,2026-03-15,
13745,537.0,69,5,313.0,2025-08-05,
13746,870.0,217,1,358.81,2025-11-29,
13747,1092.0,282,4,2425.8,2026-02-03,
13748,377.0,229,2,100.38,2026-05-25,
13749,1164.0,33,3,464.19,2025-11-06,
13750,1766.0,294,4,1952.64,2025-11-03,
13751,1362.0,6,2,1246.68,2025-08-30,
13752,574.0,66,1,806.55,2025-11-11,
13753,1361.0,97,3,760.53,2026-07-30,
13754,437.0,254,3,1873.62,2025-12-23,
13755,626.0,105,3,2090.76,2025-11-20,
13756,89.0,67,1,722.58,2025-12-29,
13757,136.0,211,3,666.45,2026-05-15,
13758,603.0,24,1,94.01,2026-05-18,
13759,135.0,203,1,298.63,2026-05-02,
13760,227.0,7,3,2105.16,2025-09-06,
13761,481.0,103,1,285.74,2025-12-28,
13762,684.0,173,3,2324.58,2026-04-28,
13763,622.0,234,5,1804.1,2026-02-08,
13764,1477.0,69,1,62.6,2025-11-26,
13765,1403.0,242,2,160.08,2026-03-18,
13766,1223.0,66,2,1613.1,2026-06-23,
13767,1547.0,183,4,1448.16,2025-10-20,
13768,1346.0,238,2,1175.2,2025-10-01,
13769,774.0,44,4,1866.92,2025-12-21,
13770,1640.0,40,5,357.45,2025-09-10,
13771,1136.0,287,5,-256.1,2025-09-18,
13772,1856.0,255,5,3631.65,2025-11-14,
13773,868.0,233,4,2964.32,2026-05-02,
13774,1880.0,244,4,776.96,2026-06-04,
13775,446.0,190,1,67.71,2026-03-21,
13776,952.0,257,4,1249.36,2026-01-29,
13777,1618.0,40,2,142.98,2026-02-25,
13778,1100.0,110,5,3618.05,2026-02-21,
13779,1989.0,44,5,2333.65,2026-02-02,
13780,1259.0,294,2,976.32,2026-03-21,
13781,86.0,234,2,721.64,2026-06-20,
13782,976.0,143,5,425.7,2025-12-06,
13783,564.0,116,1,891.93,2025-10-26,
13784,1203.0,185,1,142.02,2025-08-29,
13785,700.0,130,3,2473.29,2025-09-26,
13786,1904.0,257,4,1249.36,2026-07-10,
13787,1322.0,262,1,553.36,2026-04-29,
13788,575.0,234,2,721.64,2025-08-08,
13789,1138.0,59,5,311.45,2025-11-25,
13790,1970.0,16,4,1449.68,2026-10-14,
13791,1596.0,297,4,2389.0,2026-03-19,
13792,508.0,160,1,450.61,2025-12-08,
13793,1795.0,55,3,2569.62,2025-11-23,
13794,1045.0,249,3,1412.04,2025-11-07,
13795,395.0,170,5,2471.15,2026-01-23,
13796,1572.0,292,1,294.07,2026-02-13,
13797,489.0,277,3,413.82,2026-04-14,
13798,68.0,201,2,782.2,2026-01-21,
13799,1695.0,186,3,1997.88,2026-01-17,
13800,392.0,157,5,260.55,2025-09-10,
13801,375.0,121,5,1341.8,2026-02-20,
13802,1381.0,230,1,500.73,2025-10-19,
13803,516.0,289,3,147.21,2025-08-25,
13804,467.0,16,4,1449.68,2026-05-03,
13805,1736.0,265,3,557.31,2026-02-26,
13806,18.0,216,4,1763.04,2026-06-13,
13807,1514.0,72,1,492.1,2025-12-28,
13808,1573.0,240,1,809.52,2026-02-15,
13809,940.0,182,2,783.26,2025-08-25,
13810,381.0,287,3,-153.66,2025-08-28,
13811,736.0,29,3,1127.37,2025-09-12,
13812,1548.0,179,3,1612.05,2026-05-12,
13813,547.0,113,3,1961.07,2026-05-02,
13814,922.0,145,1,389.94,2026-03-01,
13815,1388.0,265,5,928.85,2026-02-07,
13816,959.0,212,4,-1237.0,2025-11-07,
13817,1102.0,258,5,4254.75,2025-09-07,
13818,1997.0,85,2,-56.74,2025-12-04,
13819,1517.0,55,1,856.54,2025-10-24,
13820,1597.0,20,4,3276.16,2026-03-19,
13821,1896.0,72,1,492.1,2025-09-06,
13822,1575.0,142,1,248.51,2025-12-09,
13823,1557.0,159,4,458.36,2025-09-09,
13824,1603.0,35,1,883.5,2026-08-04,
13825,825.0,89,3,308.28,2025-08-30,
13826,752.0,55,4,3426.16,2025-11-10,
13827,1419.0,252,5,3569.25,2025-11-01,
13828,195.0,8,3,2612.97,2026-01-20,
13829,1131.0,12,3,2455.68,2026-02-07,
13830,991.0,219,4,1175.48,2026-02-28,
13831,857.0,42,5,1374.85,2026-01-12,
13832,306.0,132,3,616.05,2026-09-19,
13833,1577.0,222,2,872.62,2026-04-07,
13834,1687.0,150,3,2152.95,2025-09-14,
13835,1425.0,255,1,726.33,2026-06-11,
13836,1124.0,133,5,1166.95,2025-08-10,
13837,169.0,213,4,1524.4,2026-02-09,
13838,241.0,59,1,62.29,2026-06-11,
13839,955.0,258,4,3403.8,2026-03-06,
13840,497.0,8,2,1741.98,2025-09-04,
13841,949.0,81,3,1732.56,2026-03-06,
13842,1351.0,25,3,1750.44,2026-01-29,
13843,1610.0,151,2,1588.0,2025-09-11,
13844,501.0,15,4,1886.92,2025-08-22,
13845,1721.0,69,3,187.8,2026-03-31,
13846,1583.0,193,4,1543.8,2026-04-22,
13847,1257.0,272,5,1639.35,2026-01-09,
13848,1231.0,248,3,2069.46,2026-04-07,
13849,1309.0,31,2,694.2,2026-02-24,
13850,1635.0,30,3,2651.07,2025-12-07,
13851,208.0,117,5,2381.45,2026-01-16,
13852,1279.0,238,4,2350.4,2025-11-29,
13853,1175.0,257,5,1561.7,2025-09-24,
13854,828.0,74,3,1280.94,2025-12-11,
13855,581.0,294,2,976.32,2026-05-27,
13856,579.0,240,1,809.52,2026-01-28,
13857,216.0,271,1,763.79,2026-06-26,
13858,191.0,99,1,468.93,2025-08-25,
13859,1573.0,262,4,2213.44,2026-01-09,
13860,279.0,148,2,1000.46,2026-04-11,
13861,1668.0,127,1,790.62,2026-03-05,
13862,1412.0,136,3,1599.57,2026-04-15,
13863,199.0,195,3,724.14,2026-06-26,
13864,341.0,262,1,553.36,2025-08-05,
13865,1218.0,238,3,1762.8,2025-09-29,
13866,117.0,42,4,1099.88,2026-07-06,
13867,556.0,12,2,1637.12,2026-01-18,
13868,555.0,124,0,2986.52,2026-06-20,
13869,726.0,102,2,163.7,2026-03-17,
13870,607.0,196,4,974.96,2026-04-16,
13871,431.0,15,3,1415.19,2025-10-20,
13872,646.0,195,0,482.76,2025-11-07,
13873,421.0,47,2,632.48,2026-07-30,
13874,1683.0,64,1,812.86,2026-06-15,
13875,224.0,173,3,2324.58,2026-05-12,
13876,1213.0,35,1,883.5,2025-09-02,
13877,57.0,14,2,1680.42,2025-12-27,
13878,1002.0,195,1,241.38,2026-08-05,
13879,1510.0,53,2,1539.72,2025-11-15,
13880,418.0,206,5,2980.85,2025-10-13,
13881,739.0,28,1,490.2,2026-05-06,
13882,,66,2,1613.1,2026-05-20,
13883,336.0,159,3,343.77,2025-10-20,
13884,1340.0,218,4,-1070.28,2025-08-09,
13885,1672.0,126,-3,510.69,2026-01-08,
13886,544.0,103,5,1428.7,2025-08-17,
13887,1588.0,70,3,1325.91,2025-08-25,
13888,254.0,218,1,-267.57,2025-10-15,
13889,1973.0,210,1,452.28,2025-10-19,
13890,1170.0,161,5,1849.35,2025-08-26,
13891,1505.0,160,3,1351.83,2025-10-15,
13892,1623.0,73,4,591.12,2026-02-16,
13893,564.0,44,5,2333.65,2026-01-19,
13894,430.0,169,3,2085.6,2026-07-10,
13895,1097.0,225,3,2091.99,2025-12-13,
13896,1086.0,79,4,1350.32,2026-04-13,
13897,756.0,66,5,4032.75,2026-04-30,
13898,219.0,31,5,1735.5,2026-08-05,
13899,1189.0,139,5,3020.7,2025-12-13,
13900,375.0,160,1,450.61,2026-07-24,
13901,400.0,99,2,937.86,2026-05-02,
13902,759.0,178,5,1902.6,2025-08-12,
13903,1047.0,118,3,1948.56,2026-04-24,
13904,1944.0,29,2,751.58,2025-12-09,
13905,1041.0,171,2,186.22,2026-07-26,
13906,689.0,266,-1,464.09,2026-06-23,
13907,648.0,15,4,1886.92,2025-09-27,
13908,1467.0,24,4,376.04,2025-10-09,
13909,1200.0,261,1,128.83,2025-11-24,
13910,739.0,231,-2,1466.6,2026-05-19,
13911,1868.0,133,3,700.17,2025-09-11,
13912,371.0,68,3,2661.63,2025-09-11,
13913,1009.0,144,4,505.88,2025-11-25,
13914,519.0,251,4,3493.08,2026-06-07,
13915,1159.0,147,3,1786.41,2025-10-03,
13916,1627.0,200,3,2147.37,2025-08-15,
13917,627.0,126,1,170.23,2026-01-08,
13918,1653.0,219,3,881.61,2026-01-10,
13919,891.0,28,1,490.2,2026-02-07,
13920,1164.0,5,4,1224.56,2025-08-19,
13921,1893.0,273,5,1578.85,2025-09-14,
13922,610.0,70,4,1767.88,2025-12-05,
13923,258.0,280,4,3019.6,2025-09-03,
13924,1652.0,235,3,2674.8,2025-11-12,
13925,1018.0,187,2,1763.0,2025-12-07,
13926,467.0,237,5,1830.85,2026-05-18,
13927,1850.0,288,3,2614.38,2026-03-21,
13928,43.0,149,4,3194.92,2026-03-12,
13929,287.0,299,1,521.47,2025-09-29,
13930,1815.0,63,1,156.73,2025-08-12,
13931,959.0,131,1,621.25,2025-09-11,
13932,519.0,81,3,1732.56,2026-07-04,
13933,1236.0,182,2,783.26,2026-01-08,
13934,190.0,223,1,659.47,2026-01-16,
13935,1175.0,223,1,659.47,2026-07-17,
13936,1726.0,114,2,336.18,2025-11-10,
13937,64.0,130,4,3297.72,2025-10-23,
13938,294.0,226,5,492.25,2026-06-30,
13939,739.0,204,2,1047.3,2026-05-19,
13940,608.0,54,4,391.28,2026-02-22,
13941,1405.0,104,1,155.18,2025-09-28,
13942,446.0,202,1,688.8,2025-09-23,
13943,121.0,68,3,2661.63,2025-09-26,
13944,609.0,119,5,1783.95,2026-07-02,
13945,1042.0,127,5,3953.1,2025-09-27,
13946,1941.0,272,3,983.61,2025-11-20,
13947,942.0,137,2,1487.6,2025-08-19,
13948,733.0,286,5,670.3,2025-08-17,
13949,876.0,80,2,511.04,2025-12-07,
13950,1212.0,47,4,1264.96,2025-11-03,
13951,849.0,136,5,2665.95,2026-07-08,
13952,1898.0,135,3,-103.8,2026-03-21,
13953,1431.0,157,5,260.55,2025-09-24,
13954,726.0,182,5,1958.15,2025-10-15,
13955,1794.0,234,5,1804.1,2026-04-20,
13956,919.0,60,2,1651.3,2025-10-12,
13957,1010.0,99,1,468.93,2025-08-23,
13958,900.0,148,2,1000.46,2025-12-27,
13959,469.0,55,5,4282.7,2025-12-29,
13960,1909.0,68,2,1774.42,2025-09-28,
13961,331.0,144,1,126.47,2026-04-16,
13962,1977.0,110,5,3618.05,2025-08-15,
13963,1767.0,107,4,2063.08,2025-09-11,
13964,794.0,67,4,2890.32,2026-04-19,
13965,837.0,53,4,3079.44,2026-05-19,
13966,1570.0,139,-1,604.14,2026-03-31,
13967,570.0,142,1,248.51,2026-05-26,
13968,1360.0,200,3,2147.37,2025-08-23,
13969,166.0,188,1,497.46,2026-07-01,
13970,774.0,84,5,3822.9,2025-09-03,
13971,163.0,119,5,1783.95,2025-09-18,
13972,718.0,63,1,156.73,2026-05-26,
13973,1449.0,4,2,1374.12,2025-10-24,
13974,1472.0,68,5,4436.05,2025-11-12,
13975,977.0,83,1,187.23,2026-02-28,
13976,1204.0,150,3,2152.95,2025-12-02,
13977,1625.0,183,2,724.08,2025-10-25,
13978,906.0,270,2,313.04,2025-10-30,
13979,987.0,216,4,1763.04,2026-03-16,
13980,423.0,140,2,1504.08,2025-09-13,
13981,1432.0,108,3,2092.17,2025-10-18,
13982,1866.0,136,2,1066.38,2025-11-01,
13983,397.0,118,4,2598.08,2026-04-11,
13984,1066.0,69,4,250.4,2025-10-11,
13985,857.0,111,5,3446.35,2025-12-24,
13986,164.0,297,2,1194.5,2025-10-14,
13987,85.0,177,1,618.58,2026-02-21,
13988,777.0,7,2,1403.44,2025-12-30,
13989,904.0,1,4,690.64,2026-08-14,
13990,528.0,85,1,-28.37,2026-06-10,
13991,1954.0,100,3,352.32,2025-10-27,
13992,1959.0,268,4,1402.28,2025-10-05,
13993,1990.0,292,4,1176.28,2025-11-07,
13994,1792.0,176,2,865.7,2026-05-16,
13995,740.0,255,1,726.33,2026-03-25,
13996,510.0,183,4,1448.16,2025-11-11,
13997,730.0,58,1,382.31,2025-12-13,
13998,1148.0,93,1,694.17,2026-06-24,
13999,399.0,291,5,1683.35,2026-07-04,
14000,929.0,34,5,3698.1,2026-01-11,
14001,1363.0,114,1,168.09,2026-04-25,0.16
14002,976.0,186,1,665.96,2025-11-23,0.12
14003,921.0,120,4,2900.84,2025-12-12,0.17
14004,267.0,117,1,476.29,2025-09-23,0.12
14005,1928.0,99,3,1406.79,2025-10-28,0.02
14006,697.0,160,5,2253.05,2025-12-01,0.01
14007,1372.0,82,4,1888.84,2025-10-16,0.18
14008,1309.0,192,5,2119.7,2026-02-15,0.17
14009,306.0,14,5,4201.05,2026-01-07,0.08
14010,1245.0,10,-1,791.74,2025-11-28,0.01
14011,57.0,78,2,363.22,2026-06-01,0.11
14012,1785.0,245,1,544.85,2026-06-13,0.03
14013,1197.0,63,5,783.65,2025-11-28,0.17
14014,369.0,143,3,255.42,2026-03-29,0.05
14015,847.0,166,5,1142.25,2026-01-23,0.15
14016,430.0,68,2,1774.42,2026-01-18,0.02
14017,1858.0,168,5,3218.35,2026-06-08,0.16
14018,1938.0,265,4,743.08,2025-08-06,0.07
14019,913.0,236,3,1806.63,2025-10-11,0.16
14020,343.0,16,2,724.84,2025-11-15,0.04
14021,1103.0,283,5,2131.0,2026-03-19,0.01
14022,1815.0,223,1,659.47,2026-02-19,0.12
14023,689.0,35,4,3534.0,2026-01-19,0.0
14024,1940.0,144,1,126.47,2026-01-18,0.04
14025,909.0,13,1,853.92,2025-10-19,0.1
14026,1011.0,280,4,3019.6,2025-11-16,0.13
14027,665.0,265,4,743.08,2025-10-11,0.07
14028,1945.0,278,3,1878.81,2026-05-21,0.2
14029,1543.0,174,-5,3282.75,2025-08-26,0.02
14030,608.0,172,1,532.52,2026-05-15,0.12
14031,1846.0,225,2,1394.66,2026-06-15,0.05
14032,597.0,212,5,-1546.25,2026-03-19,0.14
14033,365.0,66,4,3226.2,2025-12-21,0.1
14034,1107.0,174,1,656.55,2025-11-09,0.18
14035,81.0,148,2,1000.46,2026-01-21,0.06
14036,554.0,116,5,4459.65,2026-05-23,0.15
14037,1397.0,166,1,228.45,2026-01-28,0.19
14038,300.0,133,4,933.56,2026-04-09,0.02
14039,,198,3,1735.05,2026-04-22,0.04
14040,1782.0,152,5,4192.35,2026-02-04,0.04
14041,219.0,294,3,1464.48,2026-04-04,0.09
14042,526.0,194,4,2755.08,2026-07-22,0.19
14043,1832.0,227,5,2374.65,2026-07-07,0.14
14044,1047.0,215,5,1526.2,2026-06-19,0.15
14045,645.0,185,5,710.1,2025-11-07,0.09
14046,112.0,39,1,890.65,2025-11-20,0.08
14047,1313.0,224,4,1962.36,2026-04-19,0.03
14048,1945.0,220,3,1099.98,2026-03-15,0.02
14049,484.0,230,5,2503.65,2026-03-06,0.13
14050,1252.0,231,5,3666.5,2026-04-09,0.18
14051,969.0,111,4,2757.08,2026-04-04,0.01
14052,1178.0,82,3,1416.63,2025-12-23,0.04
14053,1517.0,57,4,2785.0,2025-10-12,0.05
14054,1898.0,268,2,701.14,2026-04-03,0.18
14055,1120.0,127,4,3162.48,2026-02-04,0.0
14056,600.0,226,1,98.45,2026-06-23,0.01
14057,706.0,103,4,1142.96,2025-11-03,0.01
14058,765.0,261,4,515.32,2025-12-21,0.08
14059,885.0,297,2,1194.5,2026-01-09,0.18
14060,1708.0,72,1,492.1,2026-06-25,0.19
14061,962.0,113,2,1307.38,2026-06-01,0.19
14062,242.0,176,4,1731.4,2025-09-09,0.03
14063,379.0,200,4,2863.16,2025-12-12,0.2
14064,10.0,80,2,511.04,2026-04-29,0.01
14065,,175,4,2941.92,2025-10-12,0.1
14066,1614.0,295,3,1250.46,2025-12-31,0.12
14067,291.0,189,2,675.4,2026-01-09,0.14
14068,1589.0,93,3,2082.51,2025-12-27,0.08
14069,1189.0,11,1,285.15,2026-06-17,0.11
14070,1878.0,1,3,517.98,2025-12-12,0.1
14071,835.0,276,2,640.52,2026-03-11,0.13
14072,64.0,24,2,188.02,2026-06-29,0.04
14073,1682.0,138,1,287.36,2025-08-30,0.18
14074,693.0,126,4,680.92,2025-11-16,0.13
14075,1056.0,65,5,3071.7,2026-02-10,0.06
14076,1263.0,275,3,2015.97,2026-05-28,0.18
14077,1672.0,228,4,2427.92,2026-07-19,0.19
14078,873.0,256,1,172.63,2026-01-03,0.01
14079,1923.0,256,3,517.89,2025-10-05,0.08
14080,507.0,143,2,170.28,2025-12-26,0.17
14081,1606.0,17,1,761.69,2026-06-06,0.06
14082,633.0,41,4,3125.76,2025-11-08,0.18
14083,794.0,146,2,1380.16,2026-07-09,0.11
14084,489.0,43,4,2716.96,2026-04-10,0.1
14085,382.0,235,4,3566.4,2026-02-19,0.17
14086,1450.0,184,4,1452.24,2025-08-28,0.1
14087,1514.0,155,1,274.64,2026-04-02,0.07
14088,896.0,192,5,2119.7,2026-07-26,0.09
14089,595.0,269,2,1101.34,2026-01-13,0.15
14090,138.0,256,3,517.89,2026-01-13,0.05
14091,741.0,251,5,4366.35,2025-11-29,0.18
14092,223.0,33,3,464.19,2025-09-14,0.15
14093,963.0,258,5,4254.75,2025-11-16,0.03
14094,1406.0,107,3,1547.31,2026-02-04,0.11
14095,280.0,43,2,1358.48,2026-06-04,0.04
14096,1781.0,113,5,3268.45,2025-12-26,0.12
14097,252.0,269,2,1101.34,2025-10-29,0.06
14098,945.0,13,1,853.92,2025-11-09,0.14
14099,1764.0,63,2,313.46,2026-01-09,0.19
14100,1472.0,4,3,2061.18,2026-06-30,0.05
14101,1891.0,262,3,1660.08,2026-03-18,0.16
14102,1892.0,215,4,1220.96,2026-05-03,0.16
14103,1700.0,37,3,215.43,2025-12-27,0.17
14104,1504.0,137,1,743.8,2025-10-05,0.19
14105,15.0,195,4,965.52,2025-11-25,0.06
14106,1207.0,214,5,3534.7,2026-07-12,0.17
14107,1827.0,296,1,298.23,2026-01-23,0.02
14108,902.0,159,3,343.77,2026-06-02,0.13
14109,1540.0,252,4,2855.4,2025-11-18,0.16
14110,1474.0,191,4,987.88,2026-07-29,0.09
14111,985.0,206,3,1788.51,2026-05-28,0.19
14112,723.0,24,5,470.05,2026-01-04,0.03
14113,1741.0,257,3,937.02,2026-01-20,0.13
14114,675.0,224,3,1471.77,2026-05-11,0.18
14115,1006.0,95,1,426.65,2025-12-06,0.07
14116,1277.0,148,5,2501.15,2026-04-21,0.11
14117,276.0,254,5,3122.7,2025-11-03,0.12
14118,295.0,257,4,1249.36,2025-12-14,0.09
14119,291.0,154,3,2414.28,2025-10-24,0.03
14120,1407.0,221,1,261.3,2026-03-10,0.14
14121,849.0,186,1,665.96,2026-03-18,0.18
14122,1694.0,88,5,2276.65,2026-05-03,0.11
14123,885.0,119,5,1783.95,2026-04-29,0.16
14124,127.0,142,1,248.51,2026-05-03,0.08
14125,626.0,246,2,359.42,2026-07-30,0.08
14126,1197.0,222,2,872.62,2026-01-10,0.01
14127,,84,1,764.58,2025-09-23,0.05
14128,1115.0,100,1,117.44,2026-05-27,0.14
14129,496.0,291,2,673.34,2026-04-08,0.16
14130,1888.0,41,1,781.44,2026-07-13,0.02
14131,1370.0,261,3,386.49,2026-05-29,0.0
14132,1028.0,182,3,1174.89,2026-03-16,0.11
14133,1021.0,176,5,2164.25,2026-03-07,0.06
14134,729.0,69,3,187.8,2026-07-15,0.03
14135,704.0,202,1,688.8,2025-12-14,0.01
14136,1247.0,99,4,1875.72,2026-05-22,0.09
14137,932.0,130,3,2473.29,2025-11-10,0.14
14138,650.0,268,2,701.14,2025-10-03,0.01
14139,1802.0,232,5,2454.85,2025-11-25,0.11
14140,1460.0,257,4,1249.36,2025-10-22,0.19
14141,715.0,124,3,2239.89,2026-07-11,0.19
14142,885.0,218,5,-1337.85,2026-07-24,0.19
14143,1655.0,127,2,1581.24,2026-05-06,0.17
14144,1456.0,295,3,1250.46,2026-05-25,0.18
14145,1361.0,276,4,1281.04,2026-01-02,0.05
14146,1892.0,238,5,2938.0,2026-02-12,0.03
14147,1419.0,199,1,80.32,2026-07-29,0.02
14148,1588.0,299,1,521.47,2026-03-23,0.16
14149,541.0,222,2,872.62,2025-10-02,0.17
14150,863.0,157,4,208.44,2025-11-28,0.14
14151,402.0,87,5,2341.55,2025-09-14,0.08
14152,282.0,275,3,2015.97,2025-12-14,0.09
14153,994.0,186,1,665.96,2026-02-05,0.19
14154,890.0,235,2,1783.2,2025-09-05,0.1
14155,1665.0,25,1,583.48,2025-10-04,0.18
14156,1666.0,68,4,3548.84,2026-04-10,0.02
14157,641.0,30,5,4418.45,2026-01-29,0.17
14158,385.0,66,1,806.55,2026-07-06,0.11
14159,207.0,233,2,1482.16,2026-04-12,0.18
14160,1305.0,64,3,2438.58,2026-05-03,0.02
14161,1842.0,22,3,406.86,2026-08-02,0.07
14162,1693.0,196,2,487.48,2026-01-14,0.06
14163,1411.0,139,4,2416.56,2025-10-20,0.04
14164,801.0,19,1,692.6,2026-05-21,0.07
14165,1295.0,209,2,1582.62,2026-04-04,0.16
14166,75.0,109,3,451.95,2026-03-05,0.1
14167,1499.0,148,2,1000.46,2026-08-01,0.03
14168,493.0,66,3,2419.65,2025-10-31,0.13
14169,30.0,47,3,948.72,2025-12-08,0.05
14170,642.0,254,3,1873.62,2025-11-18,0.19
14171,135.0,270,3,469.56,2025-10-26,0.13
14172,290.0,82,1,472.21,2026-08-05,0.18
14173,389.0,271,3,2291.37,2026-04-18,0.15
14174,1000.0,178,1,380.52,2025-11-24,0.06
14175,435.0,8,5,4354.95,2026-01-11,0.15
14176,1056.0,127,2,1581.24,2026-03-06,0.01
14177,1246.0,300,5,2907.95,2025-12-10,0.16
14178,543.0,13,2,1707.84,2026-02-15,0.05
14179,177.0,155,2,549.28,2026-05-22,0.0
14180,992.0,7,4,2806.88,2026-01-18,0.02
14181,483.0,286,2,268.12,2025-11-08,0.14
14182,1550.0,124,2,1493.26,2026-04-21,0.17
14183,1003.0,244,2,388.48,2026-03-17,0.09
14184,903.0,176,3,1298.55,2025-08-15,0.08
14185,909.0,225,2,1394.66,2026-01-12,0.07
14186,657.0,116,3,2675.79,2026-06-05,0.06
14187,959.0,55,3,2569.62,2025-09-13,0.19
14188,833.0,93,4,2776.68,2026-01-04,0.09
14189,1189.0,174,2,1313.1,2026-05-15,0.04
14190,1244.0,296,2,596.46,2026-03-02,0.05
14191,1705.0,237,1,366.17,2025-10-01,0.03
14192,121.0,36,3,2213.67,2025-11-27,0.19
14193,1812.0,51,2,552.24,2026-03-12,0.05
14194,1167.0,114,2,336.18,2026-02-03,0.01
14195,1268.0,81,4,2310.08,2026-03-22,0.17
14196,1319.0,277,5,689.7,2026-04-10,0.18
14197,1827.0,259,2,255.84,2025-11-04,0.06
14198,387.0,229,4,200.76,2026-04-01,0.04
14199,1703.0,290,1,423.37,2026-03-29,0.03
14200,922.0,23,-2,289.58,2026-05-24,0.18
14201,905.0,57,2,1392.5,2026-07-16,0.07
14202,1428.0,125,5,1020.35,2026-05-26,0.16
14203,1368.0,162,4,1198.68,2026-03-05,0.18
14204,173.0,148,2,1000.46,2026-06-06,0.16
14205,1926.0,46,4,2232.44,2026-04-17,0.13
14206,1707.0,91,1,561.73,2025-09-03,0.19
14207,1225.0,201,3,1173.3,2026-01-13,0.02
14208,1709.0,2,3,1980.66,2025-09-11,0.05
14209,1796.0,202,3,2066.4,2025-12-20,0.04
14210,515.0,137,3,2231.4,2026-07-05,0.04
14211,1656.0,83,5,936.15,2025-10-31,0.16
14212,302.0,48,3,910.77,2026-04-23,0.03
14213,950.0,4,0,687.06,2026-02-15,0.13
14214,816.0,85,4,-113.48,2025-09-06,0.14
14215,322.0,123,3,1472.52,2025-09-13,0.09
14216,1849.0,25,5,2917.4,2026-01-04,0.18
14217,655.0,229,5,250.95,2026-07-19,0.13
14218,1233.0,55,1,856.54,2026-06-04,0.18
14219,1538.0,97,5,1267.55,2026-02-21,0.07
14220,90.0,21,1,758.07,2026-04-16,0.12
14221,434.0,31,4,1388.4,2025-10-20,0.13
14222,1054.0,72,3,1476.3,2026-05-01,0.15
14223,1909.0,218,4,-1070.28,2026-01-31,0.09
14224,825.0,170,3,1482.69,2025-09-08,0.07
14225,982.0,212,1,-309.25,2025-08-16,0.03
14226,1340.0,159,4,458.36,2025-11-08,0.01
14227,1646.0,149,3,2396.19,2025-08-13,0.08
14228,377.0,111,2,1378.54,2026-02-14,0.14
14229,1329.0,194,3,2066.31,2026-06-14,0.16
14230,584.0,212,5,-1546.25,2025-10-24,0.19
14231,608.0,34,3,2218.86,2026-02-05,0.15
14232,248.0,103,3,857.22,2025-09-24,0.09
14233,643.0,254,2,1249.08,2025-12-30,0.19
14234,751.0,35,5,4417.5,2025-08-27,0.02
14235,1166.0,256,4,690.52,2026-02-04,0.13
14236,740.0,184,5,1815.3,2026-04-30,0.18
14237,1617.0,210,3,1356.84,2025-10-08,0.08
14238,1445.0,22,2,271.24,2026-06-01,0.04
14239,374.0,162,2,599.34,2026-06-23,0.11
14240,1057.0,203,3,895.89,2026-06-01,0.05
14241,18.0,72,1,492.1,2025-08-06,0.11
14242,668.0,95,2,853.3,2025-09-11,0.02
14243,724.0,136,3,1599.57,2025-11-19,0.1
14244,929.0,189,2,675.4,2026-03-01,0.13
14245,813.0,118,4,2598.08,2026-03-31,0.08
14246,584.0,140,1,752.04,2026-01-16,0.03
14247,439.0,220,3,1099.98,2026-06-17,0.01
14248,1117.0,242,-1,80.04,2026-02-08,0.02
14249,367.0,250,2,831.8,2026-03-08,0.12
14250,34.0,74,1,426.98,2026-07-22,0.12
14251,1308.0,103,3,857.22,2026-05-08,0.15
14252,1242.0,160,2,901.22,2025-08-12,0.03
14253,179.0,190,1,67.71,2026-03-08,0.14
14254,808.0,157,5,260.55,2026-07-19,0.18
14255,53.0,286,3,402.18,2025-09-28,0.09
14256,1659.0,222,5,2181.55,2026-01-02,0.07
14257,959.0,28,5,2451.0,2026-05-16,0.11
14258,1540.0,109,3,451.95,2025-11-19,0.1
14259,50.0,235,5,4458.0,2026-03-15,0.01
14260,320.0,225,5,3486.65,2025-10-24,0.06
14261,804.0,205,4,1496.16,2025-09-19,0.08
14262,455.0,159,5,572.95,2025-09-25,0.09
14263,1298.0,3,5,3108.35,2025-09-21,0.06
14264,1036.0,266,4,1856.36,2025-11-23,0.03
14265,1085.0,183,1,362.04,2026-01-06,0.07
14266,685.0,297,2,1194.5,2026-06-05,0.16
14267,1170.0,219,2,587.74,2025-10-20,0.1
14268,779.0,95,4,1706.6,2026-03-22,0.11
14269,1654.0,75,2,1590.1,2026-05-30,0.18
14270,918.0,74,3,1280.94,2025-11-28,0.15
14271,502.0,82,4,1888.84,2026-06-05,0.13
14272,1888.0,156,4,2675.04,2026-06-01,0.11
14273,1969.0,85,4,-113.48,2026-01-23,0.01
14274,363.0,139,4,2416.56,2026-01-06,0.04
14275,1307.0,124,3,2239.89,2025-10-15,0.05
14276,815.0,221,4,1045.2,2025-12-08,0.02
14277,1920.0,181,1,888.08,2026-04-11,0.19
14278,1120.0,198,1,578.35,2025-11-20,0.01
14279,811.0,194,5,3443.85,2026-06-26,0.03
14280,1552.0,282,4,2425.8,2025-09-29,0.15
14281,1958.0,267,5,1386.65,2026-05-22,0.09
14282,1991.0,87,3,1404.93,2026-03-17,0.05
14283,1545.0,131,1,621.25,2026-06-23,0.05
14284,1066.0,185,1,142.02,2026-04-07,0.19
14285,1639.0,166,4,913.8,2025-10-07,0.02
14286,97.0,154,3,2414.28,2026-01-02,0.17
14287,1425.0,277,2,275.88,2026-06-28,0.13
14288,508.0,52,5,1762.25,2026-05-04,0.11
14289,1187.0,63,4,626.92,2025-11-28,0.15
14290,862.0,138,4,1149.44,2025-12-16,0.12
14291,1012.0,70,2,883.94,2026-05-23,0.19
14292,1129.0,127,5,3953.1,2026-01-09,0.16
14293,,47,2,632.48,2025-10-23,0.19
14294,790.0,15,1,471.73,2026-07-27,0.04
14295,370.0,257,3,937.02,2026-06-17,0.01
14296,1188.0,79,2,675.16,2025-10-18,0.02
14297,150.0,78,2,363.22,2026-03-25,0.19
14298,1305.0,125,4,816.28,2025-09-16,0.15
14299,597.0,112,1,470.07,2026-01-30,0.15
14300,163.0,284,2,999.12,2025-09-27,0.03
14301,501.0,24,2,188.02,2026-05-22,0.02
14302,384.0,219,4,1175.48,2026-08-01,0.01
14303,1275.0,58,2,764.62,2026-03-20,0.07
14304,201.0,10,2,1583.48,2026-07-05,0.13
14305,1302.0,234,4,1443.28,2026-06-14,0.06
14306,16.0,295,1,416.82,2026-03-21,0.14
14307,1309.0,54,5,489.1,2026-04-06,0.2
14308,771.0,41,4,3125.76,2026-07-20,0.17
14309,1924.0,109,2,301.3,2025-11-29,0.06
14310,489.0,159,5,572.95,2025-08-09,0.05
14311,1864.0,112,5,2350.35,2025-10-27,0.16
14312,1871.0,59,3,186.87,2026-01-05,0.01
14313,624.0,146,4,2760.32,2026-06-19,0.09
14314,953.0,60,1,825.65,2026-03-15,0.2
14315,927.0,30,5,4418.45,2025-11-14,0.0
14316,1092.0,248,2,1379.64,2026-02-17,0.19
14317,110.0,17,3,2285.07,2026-06-29,0.01
14318,20.0,122,5,3302.0,2026-04-20,0.17
14319,580.0,280,2,1509.8,2025-09-05,0.13
14320,367.0,291,1,336.67,2026-04-21,0.17
14321,780.0,86,1,699.58,2025-09-16,0.13
14322,768.0,7,1,701.72,2025-10-14,0.17
14323,544.0,110,2,1447.22,2026-04-11,0.14
14324,,280,2,1509.8,2026-01-12,0.14
14325,1457.0,180,2,1284.66,2026-05-04,0.09
14326,303.0,83,3,561.69,2026-07-24,0.13
14327,181.0,22,2,271.24,2025-12-31,0.04
14328,958.0,51,4,1104.48,2026-05-11,0.11
14329,1084.0,149,2,1597.46,2025-11-26,0.19
14330,1824.0,111,2,1378.54,2026-03-13,0.08
14331,1535.0,14,1,840.21,2026-01-30,0.15
14332,1036.0,206,4,2384.68,2025-09-08,0.02
14333,1628.0,222,4,1745.24,2026-04-02,0.17
14334,1510.0,275,4,2687.96,2026-01-11,0.03
14335,656.0,4,2,1374.12,2026-01-27,0.02
14336,,97,5,1267.55,2026-04-23,0.17
14337,907.0,87,4,1873.24,2025-08-14,0.05
14338,351.0,9,2,1581.56,2026-01-11,0.01
14339,172.0,294,3,1464.48,2026-04-26,0.1
14340,1313.0,174,2,1313.1,2026-07-16,0.17
14341,740.0,145,1,389.94,2026-03-06,0.16
14342,1069.0,40,5,357.45,2025-10-31,0.06
14343,1362.0,39,1,890.65,2025-10-28,0.07
14344,1629.0,230,3,1502.19,2025-12-10,0.06
14345,1028.0,271,3,2291.37,2025-10-29,0.06
14346,846.0,281,3,479.07,2026-03-26,0.19
14347,477.0,229,1,50.19,2025-09-17,0.16
14348,894.0,259,3,383.76,2025-08-17,0.09
14349,1503.0,252,1,713.85,2025-09-14,0.0
14350,,117,1,476.29,2026-01-03,0.09
14351,1702.0,140,3,2256.12,2025-09-15,0.01
14352,660.0,262,2,1106.72,2025-10-09,0.07
14353,1019.0,4,1,687.06,2025-12-18,0.18
14354,931.0,227,2,949.86,2026-06-05,0.13
14355,1905.0,227,2,949.86,2026-06-01,0.15
14356,1157.0,281,2,319.38,2026-03-14,0.01
14357,268.0,281,2,319.38,2025-08-15,0.0
14358,1539.0,56,1,623.99,2025-09-18,0.03
14359,57.0,99,3,1406.79,2026-01-07,0.09
14360,1094.0,101,4,3485.4,2026-06-02,0.01
14361,61.0,21,3,2274.21,2026-05-11,0.04
14362,,22,4,542.48,2025-11-08,0.01
14363,1753.0,241,3,2445.27,2026-03-13,0.19
14364,944.0,40,1,71.49,2026-03-26,0.01
14365,1108.0,202,3,2066.4,2025-11-18,0.07
14366,893.0,226,5,492.25,2026-05-16,0.18
14367,1950.0,285,4,2880.08,2026-03-20,0.04
14368,1832.0,46,2,1116.22,2025-08-18,0.19
14369,918.0,131,1,621.25,2026-05-27,0.15
14370,1300.0,13,3,2561.76,2026-05-24,0.06
14371,1111.0,42,2,549.94,2025-09-05,0.2
14372,1183.0,267,1,277.33,2025-10-19,0.01
14373,1543.0,64,1,812.86,2025-10-31,0.19
14374,1431.0,141,-3,474.15,2025-11-02,0.08
14375,900.0,206,4,2384.68,2025-11-18,0.08
14376,1763.0,37,5,359.05,2025-11-18,0.07
14377,818.0,138,5,1436.8,2025-10-27,0.15
14378,80.0,50,4,305.72,2026-02-05,0.11
14379,865.0,49,4,733.24,2026-07-27,0.06
14380,1782.0,39,4,3562.6,2026-04-20,0.19
14381,1812.0,21,2,1516.14,2026-01-14,0.03
14382,9.0,106,5,420.0,2026-06-24,0.05
14383,626.0,180,2,1284.66,2026-02-08,0.09
14384,943.0,84,4,3058.32,2026-04-17,0.13
14385,1493.0,166,2,456.9,2026-06-11,0.03
14386,1320.0,181,5,4440.4,2025-10-23,0.14
14387,1074.0,273,3,947.31,2026-04-28,0.11
14388,739.0,243,2,1626.82,2025-11-19,0.14
14389,940.0,256,2,345.26,2026-02-28,0.19
14390,1288.0,98,2,406.52,2026-06-09,0.14
14391,335.0,242,1,80.04,2025-09-12,0.14
14392,1832.0,131,1,621.25,2025-11-22,0.16
14393,1031.0,125,-5,1020.35,2025-08-22,0.08
14394,1463.0,217,2,717.62,2026-06-21,0.12
14395,1569.0,271,3,2291.37,2026-03-11,0.08
14396,546.0,274,3,578.31,2026-03-04,0.03
14397,1200.0,233,2,1482.16,2026-06-10,0.11
14398,1631.0,164,4,1760.96,2026-04-30,0.14
14399,1235.0,68,2,1774.42,2025-11-16,0.02
14400,1355.0,284,4,1998.24,2025-09-08,0.09
14401,970.0,86,2,1399.16,2026-05-14,0.05
14402,1755.0,116,2,1783.86,2025-08-29,0.06
14403,1292.0,2,4,2640.88,2025-09-01,0.03
14404,869.0,54,4,391.28,2026-07-06,0.04
14405,239.0,139,1,604.14,2026-01-20,0.05
14406,767.0,69,1,62.6,2026-02-12,0.08
14407,1807.0,101,3,2614.05,2026-03-26,0.14
14408,1992.0,176,2,865.7,2025-10-28,0.17
14409,351.0,109,4,602.6,2025-08-19,0.16
14410,860.0,271,5,3818.95,2025-09-02,0.04
14411,747.0,112,2,940.14,2025-11-10,0.09
14412,546.0,146,3,2070.24,2026-07-23,0.07
14413,417.0,61,3,1936.41,2026-03-04,0.05
14414,173.0,149,2,1597.46,2025-09-09,0.02
14415,544.0,240,3,2428.56,2025-09-14,0.18
14416,1163.0,136,3,1599.57,2026-01-07,0.07
14417,1568.0,148,2,1000.46,2025-08-09,0.16
14418,1472.0,284,5,2497.8,2025-11-22,0.06
14419,487.0,154,4,3219.04,2026-03-17,0.1
14420,331.0,188,1,497.46,2026-04-16,0.12
14421,560.0,63,4,626.92,2026-05-07,0.15
14422,1353.0,89,3,308.28,2026-03-22,0.08
14423,1222.0,92,5,3357.05,2026-04-19,0.18
14424,519.0,227,2,949.86,2026-04-17,0.09
14425,440.0,105,3,2090.76,2025-09-06,0.13
14426,768.0,271,4,3055.16,2026-05-31,0.15
14427,738.0,292,1,294.07,2025-08-14,0.05
14428,952.0,2,1,660.22,2026-08-23,0.06
14429,,62,3,1910.46,2026-06-30,0.2
14430,452.0,39,5,4453.25,2025-12-03,0.17
14431,364.0,246,5,898.55,2026-04-16,0.18
14432,696.0,121,1,268.36,2026-08-21,0.19
14433,533.0,286,2,268.12,2026-07-29,0.06
14434,53.0,101,1,871.35,2025-10-06,0.14
14435,515.0,47,2,632.48,2026-07-18,0.08
14436,1522.0,154,2,1609.52,2026-07-25,0.1
14437,632.0,197,2,791.32,2025-08-20,0.04
14438,1887.0,25,1,583.48,2025-10-02,0.05
14439,872.0,213,1,381.1,2026-02-26,0.08
14440,1486.0,200,1,715.79,2026-03-11,0.01
14441,1536.0,212,2,-618.5,2026-06-23,0.09
14442,210.0,159,5,572.95,2026-07-13,0.18
14443,1063.0,76,1,700.29,2026-01-14,0.18
14444,693.0,19,4,2770.4,2026-07-02,0.0
14445,897.0,40,3,214.47,2026-01-13,0.02
14446,210.0,298,1,483.75,2026-07-30,0.02
14447,5.0,85,3,-85.11,2025-09-20,0.03
14448,851.0,98,1,203.26,2026-01-08,0.01
14449,384.0,131,1,621.25,2026-07-26,0.18
14450,1143.0,247,2,1244.5,2026-03-04,0.19
14451,1617.0,278,4,2505.08,2025-08-17,0.2
14452,1309.0,262,2,1106.72,2026-05-22,0.03
14453,1135.0,89,1,102.76,2025-09-02,0.08
14454,1531.0,41,3,2344.32,2026-07-11,0.14
14455,289.0,281,3,479.07,2026-04-03,0.07
14456,810.0,237,0,1830.85,2026-03-26,0.15
14457,1793.0,232,5,2454.85,2025-08-20,0.05
14458,1326.0,17,1,761.69,2025-11-08,0.01
14459,1717.0,44,3,1400.19,2025-11-26,0.05
14460,29.0,132,4,821.4,2025-09-30,0.13
14461,348.0,115,4,3363.92,2025-09-21,0.05
14462,139.0,274,4,771.08,2026-06-29,0.14
14463,755.0,182,5,1958.15,2026-05-30,0.03
14464,1452.0,165,5,3168.25,2025-10-21,0.17
14465,1998.0,140,4,3008.16,2025-11-13,0.06
14466,437.0,241,4,3260.36,2026-02-15,0.18
14467,1032.0,251,5,4366.35,2026-07-18,0.03
14468,697.0,118,1,649.52,2026-05-20,0.06
14469,961.0,245,5,2724.25,2026-08-02,0.13
14470,799.0,274,2,385.54,2025-12-10,0.09
14471,639.0,9,4,3163.12,2025-11-30,0.14
14472,756.0,52,1,352.45,2026-03-07,0.12
14473,212.0,140,5,3760.2,2025-11-14,0.06
14474,1167.0,144,2,252.94,2026-07-15,0.01
14475,1993.0,122,3,1981.2,2025-10-04,0.16
14476,1087.0,14,2,1680.42,2025-08-28,0.07
14477,1268.0,283,4,1704.8,2025-10-25,0.13
14478,1468.0,197,4,1582.64,2026-11-02,0.0
14479,732.0,215,2,610.48,2025-10-20,0.06
14480,36.0,240,4,3238.08,2025-09-03,0.18
14481,1633.0,168,1,643.67,2026-01-17,0.03
14482,1025.0,30,1,883.69,2025-08-28,0.06
14483,1359.0,200,2,1431.58,2026-05-02,0.03
14484,1874.0,160,3,1351.83,2026-02-06,0.02
14485,1751.0,12,2,1637.12,2026-03-12,0.06
14486,125.0,299,3,1564.41,2026-04-22,0.1
14487,831.0,120,3,2175.63,2025-09-11,0.07
14488,1641.0,173,2,1549.72,2026-02-09,0.06
14489,1583.0,126,4,680.92,2026-06-26,0.09
14490,1686.0,170,1,494.23,2026-08-04,0.09
14491,1585.0,214,3,2120.82,2026-07-31,0.15
14492,996.0,235,2,1783.2,2026-03-22,0.18
14493,1664.0,130,5,4122.15,2025-09-12,0.15
14494,677.0,181,2,1776.16,2025-10-23,0.02
14495,1922.0,88,3,1365.99,2026-07-28,0.16
14496,859.0,283,3,1278.6,2026-03-04,0.09
14497,1352.0,27,1,246.89,2025-12-31,0.1
14498,1746.0,167,2,862.56,2025-08-27,0.03
14499,1540.0,246,5,898.55,2025-09-05,0.13
14500,561.0,90,5,1987.15,2025-12-08,0.11
14501,1797.0,220,3,1099.98,2026-06-06,0.03
14502,522.0,204,4,2094.6,2026-02-07,0.14
14503,1263.0,300,5,2907.95,2025-09-12,0.01
14504,1362.0,31,2,694.2,2026-07-03,0.1
14505,897.0,138,1,287.36,2026-05-04,0.0
14506,1556.0,287,3,-153.66,2026-07-14,0.02
14507,1928.0,293,1,339.56,2025-09-07,0.03
14508,1156.0,74,4,1707.92,2026-06-08,0.15
14509,454.0,241,3,2445.27,2026-02-13,0.17
14510,142.0,279,3,2552.88,2025-09-19,0.14
14511,1784.0,104,5,775.9,2025-10-22,0.1
14512,330.0,127,3,2371.86,2026-07-11,0.12
14513,640.0,214,1,706.94,2025-09-26,0.03
14514,45.0,223,2,1318.94,2026-06-04,0.05
14515,289.0,262,3,1660.08,2026-05-05,0.0
14516,540.0,126,2,340.46,2025-09-11,0.18
14517,1080.0,40,1,71.49,2026-03-19,0.12
14518,387.0,270,4,626.08,2026-04-26,0.09
14519,1333.0,267,2,554.66,2025-12-03,0.08
14520,1830.0,179,5,2686.75,2026-07-30,0.17
14521,85.0,112,5,2350.35,2026-06-30,0.06
14522,175.0,34,4,2958.48,2026-06-18,0.16
14523,503.0,197,1,395.66,2025-08-11,0.04
14524,1034.0,119,1,356.79,2025-09-26,0.16
14525,178.0,150,3,2152.95,2025-11-30,0.11
14526,860.0,155,2,549.28,2026-07-22,0.13
14527,1362.0,221,1,261.3,2026-02-01,0.04
14528,1881.0,9,5,3953.9,2026-04-21,0.04
14529,1865.0,114,4,672.36,2026-07-07,0.11
14530,1402.0,25,2,1166.96,2025-08-06,0.18
14531,493.0,17,5,3808.45,2025-10-06,0.19
14532,1022.0,249,4,1882.72,2026-08-02,0.19
14533,492.0,238,4,2350.4,2026-02-23,0.17
14534,774.0,176,4,1731.4,2026-03-08,0.06
14535,678.0,179,3,1612.05,2026-06-12,0.12
14536,513.0,30,2,1767.38,2026-04-16,0.18
14537,1257.0,259,1,127.92,2025-09-08,0.07
14538,734.0,129,2,983.82,2025-11-25,0.15
14539,1847.0,57,1,696.25,2025-09-09,0.01
14540,419.0,196,5,1218.7,2025-09-20,0.11
14541,482.0,191,2,493.94,2025-09-25,0.16
14542,1499.0,276,5,1601.3,2026-06-27,0.15
14543,387.0,99,2,937.86,2026-02-28,0.13
14544,748.0,43,2,1358.48,2026-01-30,0.14
14545,1995.0,36,3,2213.67,2026-07-01,0.13
14546,1530.0,162,3,899.01,2026-04-07,0.16
14547,294.0,238,1,587.6,2025-11-29,0.08
14548,284.0,9,4,3163.12,2025-12-06,0.16
14549,790.0,217,1,358.81,2025-09-27,0.09
14550,1295.0,55,3,2569.62,2026-07-23,0.2
14551,1670.0,153,3,2671.89,2026-02-09,0.1
14552,220.0,224,2,981.18,2026-08-02,0.19
14553,1152.0,216,3,1322.28,2026-05-02,0.2
14554,929.0,131,2,1242.5,2025-09-03,0.14
14555,511.0,297,4,2389.0,2026-06-01,0.01
14556,110.0,299,3,1564.41,2026-07-31,0.09
14557,1881.0,168,4,2574.68,2026-03-28,0.03
14558,323.0,86,1,699.58,2025-10-26,0.05
14559,1270.0,185,5,710.1,2026-01-21,0.04
14560,330.0,237,1,366.17,2026-02-06,0.07
14561,542.0,93,5,3470.85,2026-06-30,0.11
14562,1831.0,287,5,-256.1,2026-02-19,0.02
14563,734.0,154,5,4023.8,2025-12-26,0.19
14564,1280.0,197,3,1186.98,2026-02-11,0.12
14565,643.0,299,3,1564.41,2025-12-30,0.17
14566,612.0,202,3,2066.4,2025-11-27,0.09
14567,488.0,165,2,1267.3,2026-07-05,0.16
14568,529.0,4,1,687.06,2026-01-18,0.01
14569,621.0,190,2,135.42,2025-10-16,0.17
14570,1015.0,270,4,626.08,2026-09-18,0.11
14571,1012.0,170,3,1482.69,2025-09-01,0.18
14572,1205.0,36,5,3689.45,2025-11-05,0.09
14573,1408.0,250,5,2079.5,2026-03-08,0.07
14574,1830.0,24,1,94.01,2026-06-07,0.14
14575,1923.0,193,4,1543.8,2025-09-04,0.01
14576,1004.0,117,4,1905.16,2025-08-19,0.03
14577,1522.0,176,1,432.85,2026-09-05,0.03
14578,118.0,258,1,850.95,2026-04-09,0.16
14579,946.0,159,1,114.59,2026-02-14,0.1
14580,495.0,17,4,3046.76,2025-11-30,0.05
14581,1379.0,217,1,358.81,2026-03-31,0.05
14582,454.0,212,1,-309.25,2025-09-17,0.13
14583,1204.0,7,4,2806.88,2026-04-17,0.12
14584,1813.0,45,4,2915.96,2025-12-30,0.05
14585,1727.0,247,3,1866.75,2025-09-21,0.04
14586,1327.0,177,3,1855.74,2026-06-04,0.04
14587,1781.0,258,2,1701.9,2026-03-17,0.03
14588,,288,4,3485.84,2025-11-24,0.14
14589,1886.0,258,3,2552.85,2025-10-09,0.02
14590,867.0,182,1,391.63,2025-11-09,0.18
14591,1916.0,201,5,1955.5,2026-04-11,0.1
14592,1522.0,178,3,1141.56,2025-10-02,0.09
14593,1712.0,167,3,1293.84,2025-09-20,0.08
14594,1761.0,214,1,706.94,2025-12-18,0.08
14595,1826.0,287,5,-256.1,2025-11-23,0.06
14596,491.0,23,5,723.95,2026-07-11,0.08
14597,514.0,123,4,1963.36,2025-08-23,0.08
14598,1165.0,8,3,2612.97,2025-09-03,0.18
14599,1425.0,161,1,369.87,2026-05-07,0.08
14600,425.0,37,2,143.62,2025-11-05,0.12
14601,384.0,213,2,762.2,2025-09-06,0.03
14602,1047.0,191,1,246.97,2026-07-28,0.03
14603,828.0,203,5,1493.15,2025-12-13,0.01
14604,1944.0,66,1,806.55,2025-10-28,0.03
14605,924.0,220,5,1833.3,2025-12-11,0.17
14606,,160,5,2253.05,2025-08-24,0.15
14607,996.0,199,5,401.6,2026-01-11,0.11
14608,1170.0,270,4,626.08,2026-03-24,0.15
14609,837.0,260,5,2130.05,2026-04-19,0.15
14610,871.0,44,5,2333.65,2026-01-20,0.19
14611,332.0,30,3,2651.07,2026-04-19,0.1
14612,1452.0,27,3,740.67,2025-10-16,0.04
14613,370.0,293,2,679.12,2026-01-02,0.15
14614,865.0,289,1,49.07,2025-08-30,0.05
14615,1928.0,121,1,268.36,2026-01-09,0.02
14616,831.0,248,3,2069.46,2026-03-05,0.12
14617,1000.0,6,1,623.34,2025-11-11,0.08
14618,186.0,56,5,3119.95,2026-06-17,0.11
14619,500.0,258,4,3403.8,2025-12-16,0.09
14620,744.0,9,5,3953.9,2025-12-13,0.13
14621,10.0,116,4,3567.72,2025-10-08,0.08
14622,395.0,77,2,1510.0,2025-12-08,0.0
14623,855.0,97,3,760.53,2025-10-12,0.09
14624,932.0,181,4,3552.32,2026-05-26,0.07
14625,1570.0,149,2,1597.46,2026-04-16,0.12
14626,4.0,159,1,114.59,2026-02-13,0.16
14627,445.0,5,1,306.14,2026-05-19,0.17
14628,417.0,82,4,1888.84,2025-12-04,0.0
14629,1571.0,66,3,2419.65,2026-07-17,0.1
14630,1772.0,228,3,1820.94,2025-09-03,0.14
14631,1533.0,196,2,487.48,2025-08-05,0.16
14632,1612.0,66,2,1613.1,2025-09-27,0.07
14633,238.0,212,1,-309.25,2026-04-07,0.11
14634,1978.0,78,1,181.61,2025-12-24,0.05
14635,1407.0,277,1,137.94,2025-11-22,0.17
14636,1036.0,299,3,1564.41,2026-02-09,0.13
14637,1355.0,212,2,-618.5,2026-05-11,0.01
14638,1882.0,172,2,1065.04,2026-06-15,0.13
14639,193.0,33,1,154.73,2025-08-30,0.13
14640,1561.0,84,5,3822.9,2026-08-02,0.02
14641,62.0,249,5,2353.4,2026-05-06,0.16
14642,869.0,108,4,2789.56,2026-02-02,0.08
14643,1334.0,118,4,2598.08,2026-03-19,0.14
14644,359.0,156,4,2675.04,2026-03-03,0.1
14645,849.0,127,2,1581.24,2026-03-24,0.19
14646,1056.0,168,-5,3218.35,2026-05-05,0.06
14647,412.0,6,2,1246.68,2026-03-31,0.2
14648,101.0,252,5,3569.25,2025-11-20,0.14
14649,1706.0,143,1,85.14,2026-02-23,0.04
14650,707.0,185,2,284.04,2026-02-25,0.13
14651,1352.0,102,1,81.85,2026-07-26,0.04
14652,259.0,129,3,1475.73,2026-07-24,0.17
14653,850.0,230,3,1502.19,2025-12-22,0.09
14654,1294.0,51,5,1380.6,2026-01-17,0.07
14655,757.0,128,1,486.07,2026-01-03,0.08
14656,127.0,233,5,3705.4,2026-03-27,0.09
14657,1436.0,35,2,1767.0,2025-11-22,0.17
14658,311.0,204,3,1570.95,2026-02-17,0.06
14659,1237.0,150,5,3588.25,2026-03-14,0.01
14660,1638.0,183,2,724.08,2026-03-25,0.14
14661,1040.0,259,2,255.84,2025-10-29,0.1
14662,1858.0,87,1,468.31,2025-08-27,0.14
14663,567.0,168,1,643.67,2025-08-16,0.12
14664,848.0,227,4,1899.72,2025-12-26,0.05
14665,820.0,46,2,1116.22,2025-09-15,0.15
14666,903.0,210,3,1356.84,2026-03-22,0.08
14667,1041.0,178,2,761.04,2026-04-06,0.18
14668,1441.0,86,2,1399.16,2026-05-04,0.19
14669,1720.0,199,0,80.32,2026-05-15,0.11
14670,1451.0,168,3,1931.01,2025-12-15,0.19
14671,1153.0,13,2,1707.84,2026-01-20,0.06
14672,1595.0,135,5,-173.0,2026-01-27,0.06
14673,939.0,132,3,616.05,2025-12-18,0.1
14674,158.0,210,4,1809.12,2026-08-04,0.14
14675,1098.0,122,5,3302.0,2026-04-19,0.17
14676,34.0,176,3,1298.55,2026-07-27,0.16
14677,1743.0,18,5,364.7,2026-01-08,0.02
14678,710.0,189,5,1688.5,2025-10-24,0.14
14679,385.0,228,5,3034.9,2025-12-24,0.03
14680,1428.0,107,5,2578.85,2025-12-24,0.13
14681,1550.0,187,5,4407.5,2026-06-03,0.04
14682,1187.0,8,1,870.99,2026-02-17,0.16
14683,1305.0,45,2,1457.98,2025-11-28,0.09
14684,218.0,213,4,1524.4,2026-07-15,0.11
14685,840.0,168,2,1287.34,2025-09-30,0.01
14686,1096.0,272,4,1311.48,2026-07-01,0.01
14687,2.0,225,2,1394.66,2025-10-15,0.13
14688,1898.0,15,2,943.46,2026-01-26,0.13
14689,1925.0,110,5,3618.05,2026-04-09,0.11
14690,24.0,35,2,1767.0,2026-05-13,0.15
14691,875.0,296,5,1491.15,2025-09-07,0.08
14692,451.0,245,4,2179.4,2026-01-28,0.09
14693,1325.0,9,2,1581.56,2025-10-04,0.09
14694,1031.0,152,3,2515.41,2026-01-03,0.04
14695,862.0,193,3,1157.85,2026-01-08,0.1
14696,1187.0,236,1,602.21,2025-09-25,0.13
14697,831.0,2,3,1980.66,2026-05-27,0.13
14698,1650.0,167,4,1725.12,2026-04-15,0.06
14699,836.0,100,5,587.2,2025-12-23,0.1
14700,534.0,18,3,218.82,2026-01-09,0.08
14701,1231.0,231,2,1466.6,2025-12-25,0.05
14702,1487.0,201,3,1173.3,2025-08-15,0.12
14703,872.0,175,3,2206.44,2025-11-13,0.18
14704,1529.0,273,4,1263.08,2025-12-31,0.19
14705,1060.0,26,3,871.47,2026-07-10,0.19
14706,256.0,220,5,1833.3,2025-08-08,0.01
14707,435.0,83,3,561.69,2026-02-06,0.2
14708,1641.0,70,5,2209.85,2025-08-13,0.04
14709,648.0,215,2,610.48,2026-04-19,0.05
14710,1833.0,254,5,3122.7,2025-08-21,0.01
14711,672.0,17,5,3808.45,2025-09-06,0.1
14712,1740.0,157,1,52.11,2025-11-27,0.02
14713,251.0,151,4,3176.0,2026-07-04,0.17
14714,84.0,240,1,809.52,2026-04-15,0.01
14715,1979.0,297,1,597.25,2026-07-28,0.18
14716,430.0,18,4,291.76,2025-11-19,0.1
14717,804.0,164,3,1320.72,2025-09-17,0.09
14718,1492.0,119,3,1070.37,2026-06-26,0.1
14719,1543.0,125,4,816.28,2025-10-30,0.11
14720,1136.0,294,1,488.16,2025-08-06,0.12
14721,220.0,54,2,195.64,2026-06-18,0.11
14722,,163,5,3010.85,2025-12-29,0.1
14723,294.0,269,2,1101.34,2026-02-18,0.02
14724,602.0,7,3,2105.16,2026-04-13,0.03
14725,1341.0,278,3,1878.81,2026-01-15,0.16
14726,1291.0,90,3,1192.29,2026-07-05,0.01
14727,1344.0,45,5,3644.95,2025-10-13,0.01
14728,615.0,181,5,4440.4,2025-11-14,0.17
14729,602.0,8,5,4354.95,2026-08-28,0.03
14730,130.0,296,3,894.69,2026-06-06,0.17
14731,919.0,161,5,1849.35,2026-05-04,0.12
14732,1558.0,19,2,1385.2,2026-02-19,0.15
14733,1111.0,127,5,3953.1,2026-01-24,0.14
14734,798.0,215,4,1220.96,2026-06-03,0.17
14735,1703.0,19,4,2770.4,2026-06-14,0.03
14736,1921.0,269,5,2753.35,2025-09-13,0.06
14737,1600.0,37,2,143.62,2026-07-11,0.19
14738,1327.0,159,1,114.59,2025-08-06,0.04
14739,447.0,241,5,4075.45,2025-08-06,0.11
14740,1371.0,147,3,1786.41,2026-04-09,0.14
14741,1082.0,100,1,117.44,2026-06-16,0.02
14742,490.0,101,4,3485.4,2026-10-18,0.03
14743,1298.0,292,2,588.14,2026-01-10,0.12
14744,370.0,230,1,500.73,2026-03-03,0.08
14745,1045.0,196,2,487.48,2026-03-25,0.03
14746,251.0,3,4,2486.68,2025-08-27,0.07
14747,164.0,159,5,572.95,2026-04-23,0.11
14748,458.0,61,2,1290.94,2025-11-18,0.16
14749,1665.0,54,1,97.82,2026-06-13,0.09
14750,699.0,213,1,381.1,2026-05-27,0.09
14751,1725.0,230,4,2002.92,2025-09-12,0.09
14752,280.0,37,5,359.05,2026-02-09,0.2
14753,1243.0,287,5,-256.1,2025-09-26,0.03
14754,121.0,18,2,145.88,2026-03-01,0.18
14755,655.0,272,4,1311.48,2025-09-28,0.16
14756,733.0,139,1,604.14,2025-08-07,0.1
14757,1392.0,96,2,579.16,2026-02-04,0.17
14758,27.0,108,4,2789.56,2026-01-10,0.08
14759,988.0,251,5,4366.35,2025-10-09,0.02
14760,1556.0,87,3,1404.93,2025-10-18,0.12
14761,663.0,90,4,1589.72,2026-02-15,0.07
14762,388.0,239,1,766.98,2026-05-11,0.18
14763,1724.0,145,5,1949.7,2025-09-17,0.08
14764,195.0,133,3,700.17,2025-09-21,0.14
14765,469.0,159,3,343.77,2025-12-19,0.09
14766,909.0,91,3,1685.19,2026-07-08,0.14
14767,1090.0,153,5,4453.15,2026-06-08,0.03
14768,1476.0,166,2,456.9,2026-04-18,0.08
14769,1449.0,294,1,488.16,2025-10-06,0.02
14770,1943.0,267,3,831.99,2025-09-28,0.02
14771,645.0,53,1,769.86,2025-11-02,0.15
14772,1613.0,244,2,388.48,2025-09-29,0.05
14773,655.0,177,1,618.58,2026-03-07,0.09
14774,1013.0,147,4,2381.88,2025-10-01,0.2
14775,1354.0,189,1,337.7,2025-10-14,0.08
14776,1988.0,273,1,315.77,2025-10-11,0.12
14777,1506.0,104,5,775.9,2026-03-08,0.04
14778,458.0,35,5,4417.5,2025-10-04,0.05
14779,364.0,166,1,228.45,2025-11-23,0.15
14780,1952.0,164,5,2201.2,2025-08-10,0.09
14781,1529.0,128,3,1458.21,2026-03-01,0.15
14782,416.0,177,4,2474.32,2025-11-20,0.14
14783,1184.0,106,5,420.0,2026-02-03,0.03
14784,1990.0,154,5,4023.8,2025-12-09,0.18
14785,1576.0,71,3,289.62,2026-07-07,0.06
14786,158.0,28,3,1470.6,2025-10-04,0.06
14787,1748.0,173,4,3099.44,2026-02-25,0.11
14788,394.0,69,4,250.4,2025-10-18,0.11
14789,1647.0,4,2,1374.12,2025-12-22,0.03
14790,951.0,138,2,574.72,2026-03-28,0.02
14791,1531.0,57,5,3481.25,2026-03-22,0.13
14792,1863.0,83,5,936.15,2026-03-24,0.13
14793,1964.0,297,4,2389.0,2025-11-28,0.15
14794,1482.0,247,4,2489.0,2025-08-17,0.16
14795,51.0,111,4,2757.08,2025-08-05,0.04
14796,1335.0,285,3,2160.06,2025-11-18,0.2
14797,1552.0,241,5,4075.45,2025-09-09,0.09
14798,1079.0,95,4,1706.6,2025-08-20,0.02
14799,1632.0,97,1,253.51,2026-05-14,0.12
14800,1949.0,92,5,3357.05,2026-05-23,0.06
14801,286.0,90,2,794.86,2026-03-08,0.1
14802,380.0,1,4,690.64,2025-11-17,0.07
14803,1777.0,297,3,1791.75,2026-01-27,0.15
14804,563.0,257,3,937.02,2026-03-28,0.07
14805,1728.0,143,1,85.14,2026-06-12,0.11
14806,1104.0,85,3,-85.11,2025-09-18,0.18
14807,536.0,123,1,490.84,2025-11-01,0.15
14808,711.0,27,-2,493.78,2025-12-27,0.08
14809,1853.0,15,2,943.46,2026-07-16,0.18
14810,883.0,259,2,255.84,2026-06-04,0.09
14811,1784.0,168,3,1931.01,2025-09-13,0.12
14812,1187.0,158,4,763.72,2026-05-05,0.16
14813,738.0,280,4,3019.6,2025-09-18,0.09
14814,1197.0,219,5,1469.35,2026-08-03,0.14
14815,399.0,72,1,492.1,2025-11-08,0.03
14816,1075.0,188,1,497.46,2025-12-17,0.08
14817,1858.0,277,4,551.76,2026-04-21,0.11
14818,1967.0,198,3,1735.05,2025-08-16,0.13
14819,792.0,153,4,3562.52,2026-06-21,0.01
14820,359.0,269,5,2753.35,2026-07-02,0.04
14821,1743.0,296,2,596.46,2026-06-01,0.07
14822,1067.0,225,2,1394.66,2025-12-05,0.12
14823,957.0,149,4,3194.92,2025-10-19,0.19
14824,429.0,110,4,2894.44,2025-12-06,0.02
14825,34.0,104,2,310.36,2026-08-13,0.17
14826,86.0,151,4,3176.0,2026-01-24,0.02
14827,1982.0,81,4,2310.08,2026-07-31,0.18
14828,483.0,264,1,531.89,2025-09-30,0.19
14829,1247.0,208,3,1093.08,2025-10-07,0.01
14830,577.0,146,4,2760.32,2026-05-29,0.11
14831,1653.0,47,4,1264.96,2026-04-11,0.2
14832,1759.0,131,2,1242.5,2026-02-27,0.2
14833,1931.0,18,2,145.88,2026-03-22,0.02
14834,844.0,51,4,1104.48,2025-09-24,0.05
14835,367.0,193,4,1543.8,2026-07-29,0.2
14836,562.0,74,5,2134.9,2026-06-21,0.07
14837,149.0,163,3,1806.51,2025-08-07,0.06
14838,1302.0,2,5,3301.1,2026-06-08,0.07
14839,334.0,194,2,1377.54,2026-07-31,0.18
14840,1565.0,181,1,888.08,2026-01-21,0.17
14841,640.0,1,5,863.3,2025-11-25,0.11
14842,784.0,41,1,781.44,2025-09-19,0.15
14843,1516.0,213,1,381.1,2026-04-10,0.13
14844,,31,2,694.2,2026-05-03,0.08
14845,858.0,4,3,2061.18,2026-08-03,0.12
14846,537.0,54,4,391.28,2026-04-20,0.12
14847,1047.0,172,2,1065.04,2025-12-22,0.17
14848,1826.0,55,4,3426.16,2026-02-11,0.16
14849,149.0,160,3,1351.83,2026-03-09,0.19
14850,1284.0,214,4,2827.76,2025-08-20,0.1
14851,655.0,279,3,2552.88,2026-03-25,0.2
14852,1862.0,114,2,336.18,2026-05-26,0.02
14853,1792.0,179,1,537.35,2026-02-01,0.04
14854,1837.0,141,2,316.1,2026-02-24,0.04
14855,400.0,269,5,2753.35,2025-11-06,0.07
14856,944.0,131,1,621.25,2025-08-16,0.02
14857,1408.0,35,1,883.5,2025-09-23,0.09
14858,1057.0,88,5,2276.65,2026-07-30,0.07
14859,1355.0,87,2,936.62,2026-03-02,0.13
14860,1722.0,178,1,380.52,2025-08-11,0.09
14861,518.0,228,1,606.98,2026-07-01,0.11
14862,1346.0,120,2,1450.42,2025-09-02,0.04
14863,1565.0,63,4,626.92,2025-08-14,0.02
14864,1558.0,234,5,1804.1,2026-07-18,0.06
14865,350.0,131,1,621.25,2025-11-29,0.11
14866,600.0,283,2,852.4,2025-09-13,0.15
14867,321.0,297,-2,1194.5,2026-04-03,0.0
14868,1963.0,93,5,3470.85,2025-11-24,0.13
14869,731.0,282,1,606.45,2026-07-24,0.16
14870,1043.0,93,1,694.17,2026-07-07,0.12
14871,227.0,182,2,783.26,2026-05-08,0.17
14872,8.0,201,5,1955.5,2025-12-10,0.02
14873,1244.0,81,4,2310.08,2025-11-07,0.09
14874,1743.0,172,1,532.52,2025-11-30,0.07
14875,1509.0,30,4,3534.76,2025-09-03,0.05
14876,1536.0,70,3,1325.91,2026-03-31,0.18
14877,1818.0,33,2,309.46,2025-12-12,0.12
14878,506.0,123,1,490.84,2026-07-09,0.16
14879,94.0,87,3,1404.93,2026-05-26,0.15
14880,514.0,87,4,1873.24,2025-09-23,0.12
14881,1150.0,78,2,363.22,2026-06-06,0.05
14882,97.0,145,3,1169.82,2026-05-27,0.15
14883,1316.0,119,4,1427.16,2026-02-19,0.08
14884,1221.0,132,2,410.7,2026-05-27,0.12
14885,1727.0,137,2,1487.6,2026-07-23,0.15
14886,40.0,183,5,1810.2,2025-09-11,0.04
14887,842.0,14,5,4201.05,2026-08-01,0.13
14888,1140.0,50,3,229.29,2026-04-16,0.08
14889,1210.0,126,2,340.46,2025-11-14,0.13
14890,1664.0,264,3,1595.67,2025-11-24,0.0
14891,1920.0,30,3,2651.07,2026-02-03,0.13
14892,686.0,254,1,624.54,2026-03-08,0.12
14893,1141.0,162,1,299.67,2026-01-11,0.03
14894,1000.0,109,4,602.6,2026-06-11,0.03
14895,107.0,31,5,1735.5,2026-01-28,0.1
14896,964.0,148,3,1500.69,2025-11-24,0.11
14897,220.0,119,5,1783.95,2026-05-16,0.14
14898,993.0,242,1,80.04,2026-07-14,0.19
14899,411.0,6,1,623.34,2026-04-06,0.14
14900,1082.0,183,4,1448.16,2025-09-24,0.14
14901,1875.0,259,3,383.76,2026-03-06,0.19
14902,1381.0,203,3,895.89,2025-08-19,0.19
14903,602.0,107,4,2063.08,2025-10-12,0.16
14904,773.0,194,4,2755.08,2025-09-07,0.19
14905,449.0,227,2,949.86,2026-04-11,0.08
14906,1744.0,30,3,2651.07,2026-02-19,0.18
14907,213.0,241,3,2445.27,2026-04-23,0.03
14908,1113.0,286,1,134.06,2026-03-08,0.0
14909,1217.0,224,5,2452.95,2026-07-30,0.04
14910,1721.0,79,3,1012.74,2026-03-29,0.17
14911,1281.0,274,5,963.85,2025-10-30,0.06
14912,1190.0,157,2,104.22,2025-08-13,0.05
14913,824.0,187,1,881.5,2026-01-01,0.0
14914,1586.0,203,5,1493.15,2025-10-30,0.14
14915,765.0,248,4,2759.28,2026-05-25,0.03
14916,1149.0,221,4,1045.2,2025-12-16,0.06
14917,445.0,287,1,-51.22,2026-02-14,0.13
14918,403.0,51,4,1104.48,2026-07-25,0.08
14919,942.0,268,1,350.57,2026-03-10,0.06
14920,138.0,134,-5,3168.05,2026-04-11,0.05
14921,790.0,125,4,816.28,2026-05-07,0.18
14922,1700.0,81,5,2887.6,2025-08-14,0.18
14923,1549.0,264,2,1063.78,2026-04-23,0.12
14924,1959.0,6,2,1246.68,2025-11-01,0.12
14925,1228.0,184,2,726.12,2026-02-01,0.07
14926,1069.0,204,1,523.65,2026-03-09,0.13
14927,371.0,178,2,761.04,2026-03-20,0.12
14928,1802.0,287,4,-204.88,2026-06-01,0.05
14929,173.0,16,1,362.42,2025-09-18,0.05
14930,933.0,251,3,2619.81,2026-04-21,0.2
14931,414.0,140,4,3008.16,2025-09-30,0.13
14932,76.0,231,4,2933.2,2025-09-11,0.06
14933,855.0,21,5,3790.35,2025-10-30,0.09
14934,635.0,35,5,4417.5,2026-06-20,0.07
14935,1178.0,200,3,2147.37,2026-04-18,0.1
14936,1249.0,231,2,1466.6,2026-04-03,0.08
14937,1584.0,17,2,1523.38,2026-05-13,0.14
14938,963.0,11,3,855.45,2026-07-22,0.04
14939,1852.0,206,5,2980.85,2026-05-11,0.17
14940,1890.0,298,1,483.75,2026-01-24,0.01
14941,1660.0,11,3,855.45,2025-11-10,0.02
14942,880.0,255,3,2178.99,2026-08-01,0.12
14943,65.0,143,2,170.28,2026-07-27,0.09
14944,1839.0,83,1,187.23,2026-07-22,0.14
14945,1356.0,260,4,1704.04,2025-11-06,0.09
14946,1952.0,35,4,3534.0,2026-06-20,0.18
14947,656.0,52,4,1409.8,2026-05-11,0.1
14948,841.0,93,2,1388.34,2026-01-08,0.05
14949,66.0,36,1,737.89,2026-03-24,0.05
14950,1139.0,170,4,1976.92,2026-03-16,0.18
14951,,215,4,1220.96,2025-08-10,0.18
14952,672.0,75,4,3180.2,2025-12-06,0.16
14953,1704.0,82,5,2361.05,2026-06-17,0.01
14954,1721.0,74,5,2134.9,2025-12-11,0.02
14955,1278.0,252,5,3569.25,2026-03-07,0.13
14956,752.0,274,5,963.85,2025-12-08,0.18
14957,1183.0,85,3,-85.11,2025-12-16,0.19
14958,1280.0,299,1,521.47,2026-07-26,0.18
14959,599.0,14,5,4201.05,2026-02-12,0.02
14960,1595.0,179,5,2686.75,2026-06-05,0.07
14961,953.0,189,2,675.4,2025-12-27,0.14
14962,440.0,32,3,-546.63,2026-03-23,0.09
14963,254.0,214,2,1413.88,2026-03-15,0.11
14964,827.0,189,5,1688.5,2025-12-01,0.19
14965,1683.0,12,4,3274.24,2026-05-03,0.02
14966,1122.0,131,3,1863.75,2026-05-30,0.14
14967,1536.0,49,3,549.93,2025-08-13,0.06
14968,1529.0,3,1,621.67,2026-03-04,0.15
14969,757.0,19,4,2770.4,2026-05-26,0.08
14970,1586.0,77,2,1510.0,2025-11-21,0.17
14971,1489.0,63,1,156.73,2025-10-16,0.08
14972,1575.0,21,4,3032.28,2026-03-16,0.2
14973,1197.0,249,2,941.36,2026-07-18,0.08
14974,1502.0,83,-2,374.46,2026-05-18,0.11
14975,316.0,170,3,1482.69,2025-08-05,0.09
14976,530.0,106,3,252.0,2026-06-24,0.2
14977,1686.0,249,5,2353.4,2026-01-14,0.15
14978,236.0,77,3,2265.0,2026-03-27,0.16
14979,1664.0,246,2,359.42,2026-01-18,0.08
14980,913.0,165,3,1900.95,2026-03-12,0.15
14981,1846.0,188,5,2487.3,2026-04-09,0.17
14982,1956.0,287,2,-102.44,2025-08-23,0.13
14983,1720.0,35,1,883.5,2026-04-29,0.14
14984,1526.0,97,5,1267.55,2025-11-28,0.14
14985,113.0,182,5,1958.15,2025-12-22,0.16
14986,247.0,254,4,2498.16,2026-07-18,0.11
14987,5.0,100,4,469.76,2025-10-03,0.15
14988,593.0,55,4,3426.16,2026-02-22,0.19
14989,126.0,11,3,855.45,2026-03-29,0.19
14990,773.0,81,3,1732.56,2026-06-12,0.19
14991,602.0,31,1,347.1,2026-03-03,0.02
14992,,51,4,1104.48,2026-01-18,0.08
14993,722.0,254,4,2498.16,2025-08-10,0.03
14994,227.0,1,4,690.64,2025-12-29,0.2
14995,1448.0,230,5,2503.65,2025-08-30,0.15
14996,900.0,240,1,809.52,2026-05-14,0.09
14997,841.0,167,1,431.28,2025-08-23,0.17
14998,,152,2,1676.94,2026-01-02,0.09
14999,1878.0,292,5,1470.35,2025-12-11,0.0
15000,1049.0,151,2,1588.0,2026-01-15,0.11
15001,1861.0,52,4,1409.8,2026-01-30,0.14
15002,,237,4,1464.68,2025-11-06,0.19
15003,71.0,86,4,2798.32,2025-11-03,0.03
15004,505.0,179,3,1612.05,2026-01-27,0.19
15005,1177.0,203,2,597.26,2026-05-25,0.01
15006,863.0,262,3,1660.08,2025-11-19,0.05
15007,688.0,248,2,1379.64,2025-12-27,0.08
15008,1653.0,145,4,1559.76,2026-01-24,0.09
15009,1339.0,263,2,581.98,2026-07-18,0.01
15010,1271.0,105,4,2787.68,2025-08-21,0.0
15011,1455.0,56,3,1871.97,2025-09-06,0.16
15012,1359.0,180,1,642.33,2026-01-06,0.16
15013,487.0,202,1,688.8,2025-12-06,0.05
15014,192.0,242,2,160.08,2025-09-29,0.17
15015,1671.0,80,1,255.52,2026-01-24,0.16
15016,900.0,222,4,1745.24,2026-01-12,0.09
15017,1344.0,166,3,685.35,2025-09-10,0.0
15018,569.0,120,2,1450.42,2026-07-30,0.03
15019,1158.0,59,4,249.16,2025-10-30,0.06
15020,1437.0,172,2,1065.04,2026-01-14,0.03
15021,1871.0,257,4,1249.36,2026-04-19,0.01
15022,749.0,282,1,606.45,2026-03-10,0.11
15023,1999.0,35,2,1767.0,2025-08-31,0.19
15024,928.0,17,3,2285.07,2025-11-29,0.04
15025,775.0,60,2,1651.3,2026-03-21,0.16
15026,1551.0,228,5,3034.9,2026-07-20,0.19
15027,608.0,287,4,-204.88,2026-03-07,0.07
15028,838.0,191,2,493.94,2025-08-27,0.02
15029,903.0,62,1,636.82,2025-09-28,0.0
15030,1020.0,179,3,1612.05,2025-12-21,0.0
15031,1938.0,81,5,2887.6,2025-10-29,0.07
15032,1089.0,288,4,3485.84,2026-04-08,0.1
15033,190.0,137,3,2231.4,2025-08-12,0.03
15034,1902.0,98,3,609.78,2026-02-19,0.13
15035,1207.0,299,5,2607.35,2025-11-21,0.09
15036,1150.0,89,3,308.28,2025-10-19,0.08
15037,505.0,78,4,726.44,2026-02-06,0.06
15038,785.0,13,1,853.92,2026-05-12,0.13
15039,129.0,172,3,1597.56,2026-01-06,0.07
15040,1787.0,248,5,3449.1,2026-04-01,0.15
15041,,186,1,665.96,2026-03-31,0.12
15042,513.0,244,5,971.2,2025-10-06,0.12
15043,1711.0,112,1,470.07,2026-04-10,0.2
15044,548.0,233,2,1482.16,2026-03-31,0.15
15045,1086.0,129,3,1475.73,2026-06-30,0.13
15046,1009.0,34,-5,3698.1,2026-01-06,0.08
15047,405.0,82,1,472.21,2025-11-27,0.19
15048,813.0,214,1,706.94,2025-11-17,0.06
15049,656.0,193,1,385.95,2025-11-30,0.03
15050,509.0,221,3,783.9,2026-01-30,0.03
15051,1735.0,73,2,295.56,2026-06-01,0.14
15052,81.0,134,4,2534.44,2026-06-26,0.15
15053,5.0,262,1,553.36,2026-02-14,0.02
15054,344.0,271,1,763.79,2026-07-04,0.12
15055,1261.0,227,1,474.93,2026-07-24,0.11
15056,1586.0,140,1,752.04,2025-10-14,0.17
15057,917.0,129,2,983.82,2025-12-08,0.15
15058,1365.0,155,5,1373.2,2026-06-12,0.15
15059,1832.0,62,2,1273.64,2026-07-11,0.08
15060,1545.0,57,4,2785.0,2026-06-16,0.19
15061,1491.0,128,1,486.07,2025-08-08,0.0
15062,1055.0,10,3,2375.22,2026-02-27,0.11
15063,1747.0,7,3,2105.16,2025-11-22,0.13
15064,1120.0,261,1,128.83,2026-04-24,0.02
15065,444.0,9,2,1581.56,2025-10-15,0.06
15066,69.0,13,3,2561.76,2025-11-06,0.11
15067,695.0,58,1,382.31,2026-05-20,0.08
15068,1961.0,114,3,504.27,2025-09-28,0.13
15069,1209.0,222,5,2181.55,2026-07-20,0.01
15070,1594.0,95,1,426.65,2025-11-10,0.05
15071,842.0,36,1,737.89,2025-10-11,0.14
15072,857.0,292,3,882.21,2025-10-26,0.0
15073,330.0,71,1,96.54,2025-11-30,0.18
15074,1972.0,149,4,3194.92,2026-02-19,0.09
15075,296.0,217,3,1076.43,2025-08-06,0.1
15076,1160.0,77,0,2265.0,2026-05-29,0.1
15077,1592.0,98,4,813.04,2025-08-17,0.03
15078,1274.0,235,3,2674.8,2025-11-19,0.1
15079,1198.0,287,3,-153.66,2025-09-05,0.18
15080,154.0,165,5,3168.25,2026-01-28,0.17
15081,1766.0,200,1,715.79,2026-05-07,0.12
15082,459.0,1,2,345.32,2025-09-22,0.02
15083,757.0,133,4,933.56,2025-12-02,0.08
15084,1466.0,182,4,1566.52,2025-09-16,0.18
15085,801.0,62,0,2547.28,2026-05-11,0.07
15086,433.0,263,1,290.99,2025-12-11,0.0
15087,708.0,295,5,2084.1,2025-12-15,0.17
15088,1899.0,156,2,1337.52,2025-11-08,0.1
15089,1330.0,203,3,895.89,2026-08-05,0.02
15090,81.0,139,3,1812.42,2026-07-10,0.11
15091,1798.0,74,5,2134.9,2026-01-06,0.06
15092,1735.0,67,2,1445.16,2026-03-26,0.05
15093,556.0,242,2,160.08,2025-09-15,0.18
15094,790.0,283,4,1704.8,2025-12-10,0.05
15095,203.0,96,4,1158.32,2026-02-28,0.18
15096,1669.0,292,3,882.21,2025-12-14,0.17
15097,515.0,186,4,2663.84,2025-12-05,0.06
15098,1033.0,204,1,523.65,2026-01-30,0.15
15099,410.0,166,5,1142.25,2025-11-22,0.12
15100,1062.0,160,1,450.61,2026-06-29,0.04
15101,1722.0,139,3,1812.42,2026-03-20,0.03
15102,1087.0,243,5,4067.05,2026-07-31,0.07
15103,256.0,280,5,3774.5,2025-08-16,0.12
15104,1254.0,8,4,3483.96,2026-01-01,0.08
15105,402.0,196,5,1218.7,2025-10-11,0.04
15106,1950.0,213,2,762.2,2026-06-24,0.09
15107,492.0,84,2,1529.16,2026-02-14,0.08
15108,1652.0,121,1,268.36,2026-03-11,0.03
15109,1856.0,175,2,1470.96,2026-06-15,0.05
15110,1256.0,273,2,631.54,2025-12-30,0.15
15111,1301.0,177,3,1855.74,2025-08-10,0.2
15112,330.0,288,1,871.46,2025-10-06,0.18
15113,37.0,69,5,313.0,2025-11-20,0.02
15114,166.0,233,4,2964.32,2025-10-07,0.14
15115,267.0,14,4,3360.84,2025-12-26,0.11
15116,274.0,186,1,665.96,2026-01-27,0.15
15117,548.0,293,3,1018.68,2025-08-28,0.09
15118,569.0,187,2,1763.0,2025-11-05,0.02
15119,1273.0,145,2,779.88,2026-05-28,0.01
15120,1946.0,112,2,940.14,2025-10-26,0.05
15121,884.0,64,5,4064.3,2025-10-30,0.17
15122,,219,4,1175.48,2026-04-17,0.11
15123,865.0,26,4,1161.96,2025-09-30,0.13
15124,988.0,132,4,821.4,2026-04-03,0.13
15125,1460.0,70,1,441.97,2026-06-09,0.19
15126,605.0,41,1,781.44,2025-12-14,0.0
15127,513.0,118,5,3247.6,2026-04-24,0.05
15128,356.0,240,5,4047.6,2026-03-25,0.08
15129,916.0,44,5,2333.65,2025-11-26,0.09
15130,1543.0,244,5,971.2,2025-12-22,0.07
15131,1775.0,114,2,336.18,2025-10-14,0.19
15132,273.0,145,2,779.88,2026-08-01,0.06
15133,266.0,116,5,4459.65,2025-10-30,0.03
15134,1813.0,66,3,2419.65,2026-06-30,0.15
15135,1577.0,245,0,2179.4,2025-09-06,0.04
15136,742.0,234,3,1082.46,2025-12-08,0.09
15137,338.0,174,1,656.55,2026-04-10,0.2
15138,1797.0,267,5,1386.65,2026-03-01,0.07
15139,1917.0,48,1,303.59,2026-07-28,0.19
15140,885.0,270,3,469.56,2026-06-15,0.2
15141,389.0,117,4,1905.16,2025-09-28,0.11
15142,1458.0,299,4,2085.88,2026-02-25,0.15
15143,1705.0,251,5,4366.35,2026-01-02,0.1
15144,1662.0,153,2,1781.26,2025-10-31,0.16
15145,679.0,147,4,2381.88,2025-08-22,0.18
15146,755.0,287,2,-102.44,2025-11-21,0.13
15147,1542.0,160,4,1802.44,2025-08-12,0.09
15148,1437.0,197,5,1978.3,2026-07-25,0.19
15149,364.0,126,5,851.15,2026-06-22,0.11
15150,1322.0,124,2,1493.26,2025-09-28,0.13
15151,636.0,77,3,2265.0,2026-03-27,0.08
15152,1213.0,215,4,1220.96,2026-01-20,0.19
15153,1321.0,211,4,888.6,2026-01-04,0.09
15154,1560.0,35,5,4417.5,2025-10-15,0.11
15155,1470.0,223,2,1318.94,2026-07-22,0.08
15156,1782.0,41,2,1562.88,2026-07-13,0.11
15157,1609.0,149,3,2396.19,2026-04-30,0.12
15158,1459.0,34,1,739.62,2026-04-01,0.11
15159,471.0,225,2,1394.66,2026-03-26,0.19
15160,179.0,171,1,93.11,2025-09-09,0.12
15161,1013.0,236,2,1204.42,2026-01-23,0.1
15162,822.0,217,2,717.62,2025-10-05,0.13
15163,777.0,259,5,639.6,2025-09-12,0.18
15164,1569.0,181,3,2664.24,2026-02-09,0.19
15165,1168.0,253,4,1384.0,2025-11-27,0.02
15166,1285.0,246,5,898.55,2025-10-04,0.13
15167,91.0,70,1,441.97,2026-03-26,0.11
15168,1616.0,64,1,812.86,2025-09-27,0.01
15169,1034.0,131,2,1242.5,2026-06-23,0.16
15170,119.0,214,5,3534.7,2025-09-24,0.08
15171,660.0,164,1,440.24,2025-08-15,0.1
15172,519.0,175,1,735.48,2025-11-30,0.17
15173,1433.0,22,5,678.1,2025-09-07,0.08
15174,1360.0,51,1,276.12,2026-01-10,0.1
15175,1293.0,1,3,517.98,2026-02-01,0.19
15176,1844.0,264,4,2127.56,2026-03-03,0.04
15177,991.0,81,2,1155.04,2026-07-31,0.17
15178,1964.0,151,5,3970.0,2026-05-30,0.08
15179,1269.0,179,2,1074.7,2025-10-12,0.06
15180,1748.0,265,2,371.54,2026-07-22,0.01
15181,936.0,177,1,618.58,2025-09-20,0.02
15182,1522.0,238,2,1175.2,2025-12-22,0.07
15183,1771.0,93,2,1388.34,2026-04-27,0.18
15184,671.0,106,2,168.0,2026-08-21,0.05
15185,765.0,222,4,1745.24,2026-03-22,0.14
15186,910.0,248,4,2759.28,2025-10-12,0.04
15187,1637.0,67,4,2890.32,2026-07-20,0.17
15188,1750.0,172,5,2662.6,2026-01-09,0.1
15189,1364.0,25,2,1166.96,2025-12-31,0.01
15190,897.0,154,5,4023.8,2026-03-27,0.12
15191,964.0,132,1,205.35,2025-10-25,0.18
15192,1777.0,39,2,1781.3,2026-02-05,0.1
15193,1926.0,212,1,-309.25,2026-07-04,0.13
15194,73.0,296,5,1491.15,2026-06-24,0.1
15195,805.0,136,4,2132.76,2025-08-06,0.18
15196,1563.0,212,5,-1546.25,2026-01-05,0.1
15197,311.0,140,4,3008.16,2025-10-29,0.16
15198,246.0,47,4,1264.96,2025-09-23,0.15
15199,1573.0,88,3,1365.99,2026-06-19,0.05
15200,1025.0,200,4,2863.16,2025-12-20,0.13
15201,447.0,126,1,170.23,2026-05-23,0.03
15202,1906.0,101,4,3485.4,2025-08-17,0.2
15203,1465.0,294,3,1464.48,2026-10-31,0.03
15204,1090.0,186,3,1997.88,2025-09-21,0.09
15205,424.0,195,4,965.52,2026-06-26,0.06
15206,1986.0,6,4,2493.36,2025-11-02,0.11
15207,1355.0,48,1,303.59,2026-03-20,0.1
15208,1337.0,268,2,701.14,2025-10-04,0.12
15209,549.0,237,4,1464.68,2026-02-15,0.19
15210,376.0,213,1,381.1,2025-08-22,0.14
15211,1249.0,46,3,1674.33,2025-11-30,0.14
15212,1373.0,105,4,2787.68,2026-02-27,0.19
15213,809.0,55,5,4282.7,2026-06-04,0.04
15214,808.0,226,3,295.35,2026-08-04,0.14
15215,1189.0,131,2,1242.5,2026-06-19,0.17
15216,653.0,20,5,4095.2,2025-12-22,0.01
15217,1821.0,173,4,3099.44,2025-08-07,0.2
15218,127.0,112,1,470.07,2025-10-15,0.13
15219,298.0,103,4,1142.96,2025-10-02,0.14
15220,735.0,61,1,645.47,2025-08-22,0.14
15221,116.0,200,3,2147.37,2026-01-14,0.09
15222,1785.0,237,1,366.17,2025-09-10,0.06
15223,186.0,257,1,312.34,2026-04-22,0.04
15224,1790.0,187,2,1763.0,2026-03-20,0.19
15225,1238.0,244,2,388.48,2025-08-23,0.08
15226,1889.0,82,4,1888.84,2025-09-15,0.13
15227,650.0,84,5,3822.9,2026-03-16,0.12
15228,903.0,279,4,3403.84,2025-11-05,0.09
15229,739.0,32,3,-546.63,2026-04-11,0.06
15230,,300,1,581.59,2025-11-07,0.02
15231,1885.0,94,5,1572.2,2025-10-26,0.12
15232,599.0,50,3,229.29,2025-12-28,0.14
15233,20.0,94,4,1257.76,2026-04-02,0.01
15234,507.0,66,5,4032.75,2025-10-31,0.04
15235,264.0,54,2,195.64,2026-02-11,0.08
15236,965.0,293,2,679.12,2026-03-27,0.16
15237,321.0,216,1,440.76,2026-02-10,0.01
15238,1730.0,223,5,3297.35,2025-09-06,0.11
15239,1024.0,39,3,2671.95,2026-03-27,0.1
15240,139.0,70,5,2209.85,2025-08-28,0.11
15241,130.0,89,3,308.28,2025-08-05,0.14
15242,1542.0,181,4,3552.32,2025-08-27,0.02
15243,689.0,224,3,1471.77,2026-04-12,0.11
15244,451.0,81,2,1155.04,2025-08-13,0.14
15245,1415.0,186,2,1331.92,2025-10-15,0.11
15246,1369.0,285,4,2880.08,2026-05-07,0.01
15247,12.0,224,2,981.18,2026-03-18,0.16
15248,1121.0,78,2,363.22,2026-04-13,0.16
15249,1902.0,91,5,2808.65,2025-12-15,0.04
15250,1947.0,121,3,805.08,2026-01-19,0.03
15251,1255.0,225,5,3486.65,2025-09-12,0.1
15252,719.0,192,2,847.88,2026-09-27,0.16
15253,993.0,210,3,1356.84,2025-09-30,0.19
15254,1361.0,211,5,1110.75,2025-10-15,0.06
15255,845.0,256,3,517.89,2026-06-27,0.06
15256,70.0,185,3,426.06,2025-12-15,0.09
15257,503.0,78,5,908.05,2025-12-29,0.02
15258,1128.0,6,1,623.34,2026-05-09,0.19
15259,1119.0,26,5,1452.45,2026-05-10,0.01
15260,648.0,277,4,551.76,2026-04-24,0.08
15261,1537.0,159,3,343.77,2025-11-22,0.01
15262,228.0,174,5,3282.75,2026-05-03,0.13
15263,22.0,164,5,2201.2,2026-02-12,0.02
15264,1823.0,288,5,4357.3,2025-08-29,0.14
15265,1218.0,216,4,1763.04,2026-02-20,0.1
15266,1024.0,134,3,1900.83,2026-05-19,0.09
15267,1089.0,109,4,602.6,2025-12-26,0.16
15268,772.0,281,4,638.76,2025-12-20,0.04
15269,796.0,197,3,1186.98,2026-03-25,0.15
15270,480.0,125,2,408.14,2025-12-03,0.06
15271,567.0,228,4,2427.92,2025-08-05,0.15
15272,407.0,210,2,904.56,2026-05-14,0.19
15273,,296,2,596.46,2026-01-26,0.16
15274,1029.0,221,2,522.6,2026-03-18,0.02
15275,2.0,39,3,2671.95,2026-04-03,0.04
15276,424.0,249,3,1412.04,2026-06-16,0.11
15277,591.0,256,2,345.26,2026-07-19,0.2
15278,1974.0,26,3,871.47,2025-09-29,0.03
15279,655.0,149,1,798.73,2025-11-01,0.18
15280,970.0,2,3,1980.66,2025-08-05,0.03
15281,1279.0,214,1,706.94,2025-11-23,0.1
15282,336.0,289,4,196.28,2026-06-09,0.12
15283,1945.0,139,3,1812.42,2026-06-03,0.12
15284,2000.0,231,2,1466.6,2025-12-16,0.19
15285,1172.0,194,1,688.77,2026-05-14,0.11
15286,236.0,163,5,3010.85,2026-06-13,0.12
15287,1539.0,48,4,1214.36,2025-10-28,0.06
15288,893.0,119,4,1427.16,2025-09-27,0.07
15289,1080.0,226,5,492.25,2026-05-20,0.07
15290,1037.0,231,3,2199.9,2025-11-04,0.15
15291,928.0,178,3,1141.56,2025-09-06,0.02
15292,1097.0,58,5,1911.55,2026-01-01,0.05
15293,1963.0,135,3,-103.8,2026-04-14,0.16
15294,1882.0,200,1,715.79,2026-04-05,0.09
15295,371.0,290,3,1270.11,2026-02-03,0.07
15296,977.0,129,4,1967.64,2026-02-01,0.1
15297,1312.0,122,4,2641.6,2026-07-26,0.03
15298,1040.0,73,2,295.56,2026-06-04,0.05
15299,757.0,234,4,1443.28,2026-02-28,0.08
15300,167.0,38,5,4008.9,2026-05-30,0.19
15301,961.0,289,5,245.35,2025-09-03,0.07
15302,1783.0,253,5,1730.0,2025-11-23,0.13
15303,1497.0,114,2,336.18,2025-12-11,0.04
15304,1881.0,21,1,758.07,2025-12-29,0.01
15305,588.0,7,3,2105.16,2025-11-25,0.07
15306,472.0,59,4,249.16,2026-01-23,0.08
15307,583.0,282,3,1819.35,2026-05-17,0.01
15308,1171.0,291,1,336.67,2025-11-24,0.04
15309,595.0,156,2,1337.52,2026-06-26,0.08
15310,276.0,241,1,815.09,2025-11-08,0.04
15311,1921.0,120,2,1450.42,2026-01-24,0.18
15312,689.0,29,4,1503.16,2025-08-09,0.05
15313,1796.0,191,2,493.94,2026-06-04,0.14
15314,1911.0,242,3,240.12,2026-05-19,0.18
15315,42.0,300,5,2907.95,2025-09-19,0.11
15316,381.0,81,5,2887.6,2026-03-31,0.15
15317,827.0,62,5,3184.1,2025-11-27,0.18
15318,1148.0,269,4,2202.68,2026-05-25,0.1
15319,1033.0,167,4,1725.12,2025-12-19,0.13
15320,1594.0,283,2,852.4,2025-10-20,0.14
15321,953.0,244,2,388.48,2026-04-25,0.17
15322,98.0,218,2,-535.14,2026-03-31,0.12
15323,450.0,241,4,3260.36,2026-05-03,0.12
15324,1777.0,264,2,1063.78,2026-07-25,0.09
15325,56.0,198,4,2313.4,2025-09-14,0.11
15326,1031.0,292,4,1176.28,2026-07-28,0.16
15327,1620.0,172,1,532.52,2025-09-05,0.18
15328,569.0,29,3,1127.37,2026-04-22,0.2
15329,1443.0,24,4,376.04,2026-01-27,0.03
15330,1936.0,205,2,748.08,2026-02-14,0.12
15331,36.0,14,1,840.21,2026-01-18,0.19
15332,1413.0,119,2,713.58,2026-01-15,0.19
15333,303.0,208,3,1093.08,2026-05-08,0.09
15334,594.0,82,3,1416.63,2026-01-18,0.08
15335,1273.0,9,3,2372.34,2025-12-15,0.06
15336,872.0,41,3,2344.32,2025-08-27,0.1
15337,906.0,35,4,3534.0,2025-12-16,0.06
15338,1721.0,300,5,2907.95,2025-10-12,0.15
15339,570.0,227,2,949.86,2026-04-17,0.16
15340,186.0,162,5,1498.35,2026-02-03,0.14
15341,1374.0,284,4,1998.24,2026-04-13,0.01
15342,623.0,260,5,2130.05,2026-07-19,0.0
15343,1567.0,169,3,2085.6,2026-05-27,0.04
15344,747.0,282,1,606.45,2026-01-14,0.04
15345,1267.0,201,3,1173.3,2025-08-30,0.13
15346,1069.0,73,4,591.12,2025-09-22,0.04
15347,,190,1,67.71,2025-08-15,0.09
15348,169.0,13,3,2561.76,2026-06-05,0.16
15349,1242.0,24,4,376.04,2026-03-16,0.08
15350,1597.0,94,1,314.44,2025-10-06,0.03
15351,795.0,55,3,2569.62,2026-03-08,0.11
15352,1601.0,284,4,1998.24,2025-09-07,0.01
15353,1772.0,94,4,1257.76,2026-06-19,0.19
15354,922.0,171,2,186.22,2026-05-03,0.11
15355,229.0,286,2,268.12,2026-04-13,0.06
15356,636.0,294,2,976.32,2025-12-07,0.02
15357,982.0,243,1,813.41,2026-02-06,0.05
15358,1160.0,219,2,587.74,2026-03-05,0.01
15359,1087.0,271,3,2291.37,2025-08-26,0.04
15360,535.0,209,5,3956.55,2026-01-09,0.14
15361,1763.0,257,2,624.68,2026-04-19,0.09
15362,868.0,265,1,185.77,2025-09-02,0.09
15363,809.0,102,5,409.25,2026-06-10,0.09
15364,1914.0,212,1,-309.25,2026-05-12,0.08
15365,1913.0,247,3,1866.75,2026-04-04,0.07
15366,1607.0,183,4,1448.16,2025-08-28,0.05
15367,206.0,168,3,1931.01,2025-10-04,0.16
15368,986.0,164,4,1760.96,2025-09-25,0.18
15369,25.0,67,3,2167.74,2025-11-08,0.06
15370,1410.0,92,3,2014.23,2025-08-31,0.17
15371,1511.0,273,5,1578.85,2026-04-24,0.1
15372,1287.0,34,1,739.62,2025-09-18,0.11
15373,1083.0,164,3,1320.72,2026-01-03,0.09
15374,993.0,109,3,451.95,2026-02-06,0.1
15375,1289.0,185,4,568.08,2026-04-05,0.03
15376,314.0,270,1,156.52,2026-03-05,0.06
15377,1625.0,59,1,62.29,2026-04-25,0.06
15378,1617.0,190,1,67.71,2026-07-31,0.09
15379,502.0,156,5,3343.8,2026-01-23,0.02
15380,1072.0,195,1,241.38,2025-08-14,0.13
15381,177.0,220,1,366.66,2026-01-02,0.07
15382,1985.0,188,4,1989.84,2026-04-06,0.09
15383,,119,3,1070.37,2026-06-21,0.14
15384,93.0,226,3,295.35,2026-02-06,0.01
15385,1131.0,160,3,1351.83,2026-04-07,0.06
15386,283.0,284,5,2497.8,2026-01-18,0.03
15387,832.0,245,1,544.85,2025-10-23,0.17
15388,1397.0,293,5,1697.8,2025-12-13,0.01
15389,1244.0,197,3,1186.98,2025-11-08,0.16
15390,896.0,124,3,2239.89,2025-09-26,0.13
15391,1885.0,260,1,426.01,2025-10-02,0.14
15392,1152.0,202,2,1377.6,2025-10-21,0.04
15393,287.0,150,4,2870.6,2026-04-27,0.17
15394,667.0,156,3,2006.28,2026-02-09,0.15
15395,79.0,50,4,305.72,2026-09-20,0.1
15396,716.0,114,2,336.18,2026-03-02,0.01
15397,534.0,152,2,1676.94,2025-12-21,0.05
15398,1439.0,209,4,3165.24,2026-03-20,0.05
15399,1495.0,19,1,692.6,2025-10-04,0.01
15400,1212.0,183,2,724.08,2025-09-01,0.18
15401,560.0,281,1,159.69,2026-07-08,0.14
15402,1637.0,282,5,3032.25,2025-09-27,0.15
15403,1725.0,254,2,1249.08,2025-12-30,0.06
15404,1408.0,155,1,274.64,2026-06-18,0.12
15405,105.0,57,4,2785.0,2026-04-08,0.11
15406,432.0,258,4,3403.8,2026-02-21,0.01
15407,1027.0,8,5,4354.95,2026-05-11,0.19
15408,1965.0,204,4,2094.6,2025-11-23,0.11
15409,457.0,288,1,871.46,2026-04-13,0.18
15410,603.0,118,5,3247.6,2026-02-20,0.08
15411,1126.0,56,2,1247.98,2025-12-25,0.02
15412,781.0,28,1,490.2,2026-01-12,0.05
15413,789.0,134,4,2534.44,2025-10-29,0.2
15414,475.0,190,4,270.84,2026-07-25,0.02
15415,864.0,179,2,1074.7,2026-02-14,0.02
15416,1216.0,226,4,393.8,2025-09-06,0.1
15417,1578.0,203,2,597.26,2025-09-06,0.17
15418,1901.0,300,3,1744.77,2025-11-24,0.1
15419,1001.0,300,3,1744.77,2026-06-29,0.06
15420,123.0,20,5,4095.2,2025-10-03,0.13
15421,1605.0,259,5,639.6,2026-03-28,0.09
15422,1336.0,239,2,1533.96,2025-12-04,0.04
15423,193.0,173,4,3099.44,2025-10-18,0.19
15424,354.0,19,3,2077.8,2025-08-13,0.08
15425,1709.0,43,3,2037.72,2025-08-20,0.18
15426,180.0,130,4,3297.72,2025-08-16,0.18
15427,1738.0,171,1,93.11,2026-08-04,0.05
15428,380.0,54,3,293.46,2026-05-21,0.09
15429,1398.0,146,3,2070.24,2025-11-08,0.13
15430,1850.0,74,-5,2134.9,2026-01-28,0.16
15431,527.0,147,3,1786.41,2026-06-23,0.02
15432,1711.0,294,1,488.16,2025-12-13,0.04
15433,92.0,238,5,2938.0,2026-06-01,0.05
15434,1697.0,260,4,1704.04,2026-07-23,0.09
15435,,11,5,1425.75,2025-11-08,0.16
15436,505.0,99,4,1875.72,2026-03-14,0.12
15437,640.0,167,2,862.56,2026-05-24,0.18
15438,5.0,244,4,776.96,2026-03-01,0.14
15439,1352.0,249,3,1412.04,2026-03-12,0.14
15440,536.0,160,4,1802.44,2026-07-23,0.17
15441,1632.0,139,1,604.14,2026-05-02,0.03
15442,722.0,64,2,1625.72,2025-10-01,0.04
15443,724.0,80,3,766.56,2026-07-10,0.07
15444,405.0,45,5,3644.95,2025-11-07,0.03
15445,1703.0,221,2,522.6,2026-05-05,0.02
15446,1923.0,274,3,578.31,2026-05-02,0.02
15447,149.0,185,3,426.06,2025-09-02,0.17
15448,560.0,295,3,1250.46,2025-10-24,0.19
15449,1775.0,186,2,1331.92,2025-09-29,0.1
15450,824.0,4,3,2061.18,2025-11-13,0.18
15451,1046.0,258,1,850.95,2026-09-10,0.18
15452,1428.0,270,2,313.04,2025-12-16,0.0
15453,148.0,81,4,2310.08,2026-03-25,0.03
15454,629.0,97,2,507.02,2026-04-17,0.01
15455,434.0,95,5,2133.25,2026-04-05,0.1
15456,311.0,54,2,195.64,2026-02-16,0.08
15457,507.0,82,4,1888.84,2026-07-01,0.05
15458,920.0,210,2,904.56,2025-12-30,0.09
15459,597.0,220,4,1466.64,2025-12-30,0.09
15460,1626.0,172,5,2662.6,2026-03-30,0.1
15461,1300.0,64,5,4064.3,2025-10-25,0.17
15462,1986.0,198,5,2891.75,2025-09-23,0.09
15463,1196.0,235,3,2674.8,2026-02-06,0.14
15464,,295,3,1250.46,2026-05-25,0.12
15465,413.0,100,1,117.44,2026-02-28,0.08
15466,322.0,178,4,1522.08,2026-05-09,0.2
15467,1034.0,207,4,2002.6,2025-11-13,0.05
15468,471.0,3,3,1865.01,2025-09-14,0.08
15469,1324.0,217,4,1435.24,2026-02-11,0.1
15470,392.0,96,1,289.58,2026-04-17,0.02
15471,1791.0,64,2,1625.72,2026-03-08,0.02
15472,31.0,231,5,3666.5,2025-10-22,0.07
15473,1875.0,155,1,274.64,2026-06-12,0.04
15474,388.0,274,2,385.54,2026-04-27,0.04
15475,1049.0,164,1,440.24,2026-02-13,0.0
15476,573.0,204,4,2094.6,2026-01-12,0.11
15477,512.0,6,2,1246.68,2025-12-16,0.08
15478,1780.0,276,1,320.26,2026-03-14,0.02
15479,1083.0,114,5,840.45,2025-09-01,0.17
15480,148.0,188,2,994.92,2026-07-13,0.02
15481,1154.0,142,2,497.02,2025-12-15,0.1
15482,993.0,49,3,549.93,2026-07-18,0.05
15483,1188.0,45,3,2186.97,2025-10-25,0.16
15484,1587.0,12,4,3274.24,2026-07-28,0.09
15485,1733.0,257,4,1249.36,2026-09-07,0.04
15486,123.0,195,3,724.14,2025-09-28,0.06
15487,841.0,20,2,1638.08,2025-08-21,0.18
15488,637.0,90,2,794.86,2025-09-10,0.17
15489,1309.0,254,5,3122.7,2025-09-12,0.12
15490,215.0,75,3,2385.15,2026-06-03,0.13
15491,1780.0,282,2,1212.9,2025-11-19,0.19
15492,1931.0,219,1,293.87,2026-11-04,0.16
15493,89.0,126,3,510.69,2026-07-09,0.19
15494,124.0,65,1,614.34,2025-08-16,0.11
15495,662.0,17,1,761.69,2026-06-17,0.17
15496,1891.0,298,4,1935.0,2026-01-02,0.13
15497,1453.0,203,2,597.26,2026-06-13,0.12
15498,77.0,269,1,550.67,2025-12-20,0.11
15499,377.0,245,3,1634.55,2025-10-07,0.17
15500,811.0,217,5,1794.05,2026-05-03,0.08
15501,1093.0,192,1,423.94,2026-01-18,0.04
15502,1563.0,283,1,426.2,2026-01-04,0.08
15503,596.0,84,1,764.58,2025-11-26,0.01
15504,402.0,116,4,3567.72,2025-10-15,0.01
15505,1892.0,233,1,741.08,2026-01-19,0.06
15506,37.0,102,5,409.25,2026-01-24,0.04
15507,1831.0,6,5,3116.7,2026-07-07,0.19
15508,699.0,14,1,840.21,2026-06-08,0.17
15509,815.0,201,2,782.2,2026-07-11,0.16
15510,1296.0,247,1,622.25,2025-10-29,0.04
15511,585.0,146,4,2760.32,2026-07-09,0.1
15512,1278.0,168,4,2574.68,2026-07-15,0.1
15513,1262.0,274,5,963.85,2025-12-26,0.03
15514,946.0,119,2,713.58,2025-08-29,0.05
15515,1924.0,61,3,1936.41,2026-06-13,0.03
15516,277.0,107,2,1031.54,2025-09-30,0.11
15517,525.0,90,3,1192.29,2026-02-10,0.01
15518,1374.0,152,5,4192.35,2025-10-15,0.17
15519,1401.0,128,5,2430.35,2025-11-21,0.19
15520,1579.0,152,4,3353.88,2025-12-05,0.18
15521,1313.0,150,2,1435.3,2025-12-17,0.02
15522,1613.0,275,4,2687.96,2025-10-29,0.06
15523,1119.0,138,4,1149.44,2026-06-14,0.01
15524,356.0,244,5,971.2,2026-07-24,0.15
15525,444.0,139,4,2416.56,2025-11-09,0.08
15526,980.0,268,2,701.14,2026-02-10,0.17
15527,1328.0,185,3,426.06,2026-06-25,0.0
15528,500.0,173,5,3874.3,2025-12-24,0.11
15529,28.0,185,1,142.02,2026-04-23,0.17
15530,1986.0,256,4,690.52,2026-01-04,0.01
15531,1499.0,298,1,483.75,2025-12-04,0.04
15532,195.0,228,2,1213.96,2026-08-01,0.13
15533,1569.0,40,2,142.98,2026-05-23,0.07
15534,580.0,257,1,312.34,2026-01-01,0.04
15535,1652.0,122,1,660.4,2026-03-31,0.15
15536,862.0,216,5,2203.8,2026-02-03,0.05
15537,171.0,60,1,825.65,2026-01-11,0.06
15538,1816.0,16,1,362.42,2025-11-14,0.12
15539,670.0,103,2,571.48,2026-02-26,0.04
15540,357.0,223,2,1318.94,2026-01-23,0.16
15541,1407.0,197,1,395.66,2026-02-19,0.11
15542,1523.0,40,4,285.96,2025-11-26,0.06
15543,1716.0,198,4,2313.4,2026-03-21,0.19
15544,777.0,119,1,356.79,2026-01-17,0.02
15545,1953.0,27,5,1234.45,2025-10-06,0.03
15546,131.0,54,1,97.82,2025-10-07,0.1
15547,1234.0,230,1,500.73,2025-11-21,0.16
15548,953.0,152,3,2515.41,2026-06-17,0.18
15549,685.0,129,1,491.91,2026-06-12,0.15
15550,60.0,294,3,1464.48,2026-03-17,0.11
15551,1724.0,6,1,623.34,2025-11-24,0.17
15552,1580.0,171,4,372.44,2026-05-07,0.09
15553,323.0,120,3,2175.63,2025-12-25,0.16
15554,1225.0,116,3,2675.79,2026-06-23,0.07
15555,489.0,242,4,320.16,2025-09-20,0.07
15556,492.0,136,1,533.19,2025-08-13,0.13
15557,1443.0,15,2,943.46,2025-12-02,0.04
15558,981.0,270,4,626.08,2026-01-09,0.2
15559,849.0,28,4,1960.8,2026-04-04,0.07
15560,346.0,217,1,358.81,2025-09-27,0.06
15561,751.0,86,2,1399.16,2025-12-05,0.18
15562,589.0,226,4,393.8,2025-08-07,0.02
15563,90.0,155,5,1373.2,2026-01-12,0.07
15564,691.0,44,4,1866.92,2026-03-17,0.04
15565,1769.0,66,4,3226.2,2025-09-24,0.14
15566,335.0,253,3,1038.0,2026-11-02,0.08
15567,1080.0,63,3,470.19,2026-01-14,0.09
15568,1441.0,268,5,1752.85,2025-12-09,0.18
15569,1654.0,269,5,2753.35,2025-12-31,0.14
15570,1766.0,206,5,2980.85,2026-02-28,0.05
15571,650.0,245,1,544.85,2026-07-31,0.17
15572,137.0,59,1,62.29,2025-12-12,0.05
15573,322.0,135,1,-34.6,2026-07-04,0.06
15574,747.0,257,3,937.02,2025-09-16,0.18
15575,445.0,214,4,2827.76,2025-09-29,0.01
15576,153.0,105,4,2787.68,2026-06-18,0.18
15577,190.0,241,3,2445.27,2026-04-23,0.11
15578,824.0,1,4,690.64,2025-08-26,0.12
15579,1341.0,159,3,343.77,2026-07-07,0.01
15580,1517.0,181,4,3552.32,2026-01-15,0.16
15581,16.0,99,3,1406.79,2026-05-29,0.18
15582,826.0,47,4,1264.96,2025-09-23,0.18
15583,60.0,46,4,2232.44,2026-05-23,0.08
15584,233.0,106,1,84.0,2026-01-25,0.02
15585,437.0,65,4,2457.36,2026-07-11,0.11
15586,1294.0,47,5,1581.2,2026-01-14,0.17
15587,333.0,45,4,2915.96,2026-05-08,0.01
15588,963.0,126,3,510.69,2026-02-12,0.12
15589,532.0,184,4,1452.24,2025-10-13,0.0
15590,131.0,33,5,773.65,2026-03-24,0.13
15591,1753.0,163,3,1806.51,2025-11-02,0.03
15592,1454.0,205,1,374.04,2026-05-19,0.18
15593,1680.0,225,5,3486.65,2025-12-07,0.19
15594,252.0,149,1,798.73,2026-05-04,0.08
15595,556.0,144,2,252.94,2025-08-13,0.15
15596,1967.0,89,3,308.28,2026-09-22,0.13
15597,520.0,36,1,737.89,2026-01-23,0.18
15598,1798.0,243,3,2440.23,2026-03-19,0.06
15599,296.0,203,4,1194.52,2026-06-03,0.05
15600,260.0,271,2,1527.58,2025-10-27,0.05
15601,1833.0,32,4,-728.84,2025-11-12,0.2
15602,1521.0,151,2,1588.0,2026-04-27,0.01
15603,1886.0,41,4,3125.76,2026-07-11,0.1
15604,460.0,205,1,374.04,2025-11-17,0.1
15605,1286.0,179,1,537.35,2026-07-07,0.14
15606,572.0,77,2,1510.0,2025-09-27,0.18
15607,653.0,217,4,1435.24,2025-09-02,0.03
15608,870.0,254,3,1873.62,2025-09-24,0.05
15609,202.0,97,2,507.02,2026-03-16,0.19
15610,1624.0,139,5,3020.7,2025-09-16,0.06
15611,1596.0,221,1,261.3,2025-11-29,0.06
15612,197.0,148,1,500.23,2026-01-21,0.14
15613,1902.0,110,4,2894.44,2026-07-08,0.13
15614,1313.0,115,3,2522.94,2026-06-04,0.09
15615,1551.0,124,1,746.63,2026-04-17,0.14
15616,1226.0,255,5,3631.65,2025-12-27,0.17
15617,1097.0,24,4,376.04,2026-07-20,0.09
15618,1532.0,165,4,2534.6,2025-08-06,0.08
15619,1640.0,58,5,1911.55,2025-10-16,0.15
15620,562.0,117,1,476.29,2025-10-01,0.02
15621,1309.0,166,3,685.35,2026-06-06,0.06
15622,493.0,157,4,208.44,2025-10-20,0.05
15623,1341.0,115,3,2522.94,2025-11-26,0.17
15624,885.0,241,2,1630.18,2026-07-17,0.15
15625,193.0,245,1,544.85,2026-02-12,0.13
15626,320.0,258,3,2552.85,2026-01-31,0.17
15627,157.0,186,2,1331.92,2026-03-06,0.13
15628,100.0,248,3,2069.46,2026-07-03,0.05
15629,439.0,3,5,3108.35,2026-11-01,0.09
15630,1062.0,43,1,679.24,2026-08-03,0.07
15631,1173.0,204,5,2618.25,2026-07-02,0.14
15632,1511.0,138,1,287.36,2026-05-03,0.12
15633,44.0,87,5,2341.55,2026-04-21,0.07
15634,1227.0,182,1,391.63,2026-05-15,0.07
15635,1029.0,293,2,679.12,2026-05-03,0.01
15636,1495.0,137,4,2975.2,2025-08-07,0.03
15637,102.0,204,5,2618.25,2025-11-24,0.08
15638,1241.0,106,5,420.0,2026-07-24,0.13
15639,158.0,89,0,308.28,2025-12-16,0.09
15640,1223.0,49,1,183.31,2026-02-12,0.07
15641,1664.0,138,1,287.36,2026-05-12,0.14
15642,1515.0,196,2,487.48,2026-03-13,0.1
15643,1092.0,14,5,4201.05,2026-02-01,0.2
15644,1029.0,28,4,1960.8,2026-07-04,0.16
15645,308.0,46,1,558.11,2026-07-11,0.19
15646,1919.0,61,4,2581.88,2025-09-27,0.12
15647,305.0,72,5,2460.5,2025-12-28,0.16
15648,495.0,83,2,374.46,2025-09-19,0.19
15649,800.0,95,3,1279.95,2026-07-06,0.1
15650,5.0,71,3,289.62,2026-02-22,0.16
15651,1744.0,110,5,3618.05,2025-11-26,0.07
15652,,220,1,366.66,2026-05-03,0.03
15653,1962.0,236,1,602.21,2026-04-16,0.19
15654,572.0,48,2,607.18,2025-08-25,0.16
15655,387.0,255,4,2905.32,2026-01-30,0.03
15656,477.0,162,4,1198.68,2025-08-14,0.14
15657,1860.0,131,2,1242.5,2025-10-23,0.16
15658,25.0,159,2,229.18,2025-11-02,0.12
15659,900.0,95,1,426.65,2026-04-14,0.12
15660,230.0,247,3,1866.75,2026-03-30,0.07
15661,135.0,261,4,515.32,2026-02-26,0.12
15662,702.0,148,2,1000.46,2025-09-26,0.01
15663,279.0,169,5,3476.0,2025-09-10,0.13
15664,1951.0,169,2,1390.4,2025-11-26,0.17
15665,746.0,2,5,3301.1,2026-01-27,0.07
15666,1013.0,281,4,638.76,2026-03-08,0.12
15667,605.0,115,4,3363.92,2026-04-26,0.13
15668,432.0,94,4,1257.76,2026-06-27,0.09
15669,306.0,179,4,2149.4,2025-09-29,0.04
15670,1968.0,51,4,1104.48,2026-06-01,0.14
15671,1194.0,37,2,143.62,2025-11-07,0.03
15672,213.0,123,3,1472.52,2025-10-18,0.02
15673,1343.0,38,2,1603.56,2026-01-24,0.04
15674,974.0,55,1,856.54,2026-04-12,0.07
15675,365.0,191,1,246.97,2026-05-15,0.17
15676,572.0,208,5,1821.8,2026-07-13,0.19
15677,350.0,148,1,500.23,2025-10-04,0.04
15678,468.0,65,2,1228.68,2026-05-01,0.17
15679,992.0,18,5,364.7,2025-08-26,0.16
15680,1816.0,269,-3,1652.01,2026-07-30,0.14
15681,1928.0,243,1,813.41,2026-03-13,0.15
15682,425.0,295,3,1250.46,2026-05-03,0.12
15683,984.0,54,2,195.64,2026-05-05,0.0
15684,1151.0,270,3,469.56,2025-11-17,0.18
15685,983.0,266,2,928.18,2025-12-05,0.12
15686,1946.0,64,2,1625.72,2025-08-29,0.2
15687,381.0,218,5,-1337.85,2026-05-10,0.03
15688,14.0,28,5,2451.0,2026-07-29,0.12
15689,139.0,108,4,2789.56,2026-01-05,0.07
15690,1896.0,119,1,356.79,2026-02-10,0.09
15691,553.0,279,3,2552.88,2026-01-07,0.14
15692,1612.0,279,5,4254.8,2026-05-29,0.15
15693,7.0,127,5,3953.1,2026-05-15,0.04
15694,1819.0,143,4,340.56,2026-01-24,0.15
15695,253.0,119,5,1783.95,2025-08-09,0.02
15696,126.0,107,4,2063.08,2026-01-05,0.13
15697,811.0,295,3,1250.46,2025-10-20,0.03
15698,632.0,188,3,1492.38,2026-09-13,0.01
15699,32.0,250,1,415.9,2026-04-06,0.06
15700,660.0,120,3,2175.63,2025-10-29,0.13
15701,267.0,260,5,2130.05,2026-04-22,0.17
15702,1482.0,136,5,2665.95,2025-09-28,0.02
15703,57.0,64,5,4064.3,2026-06-30,0.13
15704,1336.0,92,5,3357.05,2026-07-06,0.15
15705,119.0,265,-3,557.31,2026-06-05,0.16
15706,575.0,70,5,2209.85,2026-06-14,0.1
15707,1970.0,284,2,999.12,2026-02-23,0.07
15708,449.0,249,3,1412.04,2026-01-17,0.09
15709,1578.0,191,4,987.88,2025-10-21,0.06
15710,444.0,165,2,1267.3,2025-08-06,0.15
15711,781.0,229,1,50.19,2025-09-17,0.08
15712,1321.0,253,1,346.0,2026-10-25,0.18
15713,1568.0,206,2,1192.34,2025-09-27,0.18
15714,1174.0,47,1,316.24,2026-07-14,0.16
15715,1428.0,36,4,2951.56,2026-06-09,0.02
15716,681.0,54,5,489.1,2026-06-21,0.07
15717,1219.0,113,1,653.69,2025-10-02,0.05
15718,1723.0,106,1,84.0,2025-08-15,0.04
15719,999.0,30,2,1767.38,2026-06-20,0.1
15720,18.0,40,4,285.96,2026-06-27,0.15
15721,1172.0,111,4,2757.08,2025-08-24,0.13
15722,849.0,109,1,150.65,2026-07-17,0.02
15723,281.0,276,5,1601.3,2026-07-15,0.18
15724,1884.0,8,3,2612.97,2026-05-11,0.07
15725,977.0,67,1,722.58,2026-04-24,0.03
15726,374.0,50,4,305.72,2026-02-22,0.17
15727,261.0,230,3,1502.19,2025-11-26,0.06
15728,1909.0,287,3,-153.66,2026-02-16,0.1
15729,1801.0,76,3,2100.87,2026-07-27,0.16
15730,1573.0,165,1,633.65,2025-11-17,0.08
15731,1179.0,169,2,1390.4,2025-09-23,0.13
15732,1468.0,13,3,2561.76,2026-01-02,0.18
15733,1279.0,197,4,1582.64,2026-06-18,0.13
15734,1668.0,67,1,722.58,2025-11-11,0.09
15735,1273.0,82,1,472.21,2026-06-01,0.07
15736,47.0,281,5,798.45,2026-07-08,0.17
15737,23.0,161,3,1109.61,2026-03-03,0.18
15738,1165.0,276,1,320.26,2025-10-23,0.12
15739,1761.0,213,5,1905.5,2025-10-23,0.16
15740,660.0,135,3,-103.8,2026-05-24,0.09
15741,1598.0,229,5,250.95,2025-10-26,0.02
15742,603.0,229,3,150.57,2026-01-16,0.2
15743,534.0,18,3,218.82,2026-06-30,0.01
15744,1995.0,186,1,665.96,2026-01-27,0.18
15745,860.0,190,3,203.13,2026-04-24,0.1
15746,1156.0,144,1,126.47,2026-03-16,0.16
15747,1494.0,25,1,583.48,2025-12-30,0.08
15748,1232.0,256,3,517.89,2025-08-13,0.15
15749,1894.0,125,1,204.07,2026-06-07,0.2
15750,1811.0,37,2,143.62,2026-02-18,0.05
15751,1789.0,41,3,2344.32,2025-10-08,0.01
15752,794.0,276,1,320.26,2026-08-04,0.13
15753,148.0,10,5,3958.7,2026-04-30,0.17
15754,736.0,140,4,3008.16,2026-03-02,0.06
15755,2000.0,132,1,205.35,2026-03-28,0.01
15756,77.0,21,3,2274.21,2026-01-09,0.0
15757,1740.0,212,3,-927.75,2026-02-14,0.07
15758,1083.0,237,4,1464.68,2026-05-13,0.16
15759,1659.0,152,5,4192.35,2026-05-19,0.09
15760,833.0,88,0,1365.99,2026-04-09,0.0
15761,1240.0,283,5,2131.0,2025-09-07,0.03
15762,871.0,145,4,1559.76,2026-05-02,0.03
15763,124.0,228,4,2427.92,2025-10-24,0.02
15764,81.0,99,5,2344.65,2025-12-31,0.14
15765,183.0,170,1,494.23,2025-08-08,0.2
15766,1368.0,58,2,764.62,2026-07-01,0.18
15767,363.0,197,3,1186.98,2025-12-13,0.14
15768,1141.0,191,1,246.97,2026-04-10,0.14
15769,676.0,189,5,1688.5,2026-04-24,0.12
15770,223.0,158,2,381.86,2025-11-11,0.07
15771,1778.0,12,4,3274.24,2026-03-28,0.17
15772,526.0,37,4,287.24,2026-07-27,0.01
15773,986.0,222,3,1308.93,2025-11-24,0.19
15774,1799.0,248,4,2759.28,2026-07-16,0.04
15775,1415.0,52,1,352.45,2026-01-20,0.19
15776,1435.0,118,2,1299.04,2026-07-11,0.05
15777,824.0,299,4,2085.88,2026-07-26,0.09
15778,630.0,84,3,2293.74,2026-03-25,0.19
15779,1045.0,52,4,1409.8,2025-09-25,0.05
15780,778.0,150,3,2152.95,2025-08-14,0.12
15781,1559.0,145,3,1169.82,2026-03-11,0.19
15782,1849.0,259,5,639.6,2025-12-26,0.15
15783,173.0,129,3,1475.73,2026-07-27,0.19
15784,380.0,278,2,1252.54,2026-01-14,0.1
15785,1754.0,35,1,883.5,2025-11-21,0.16
15786,1296.0,124,4,2986.52,2026-03-13,0.03
15787,1912.0,143,4,340.56,2026-05-09,0.14
15788,938.0,81,5,2887.6,2026-06-24,0.15
15789,190.0,167,5,2156.4,2025-08-25,0.14
15790,1990.0,137,3,2231.4,2025-09-18,0.11
15791,41.0,295,3,1250.46,2026-07-07,0.18
15792,788.0,295,3,1250.46,2025-10-16,0.07
15793,1838.0,279,3,2552.88,2025-09-30,0.08
15794,1320.0,297,2,1194.5,2025-11-14,0.15
15795,1013.0,287,5,-256.1,2026-04-03,0.11
15796,980.0,245,2,1089.7,2025-12-26,0.08
15797,1645.0,245,4,2179.4,2026-05-28,0.05
15798,1895.0,293,4,1358.24,2026-07-07,0.04
15799,659.0,272,1,327.87,2025-09-10,0.05
15800,229.0,76,3,2100.87,2026-09-08,0.11
15801,252.0,276,4,1281.04,2026-03-12,0.08
15802,915.0,276,5,1601.3,2026-08-01,0.06
15803,886.0,223,4,2637.88,2025-10-27,0.09
15804,1418.0,205,1,374.04,2025-12-28,0.12
15805,389.0,62,5,3184.1,2025-08-24,0.18
15806,1718.0,84,4,3058.32,2026-06-21,0.05
15807,1348.0,176,5,2164.25,2026-04-15,0.13
15808,919.0,108,1,697.39,2026-07-16,0.09
15809,1732.0,297,4,2389.0,2026-07-10,0.19
15810,1626.0,8,5,4354.95,2025-08-05,0.07
15811,1178.0,230,3,1502.19,2025-09-04,0.02
15812,1503.0,192,4,1695.76,2025-09-16,0.16
15813,96.0,213,4,1524.4,2026-07-20,0.13
15814,978.0,143,4,340.56,2026-09-15,0.19
15815,70.0,57,3,2088.75,2025-11-26,0.07
15816,1935.0,231,4,2933.2,2026-01-04,0.19
15817,1949.0,70,3,1325.91,2025-09-16,0.15
15818,755.0,44,3,1400.19,2026-02-05,0.19
15819,578.0,132,5,1026.75,2025-12-16,0.01
15820,939.0,276,3,960.78,2026-06-06,0.16
15821,798.0,68,3,2661.63,2026-07-20,0.2
15822,530.0,111,4,2757.08,2026-02-27,0.19
15823,,137,5,3719.0,2026-05-09,0.07
15824,800.0,173,4,3099.44,2026-04-30,0.19
15825,496.0,210,2,904.56,2026-07-18,0.17
15826,7.0,140,2,1504.08,2026-05-07,0.14
15827,1158.0,171,1,93.11,2026-04-11,0.18
15828,1405.0,111,-1,689.27,2025-08-28,0.09
15829,268.0,241,4,3260.36,2026-03-03,0.11
15830,797.0,74,4,1707.92,2026-07-11,0.11
15831,1020.0,260,5,2130.05,2025-08-23,0.01
15832,559.0,285,5,3600.1,2025-10-28,0.17
15833,1674.0,81,4,2310.08,2026-02-24,0.08
15834,1895.0,121,4,1073.44,2026-05-16,0.08
15835,1614.0,277,1,137.94,2026-02-18,0.13
15836,1396.0,238,4,2350.4,2026-03-17,0.18
15837,354.0,136,5,2665.95,2026-04-10,0.13
15838,1418.0,147,2,1190.94,2026-05-26,0.07
15839,1236.0,29,4,1503.16,2026-05-14,0.17
15840,727.0,53,4,3079.44,2026-05-17,0.04
15841,1395.0,254,4,2498.16,2025-08-18,0.11
15842,1006.0,72,3,1476.3,2026-09-22,0.02
15843,133.0,148,5,2501.15,2025-11-12,0.12
15844,1936.0,200,2,1431.58,2026-04-09,0.14
15845,45.0,298,3,1451.25,2025-08-31,0.17
15846,703.0,242,2,160.08,2025-08-28,0.12
15847,203.0,177,1,618.58,2025-11-22,0.08
15848,875.0,38,3,2405.34,2025-08-28,0.12
15849,984.0,272,1,327.87,2025-11-18,0.12
15850,110.0,73,-2,295.56,2025-11-06,0.1
15851,1073.0,24,1,94.01,2025-08-29,0.01
15852,1690.0,111,3,2067.81,2025-12-18,0.15
15853,428.0,10,2,1583.48,2026-01-09,0.19
15854,475.0,246,-3,539.13,2026-01-01,0.04
15855,1763.0,222,5,2181.55,2026-07-18,0.14
15856,577.0,143,5,425.7,2026-02-18,0.02
15857,1427.0,2,1,660.22,2025-12-15,0.08
15858,1859.0,296,3,894.69,2025-09-03,0.12
15859,1321.0,61,1,645.47,2026-04-28,0.14
15860,862.0,294,3,1464.48,2025-10-26,0.18
15861,140.0,21,2,1516.14,2026-06-24,0.2
15862,1134.0,278,2,1252.54,2025-12-11,0.09
15863,891.0,49,3,549.93,2025-10-18,0.18
15864,169.0,179,1,537.35,2026-02-23,0.13
15865,1693.0,15,2,943.46,2026-04-08,0.05
15866,1235.0,31,3,1041.3,2026-04-16,0.19
15867,1324.0,222,4,1745.24,2025-09-14,0.12
15868,1176.0,79,2,675.16,2025-11-19,0.19
15869,1143.0,149,2,1597.46,2026-02-21,0.14
15870,1804.0,247,3,1866.75,2026-04-12,0.17
15871,1086.0,147,-2,1190.94,2025-10-28,0.1
15872,971.0,198,2,1156.7,2026-02-06,0.14
15873,1286.0,124,3,2239.89,2025-12-03,0.11
15874,1506.0,167,1,431.28,2026-01-29,0.05
15875,973.0,92,4,2685.64,2025-12-07,0.16
15876,1179.0,41,4,3125.76,2025-12-19,0.04
15877,325.0,39,4,3562.6,2026-08-08,0.07
15878,406.0,169,3,2085.6,2025-08-24,0.03
15879,1242.0,228,5,3034.9,2025-10-20,0.03
15880,504.0,157,5,260.55,2025-08-21,0.14
15881,,74,4,1707.92,2026-04-04,0.11
15882,1207.0,237,4,1464.68,2026-04-10,0.18
15883,1167.0,262,5,2766.8,2025-08-09,0.17
15884,1752.0,41,2,1562.88,2025-09-14,0.11
15885,340.0,224,4,1962.36,2026-07-29,0.1
15886,1020.0,246,3,539.13,2026-01-08,0.16
15887,171.0,197,5,1978.3,2026-02-21,0.01
15888,778.0,10,4,3166.96,2026-08-01,0.14
15889,773.0,85,5,-141.85,2025-12-06,0.17
15890,375.0,196,3,731.22,2025-12-31,0.17
15891,1524.0,145,-1,389.94,2025-11-22,0.06
15892,1364.0,113,1,653.69,2026-01-25,0.1
15893,586.0,73,1,147.78,2025-09-16,0.0
15894,943.0,40,1,71.49,2026-02-10,0.16
15895,276.0,291,1,336.67,2026-06-27,0.12
15896,1612.0,144,2,252.94,2026-06-17,0.14
15897,1897.0,234,1,360.82,2026-01-27,0.04
15898,1084.0,187,4,3526.0,2026-03-06,0.18
15899,811.0,150,5,3588.25,2025-11-14,0.04
15900,62.0,184,3,1089.18,2025-08-19,0.02
15901,429.0,108,3,2092.17,2025-09-09,0.18
15902,1807.0,41,1,781.44,2026-07-31,0.02
15903,619.0,166,5,1142.25,2026-03-29,0.07
15904,1955.0,227,2,949.86,2025-08-19,0.18
15905,118.0,113,4,2614.76,2025-10-04,0.14
15906,564.0,34,4,2958.48,2026-07-16,0.11
15907,737.0,48,4,1214.36,2026-01-31,0.08
15908,,15,4,1886.92,2026-06-07,0.0
15909,437.0,54,4,391.28,2026-07-25,0.09
15910,986.0,121,5,1341.8,2026-04-17,0.16
15911,1724.0,23,1,144.79,2025-09-13,0.18
15912,,3,1,621.67,2026-01-09,0.18
15913,352.0,149,5,3993.65,2026-07-19,0.08
15914,1263.0,40,5,357.45,2026-03-28,0.17
15915,32.0,82,3,1416.63,2026-02-25,0.2
15916,428.0,213,1,381.1,2026-05-01,0.1
15917,1734.0,172,3,1597.56,2026-03-09,0.14
15918,109.0,219,4,1175.48,2026-04-12,0.03
15919,1999.0,161,1,369.87,2026-05-05,0.19
15920,1112.0,128,3,1458.21,2025-10-23,0.14
15921,171.0,142,4,994.04,2026-02-08,0.01
15922,1611.0,286,1,134.06,2026-05-04,0.01
15923,108.0,156,3,2006.28,2025-09-13,0.02
15924,1890.0,162,2,599.34,2026-01-21,0.01
15925,1933.0,58,5,1911.55,2025-09-10,0.07
15926,1701.0,209,1,791.31,2025-09-15,0.19
15927,1230.0,247,4,2489.0,2025-12-25,0.16
15928,993.0,141,4,632.2,2026-02-21,0.12
15929,1736.0,214,1,706.94,2026-07-31,0.07
15930,771.0,258,3,2552.85,2026-01-03,0.03
15931,17.0,242,3,240.12,2026-01-16,0.17
15932,635.0,87,2,936.62,2026-06-11,0.08
15933,793.0,134,1,633.61,2026-02-21,0.12
15934,850.0,135,5,-173.0,2026-01-16,0.15
15935,1747.0,252,3,2141.55,2025-09-17,0.05
15936,327.0,55,5,4282.7,2025-09-07,0.1
15937,1625.0,256,1,172.63,2026-03-13,0.02
15938,1695.0,288,5,4357.3,2026-03-14,0.16
15939,756.0,196,1,243.74,2026-02-03,0.19
15940,1163.0,11,1,285.15,2026-06-22,0.1
15941,1865.0,170,3,1482.69,2026-06-23,0.1
15942,823.0,286,2,268.12,2026-01-01,0.1
15943,1742.0,281,4,638.76,2026-01-22,0.19
15944,555.0,24,3,282.03,2025-12-21,0.15
15945,1856.0,47,3,948.72,2026-03-17,0.2
15946,1993.0,71,5,482.7,2026-05-17,0.18
15947,1012.0,75,4,3180.2,2026-05-08,0.16
15948,1104.0,10,5,3958.7,2026-02-23,0.01
15949,133.0,178,1,380.52,2025-10-22,0.07
15950,898.0,64,2,1625.72,2026-04-19,0.13
15951,842.0,213,2,762.2,2025-10-21,0.1
15952,601.0,228,1,606.98,2025-10-06,0.03
15953,1487.0,33,4,618.92,2026-01-12,0.11
15954,604.0,259,1,127.92,2025-08-30,0.03
15955,1999.0,3,4,2486.68,2026-02-06,0.08
15956,900.0,276,1,320.26,2026-07-08,0.13
15957,1096.0,23,4,579.16,2025-08-21,0.02
15958,873.0,136,2,1066.38,2026-10-08,0.07
15959,1376.0,242,2,160.08,2025-12-07,0.19
15960,842.0,240,4,3238.08,2026-07-06,0.15
15961,516.0,25,3,1750.44,2025-08-15,0.02
15962,661.0,236,1,602.21,2025-12-12,0.01
15963,29.0,254,4,2498.16,2026-03-01,0.02
15964,1552.0,235,3,2674.8,2025-10-24,0.19
15965,12.0,275,1,671.99,2025-12-28,0.18
15966,513.0,243,5,4067.05,2025-10-17,0.04
15967,743.0,146,3,2070.24,2025-11-12,0.09
15968,1281.0,53,5,3849.3,2025-12-21,0.09
15969,1637.0,248,4,2759.28,2026-04-11,0.01
15970,269.0,220,4,1466.64,2026-03-02,0.14
15971,1134.0,82,2,944.42,2025-08-31,0.15
15972,1770.0,154,5,4023.8,2026-03-21,0.02
15973,1947.0,106,1,84.0,2025-12-18,0.13
15974,743.0,78,1,181.61,2026-01-15,0.03
15975,1275.0,91,3,1685.19,2025-12-10,0.1
15976,866.0,114,2,336.18,2026-01-22,0.19
15977,1608.0,238,3,1762.8,2026-05-06,0.14
15978,210.0,269,5,2753.35,2025-10-02,0.03
15979,1215.0,24,3,282.03,2026-03-04,0.12
15980,1410.0,138,3,862.08,2025-12-26,0.09
15981,1505.0,201,5,1955.5,2025-11-08,0.17
15982,186.0,277,1,137.94,2025-12-24,0.04
15983,1547.0,85,3,-85.11,2025-11-05,0.08
15984,1090.0,67,1,722.58,2025-11-09,0.04
15985,1761.0,50,1,76.43,2026-03-17,0.11
15986,733.0,20,2,1638.08,2026-04-16,0.1
15987,1741.0,20,1,819.04,2026-03-23,0.08
15988,1506.0,87,1,468.31,2026-05-31,0.13
15989,128.0,124,4,2986.52,2026-05-27,0.05
15990,1268.0,191,3,740.91,2026-02-18,0.07
15991,253.0,55,3,2569.62,2025-10-07,0.08
15992,893.0,194,1,688.77,2025-11-22,0.14
15993,832.0,78,5,908.05,2025-10-05,0.18
15994,1761.0,178,5,1902.6,2026-01-02,0.08
15995,1753.0,99,4,1875.72,2026-01-07,0.2
15996,499.0,68,3,2661.63,2026-04-18,0.2
15997,1000.0,193,5,1929.75,2025-09-29,0.04
15998,1268.0,74,1,426.98,2025-09-10,0.03
15999,737.0,168,3,1931.01,2026-02-02,0.01
16000,794.0,282,1,606.45,2026-07-22,0.12
16001,900.0,10,5,3958.7,2026-06-02,0.11
16002,1685.0,238,2,1175.2,2026-05-04,0.19
16003,1867.0,287,4,-204.88,2026-02-08,0.02
16004,1303.0,275,2,1343.98,2025-12-13,0.18
16005,105.0,61,1,645.47,2026-03-10,0.13
16006,661.0,224,4,1962.36,2025-08-21,0.11
16007,1967.0,264,3,1595.67,2025-08-30,0.19
16008,474.0,124,5,3733.15,2026-04-26,0.19
16009,882.0,3,3,1865.01,2025-12-11,0.01
16010,3.0,161,4,1479.48,2026-03-02,0.14
16011,787.0,255,1,726.33,2026-06-17,0.06
16012,764.0,126,4,680.92,2025-11-16,0.12
16013,579.0,3,3,1865.01,2026-07-31,0.09
16014,1532.0,27,3,740.67,2026-01-17,0.11
16015,539.0,125,1,204.07,2026-01-18,0.09
16016,1342.0,65,4,2457.36,2026-03-05,0.11
16017,,13,2,1707.84,2026-02-09,0.09
16018,233.0,135,3,-103.8,2026-03-27,0.2
16019,657.0,3,1,621.67,2026-10-30,0.18
16020,1834.0,26,1,290.49,2026-10-06,0.12
16021,673.0,168,4,2574.68,2025-08-06,0.06
16022,1041.0,108,5,3486.95,2026-06-17,0.15
16023,369.0,278,3,1878.81,2026-07-10,0.1
16024,328.0,13,4,3415.68,2026-06-02,0.1
16025,1606.0,257,3,937.02,2025-10-22,0.0
16026,645.0,84,3,2293.74,2025-08-07,0.04
16027,1421.0,7,3,2105.16,2025-10-02,0.03
16028,150.0,275,3,2015.97,2026-06-07,0.06
16029,240.0,190,1,67.71,2026-02-21,0.04
16030,959.0,81,3,1732.56,2025-12-15,0.02
16031,1045.0,225,5,3486.65,2025-10-23,0.09
16032,1474.0,177,1,618.58,2025-10-05,0.07
16033,1529.0,107,5,2578.85,2026-07-20,0.14
16034,180.0,272,3,983.61,2026-06-21,0.1
16035,1683.0,184,1,363.06,2026-01-31,0.06
16036,1983.0,66,1,806.55,2025-10-13,0.14
16037,529.0,2,4,2640.88,2026-02-07,0.13
16038,1506.0,22,3,406.86,2026-05-24,0.2
16039,877.0,35,3,2650.5,2026-01-01,0.12
16040,1643.0,109,2,301.3,2026-01-18,0.15
16041,1434.0,243,4,3253.64,2026-03-23,0.12
16042,1171.0,196,5,1218.7,2026-03-10,0.18
16043,918.0,299,3,1564.41,2026-06-16,0.05
16044,416.0,239,5,3834.9,2026-04-13,0.01
16045,365.0,78,3,544.83,2025-10-30,0.17
16046,105.0,25,4,2333.92,2025-11-12,0.07
16047,1662.0,102,4,327.4,2025-12-05,0.01
16048,618.0,42,2,549.94,2025-09-01,0.17
16049,978.0,64,2,1625.72,2026-04-09,0.04
16050,178.0,153,5,4453.15,2025-12-27,0.03
16051,1668.0,161,5,1849.35,2026-06-15,0.01
16052,798.0,114,4,672.36,2026-05-18,0.12
16053,610.0,98,4,813.04,2026-05-07,0.04
16054,1389.0,219,3,881.61,2025-08-28,0.14
16055,1846.0,44,3,1400.19,2025-10-07,0.15
16056,1997.0,162,5,1498.35,2025-12-07,0.16
16057,1131.0,191,0,987.88,2025-09-22,0.15
16058,1545.0,189,1,337.7,2026-07-10,0.11
16059,1877.0,164,1,440.24,2026-02-22,0.06
16060,1094.0,120,1,725.21,2025-12-26,0.09
16061,981.0,282,5,3032.25,2025-11-29,0.18
16062,1999.0,117,2,952.58,2026-01-17,0.13
16063,407.0,24,2,188.02,2025-09-15,0.0
16064,493.0,80,2,511.04,2025-11-05,0.16
16065,1294.0,266,5,2320.45,2025-08-06,0.15
16066,792.0,54,5,489.1,2026-06-13,0.0
16067,56.0,75,3,2385.15,2026-03-04,0.12
16068,34.0,79,4,1350.32,2026-02-02,0.05
16069,503.0,13,3,2561.76,2026-06-18,0.15
16070,1903.0,280,4,3019.6,2025-10-17,0.08
16071,958.0,264,3,1595.67,2026-08-05,0.01
16072,797.0,256,2,345.26,2026-07-26,0.01
16073,645.0,83,4,748.92,2025-08-07,0.1
16074,858.0,260,5,2130.05,2026-02-28,0.19
16075,1032.0,104,4,620.72,2026-07-26,0.01
16076,397.0,106,4,336.0,2026-03-12,0.11
16077,2000.0,285,5,3600.1,2026-07-29,0.19
16078,1809.0,104,2,310.36,2026-02-04,0.17
16079,61.0,289,4,196.28,2025-09-22,0.02
16080,348.0,298,5,2418.75,2026-07-15,0.06
16081,1293.0,256,1,172.63,2026-05-12,0.14
16082,1073.0,186,1,665.96,2026-06-28,0.14
16083,214.0,203,2,597.26,2025-08-08,0.0
16084,1720.0,260,4,1704.04,2026-04-10,0.04
16085,1914.0,236,5,3011.05,2026-01-29,0.2
16086,1329.0,90,5,1987.15,2026-05-29,0.13
16087,1941.0,217,5,1794.05,2026-06-22,0.11
16088,775.0,6,1,623.34,2025-10-30,0.16
16089,1395.0,205,5,1870.2,2026-09-13,0.18
16090,997.0,33,2,309.46,2026-07-06,0.12
16091,757.0,160,2,901.22,2026-05-09,0.03
16092,661.0,137,4,2975.2,2026-06-29,0.1
16093,1119.0,12,4,3274.24,2025-10-08,0.16
16094,275.0,231,5,3666.5,2026-02-08,0.03
16095,1364.0,147,1,595.47,2026-06-09,0.12
16096,907.0,234,5,1804.1,2026-02-05,0.0
16097,1142.0,64,1,812.86,2026-02-03,0.01
16098,1145.0,109,3,451.95,2026-01-29,0.14
16099,1813.0,280,3,2264.7,2026-07-28,0.15
16100,934.0,132,5,1026.75,2026-05-22,0.11
16101,1838.0,23,3,434.37,2026-05-25,0.19
16102,523.0,127,2,1581.24,2025-09-19,0.08
16103,773.0,163,5,3010.85,2025-09-20,0.18
16104,793.0,235,2,1783.2,2026-07-12,0.01
16105,144.0,52,2,704.9,2026-05-27,0.13
16106,865.0,259,1,127.92,2026-02-15,0.14
16107,115.0,213,3,1143.3,2025-11-26,0.06
16108,1302.0,296,4,1192.92,2025-09-28,0.14
16109,1088.0,114,1,168.09,2025-12-06,0.1
16110,1725.0,285,1,720.02,2025-09-23,0.14
16111,355.0,228,5,3034.9,2026-05-01,0.18
16112,899.0,172,2,1065.04,2026-05-16,0.02
16113,1081.0,215,5,1526.2,2026-02-07,0.1
16114,684.0,148,1,500.23,2026-04-15,0.16
16115,1107.0,164,4,1760.96,2026-02-16,0.19
16116,,51,2,552.24,2026-07-28,0.15
16117,582.0,103,1,285.74,2026-01-03,0.16
16118,1370.0,62,4,2547.28,2025-10-21,0.07
16119,985.0,71,3,289.62,2025-08-05,0.12
16120,505.0,142,3,745.53,2026-06-04,0.04
16121,1999.0,57,4,2785.0,2026-03-27,0.11
16122,1480.0,231,2,1466.6,2025-08-28,0.16
16123,979.0,181,5,4440.4,2025-08-08,0.08
16124,1082.0,70,1,441.97,2026-01-23,0.06
16125,1067.0,8,4,3483.96,2026-07-23,0.05
16126,1837.0,206,3,1788.51,2025-09-06,0.0
16127,906.0,59,3,186.87,2025-09-30,0.09
16128,285.0,209,4,3165.24,2025-09-02,0.02
16129,1357.0,249,5,2353.4,2025-08-23,0.06
16130,1293.0,219,3,881.61,2026-06-22,0.03
16131,307.0,176,3,1298.55,2025-09-28,0.05
16132,824.0,288,4,3485.84,2026-05-10,0.09
16133,1244.0,92,5,3357.05,2026-07-04,0.01
16134,278.0,238,2,1175.2,2025-11-21,0.2
16135,1262.0,216,4,1763.04,2025-09-28,0.05
16136,203.0,222,1,436.31,2025-10-19,0.06
16137,467.0,134,1,633.61,2025-11-27,0.1
16138,1141.0,225,2,1394.66,2026-04-24,0.08
16139,448.0,276,5,1601.3,2025-11-25,0.2
16140,1709.0,70,2,883.94,2026-02-10,0.11
16141,283.0,269,4,2202.68,2025-10-28,0.03
16142,1330.0,130,4,3297.72,2026-07-16,0.1
16143,1154.0,216,2,881.52,2026-04-25,0.08
16144,124.0,221,0,261.3,2025-08-25,0.05
16145,1019.0,206,3,1788.51,2025-12-18,0.05
16146,1146.0,284,1,499.56,2026-05-18,0.18
16147,1335.0,103,4,1142.96,2026-04-17,0.19
16148,330.0,157,5,260.55,2026-02-08,0.08
16149,1284.0,247,2,1244.5,2026-06-30,0.07
16150,108.0,205,1,374.04,2026-06-20,0.15
16151,845.0,77,4,3020.0,2026-04-30,0.17
16152,1200.0,200,1,715.79,2026-04-19,0.16
16153,1239.0,39,3,2671.95,2026-01-25,0.16
16154,14.0,291,1,336.67,2026-02-03,0.01
16155,804.0,55,4,3426.16,2025-09-10,0.07
16156,696.0,166,3,685.35,2026-05-26,0.19
16157,112.0,128,1,486.07,2026-04-02,0.02
16158,1750.0,266,3,1392.27,2026-06-24,0.08
16159,1766.0,252,3,2141.55,2026-07-31,0.15
16160,1867.0,81,1,577.52,2026-06-05,0.13
16161,697.0,93,2,1388.34,2026-05-08,0.13
16162,1038.0,282,5,3032.25,2026-07-21,0.19
16163,116.0,235,2,1783.2,2026-01-17,0.1
16164,224.0,102,2,163.7,2026-08-02,0.08
16165,1682.0,204,3,1570.95,2025-09-20,0.15
16166,1816.0,205,5,1870.2,2026-04-25,0.02
16167,1285.0,230,-1,500.73,2026-03-18,0.11
16168,1771.0,207,1,500.65,2026-03-19,0.02
16169,438.0,254,1,624.54,2026-04-07,0.13
16170,1310.0,130,1,824.43,2026-02-05,0.03
16171,834.0,18,1,72.94,2025-09-16,0.05
16172,862.0,76,4,2801.16,2025-12-29,0.18
16173,636.0,132,2,410.7,2025-12-24,0.17
16174,694.0,157,4,208.44,2026-05-07,0.03
16175,125.0,221,3,783.9,2026-03-29,0.17
16176,1023.0,99,3,1406.79,2026-01-20,0.18
16177,168.0,135,1,-34.6,2025-12-18,0.2
16178,1042.0,8,2,1741.98,2026-05-31,0.07
16179,394.0,294,3,1464.48,2026-01-06,0.14
16180,1477.0,282,5,3032.25,2026-01-08,0.1
16181,1310.0,184,5,1815.3,2026-05-30,0.18
16182,1155.0,253,3,1038.0,2026-01-28,0.19
16183,534.0,96,1,289.58,2026-01-09,0.14
16184,336.0,177,3,1855.74,2025-11-27,0.19
16185,1563.0,272,2,655.74,2025-08-20,0.05
16186,1892.0,51,4,1104.48,2026-03-28,0.19
16187,,119,1,356.79,2026-03-29,0.13
16188,1966.0,69,5,313.0,2026-05-12,0.1
16189,1318.0,143,3,255.42,2026-04-26,0.15
16190,1589.0,117,2,952.58,2025-12-29,0.14
16191,1439.0,75,5,3975.25,2026-02-24,0.06
16192,878.0,234,5,1804.1,2026-07-02,0.19
16193,1799.0,256,3,517.89,2025-11-04,0.14
16194,1932.0,152,4,3353.88,2025-10-19,0.09
16195,1474.0,135,4,-138.4,2025-11-24,0.05
16196,1612.0,247,2,1244.5,2026-06-03,0.17
16197,1355.0,262,2,1106.72,2025-11-16,0.15
16198,1629.0,53,5,3849.3,2025-08-11,0.0
16199,45.0,231,1,733.3,2025-08-11,0.01
16200,1145.0,294,4,1952.64,2026-03-31,0.06
16201,1041.0,89,5,513.8,2026-05-09,0.03
16202,136.0,292,2,588.14,2025-12-25,0.08
16203,249.0,133,2,466.78,2025-10-03,0.03
16204,729.0,65,4,2457.36,2025-10-06,0.1
16205,1982.0,241,1,815.09,2026-08-03,0.18
16206,1057.0,93,3,2082.51,2026-06-21,0.12
16207,1318.0,1,3,517.98,2026-06-27,0.07
16208,1164.0,289,5,245.35,2025-11-22,0.02
16209,469.0,271,3,2291.37,2025-09-27,0.05
16210,718.0,180,4,2569.32,2026-04-23,0.19
16211,588.0,76,2,1400.58,2025-12-30,0.04
16212,115.0,136,3,1599.57,2026-04-26,0.14
16213,1053.0,240,1,809.52,2026-05-08,0.15
16214,146.0,213,2,762.2,2025-12-24,0.19
16215,674.0,123,5,2454.2,2025-10-20,0.12
16216,661.0,150,2,1435.3,2026-06-04,0.19
16217,1755.0,277,3,413.82,2026-01-30,0.07
16218,,11,4,1140.6,2026-04-04,0.2
16219,1072.0,64,2,1625.72,2025-10-21,0.03
16220,374.0,52,1,352.45,2026-05-01,0.08
16221,1991.0,78,1,181.61,2025-10-14,0.13
16222,525.0,41,3,2344.32,2025-09-23,0.05
16223,1035.0,254,5,3122.7,2026-06-26,0.12
16224,107.0,238,4,2350.4,2025-09-08,0.1
16225,910.0,190,1,67.71,2026-03-18,0.01
16226,1308.0,190,1,67.71,2025-09-03,0.08
16227,1370.0,67,4,2890.32,2026-05-27,0.04
16228,368.0,228,4,2427.92,2025-11-13,0.19
16229,876.0,104,2,310.36,2025-11-07,0.07
16230,1962.0,79,1,337.58,2026-04-04,0.15
16231,523.0,269,1,550.67,2026-05-05,0.15
16232,1052.0,21,4,3032.28,2025-08-10,0.12
16233,1238.0,124,4,2986.52,2026-01-30,0.18
16234,1359.0,256,4,690.52,2025-08-13,0.07
16235,1207.0,98,5,1016.3,2025-12-23,0.12
16236,1159.0,100,4,469.76,2026-05-01,0.16
16237,742.0,266,3,1392.27,2025-11-23,0.06
16238,1117.0,56,5,3119.95,2026-02-06,0.13
16239,927.0,260,3,1278.03,2026-04-22,0.19
16240,1080.0,292,2,588.14,2025-11-07,0.03
16241,37.0,76,5,3501.45,2026-01-15,0.02
16242,647.0,181,1,888.08,2025-08-24,0.12
16243,340.0,296,3,894.69,2026-05-28,0.1
16244,1746.0,146,4,2760.32,2025-09-18,0.16
16245,740.0,253,1,346.0,2025-12-12,0.13
16246,1969.0,115,2,1681.96,2026-02-12,0.04
16247,1927.0,229,5,250.95,2026-06-07,0.15
16248,1314.0,37,2,143.62,2026-04-10,0.06
16249,1837.0,254,3,1873.62,2026-03-20,0.08
16250,1704.0,33,5,773.65,2025-09-18,0.08
16251,778.0,49,4,733.24,2025-09-06,0.07
16252,231.0,26,2,580.98,2026-07-23,0.16
16253,352.0,11,1,285.15,2025-12-10,0.1
16254,1358.0,218,3,-802.71,2025-08-19,0.12
16255,1819.0,289,3,147.21,2026-05-21,0.16
16256,116.0,268,4,1402.28,2026-05-04,0.15
16257,1304.0,180,1,642.33,2025-09-11,0.03
16258,1051.0,167,2,862.56,2025-08-22,0.18
16259,396.0,28,4,1960.8,2025-08-31,0.02
16260,1844.0,2,3,1980.66,2026-01-06,0.04
16261,1225.0,254,4,2498.16,2026-05-07,0.04
16262,1298.0,285,4,2880.08,2026-06-22,0.12
16263,588.0,86,4,2798.32,2026-07-24,0.14
16264,367.0,198,2,1156.7,2025-10-02,0.08
16265,975.0,264,5,2659.45,2026-01-14,0.06
16266,1530.0,46,1,558.11,2025-08-08,0.18
16267,,84,3,2293.74,2025-08-16,0.16
16268,275.0,276,4,1281.04,2026-02-16,0.17
16269,666.0,14,4,3360.84,2025-08-17,0.09
16270,636.0,99,1,468.93,2025-09-26,0.17
16271,1340.0,154,3,2414.28,2026-01-07,0.12
16272,1447.0,59,5,311.45,2025-12-18,0.11
16273,1985.0,139,3,1812.42,2026-03-10,0.14
16274,1297.0,197,2,791.32,2026-03-15,0.05
16275,570.0,104,5,775.9,2026-05-10,0.0
16276,1571.0,295,-2,833.64,2025-10-25,0.1
16277,923.0,39,3,2671.95,2026-04-21,0.17
16278,1082.0,118,4,2598.08,2025-11-14,0.07
16279,657.0,228,1,606.98,2026-06-29,0.13
16280,716.0,278,2,1252.54,2026-02-03,0.02
16281,1921.0,61,1,645.47,2026-07-24,0.04
16282,928.0,273,4,1263.08,2025-12-13,0.03
16283,728.0,10,4,3166.96,2026-03-25,0.12
16284,1698.0,141,3,474.15,2026-01-28,0.15
16285,1949.0,213,4,1524.4,2026-07-06,0.18
16286,1492.0,209,4,3165.24,2026-03-09,0.09
16287,1984.0,193,1,385.95,2026-07-27,0.02
16288,1468.0,171,1,93.11,2026-07-02,0.05
16289,1575.0,140,1,752.04,2025-10-22,0.02
16290,1340.0,95,4,1706.6,2025-10-29,0.07
16291,1423.0,233,4,2964.32,2025-12-06,0.06
16292,1729.0,190,4,270.84,2025-11-25,0.13
16293,,203,3,895.89,2026-02-18,0.09
16294,1205.0,99,2,937.86,2026-02-15,0.13
16295,172.0,246,3,539.13,2026-05-09,0.15
16296,888.0,173,1,774.86,2025-10-24,0.1
16297,495.0,11,2,570.3,2025-12-22,0.05
16298,1559.0,153,4,3562.52,2026-02-12,0.14
16299,1440.0,61,3,1936.41,2026-07-18,0.1
16300,1716.0,12,4,3274.24,2025-09-08,0.02
16301,452.0,193,3,1157.85,2026-03-26,0.17
16302,1713.0,237,2,732.34,2025-10-16,0.17
16303,418.0,7,3,2105.16,2025-09-15,0.16
16304,1113.0,152,2,1676.94,2025-11-23,0.12
16305,144.0,252,5,3569.25,2026-03-14,0.13
16306,1186.0,214,2,1413.88,2026-01-08,0.04
16307,229.0,295,4,1667.28,2026-02-04,0.07
16308,229.0,29,4,1503.16,2026-03-14,0.17
16309,816.0,26,4,1161.96,2025-09-09,0.02
16310,,28,2,980.4,2026-06-18,0.17
16311,680.0,236,1,602.21,2025-11-10,0.12
16312,245.0,138,1,287.36,2026-01-01,0.09
16313,908.0,294,4,1952.64,2025-11-07,0.12
16314,1218.0,104,1,155.18,2026-07-19,0.12
16315,908.0,146,4,2760.32,2026-05-08,0.01
16316,1126.0,199,1,80.32,2026-02-17,0.09
16317,1768.0,216,1,440.76,2026-07-29,0.03
16318,38.0,262,2,1106.72,2026-01-12,0.1
16319,1059.0,251,5,4366.35,2026-04-08,0.06
16320,1740.0,241,4,3260.36,2026-01-02,0.11
16321,314.0,261,5,644.15,2026-07-02,0.05
16322,714.0,111,4,2757.08,2025-11-23,0.12
16323,1102.0,272,4,1311.48,2026-04-25,0.14
16324,520.0,91,4,2246.92,2026-06-24,0.18
16325,26.0,96,2,579.16,2025-11-06,0.17
16326,1461.0,19,5,3463.0,2026-06-16,0.09
16327,1000.0,167,3,1293.84,2025-10-04,0.16
16328,237.0,182,1,391.63,2025-08-13,0.16
16329,788.0,100,2,234.88,2026-07-11,0.09
16330,135.0,78,1,181.61,2025-10-24,0.17
16331,,196,4,974.96,2025-09-09,0.15
16332,37.0,34,3,2218.86,2026-08-05,0.11
16333,1941.0,274,2,385.54,2026-02-13,0.06
16334,1922.0,208,3,1093.08,2026-05-01,0.12
16335,921.0,61,2,1290.94,2025-09-27,0.02
16336,1164.0,167,1,431.28,2026-06-18,0.06
16337,1354.0,86,2,1399.16,2026-04-17,0.02
16338,1309.0,292,4,1176.28,2026-01-10,0.05
16339,1631.0,276,1,320.26,2026-01-16,0.04
16340,218.0,33,3,464.19,2025-12-24,0.1
16341,,39,2,1781.3,2025-09-30,0.16
16342,565.0,12,1,818.56,2026-06-03,0.18
16343,886.0,25,3,1750.44,2026-02-22,0.15
16344,537.0,145,5,1949.7,2025-09-29,0.01
16345,133.0,178,5,1902.6,2025-12-03,0.07
16346,523.0,115,5,4204.9,2026-01-04,0.18
16347,1157.0,254,5,3122.7,2026-03-02,0.18
16348,1405.0,38,5,4008.9,2025-12-12,0.03
16349,112.0,274,5,963.85,2025-11-15,0.0
16350,1961.0,257,4,1249.36,2026-07-04,0.14
16351,149.0,217,5,1794.05,2026-07-16,0.18
16352,1762.0,150,3,2152.95,2026-03-23,0.02
16353,197.0,219,4,1175.48,2026-07-21,0.02
16354,1711.0,239,2,1533.96,2025-10-08,0.12
16355,839.0,84,1,764.58,2026-05-11,0.18
16356,1141.0,241,1,815.09,2026-02-14,0.19
16357,1524.0,176,5,2164.25,2026-04-22,0.2
16358,574.0,284,2,999.12,2025-09-23,0.2
16359,1277.0,6,3,1870.02,2025-11-25,0.13
16360,1997.0,249,5,2353.4,2025-08-06,0.14
16361,584.0,248,2,1379.64,2025-08-20,0.2
16362,121.0,18,2,145.88,2026-06-15,0.04
16363,1529.0,188,1,497.46,2025-08-18,0.16
16364,917.0,212,1,-309.25,2026-04-29,0.07
16365,892.0,286,5,670.3,2026-07-12,0.04
16366,1251.0,78,3,544.83,2026-05-17,0.06
16367,541.0,240,4,3238.08,2026-10-13,0.13
16368,554.0,52,5,1762.25,2026-04-17,0.12
16369,1910.0,178,5,1902.6,2025-09-28,0.04
16370,1227.0,186,1,665.96,2026-10-17,0.11
16371,280.0,43,1,679.24,2026-03-05,0.17
16372,435.0,207,2,1001.3,2026-01-03,0.05
16373,908.0,69,2,125.2,2026-04-19,0.18
16374,113.0,249,4,1882.72,2025-08-24,0.11
16375,1742.0,296,3,894.69,2025-09-07,0.14
16376,353.0,217,5,1794.05,2025-12-01,0.05
16377,541.0,185,0,426.06,2026-04-20,0.04
16378,1103.0,143,3,255.42,2026-05-21,0.16
16379,1071.0,47,2,632.48,2025-12-29,0.13
16380,642.0,61,1,645.47,2026-06-07,0.13
16381,831.0,174,4,2626.2,2025-08-11,0.12
16382,1782.0,52,3,1057.35,2025-12-07,0.19
16383,1118.0,108,5,3486.95,2025-09-07,0.15
16384,1651.0,186,3,1997.88,2026-03-21,0.2
16385,,81,-2,1155.04,2025-08-14,0.07
16386,1249.0,259,2,255.84,2026-03-10,0.1
16387,655.0,61,4,2581.88,2026-05-29,0.18
16388,1396.0,164,2,880.48,2025-12-14,0.2
16389,571.0,113,2,1307.38,2025-11-21,0.05
16390,1513.0,75,1,795.05,2025-10-24,0.04
16391,1622.0,179,4,2149.4,2026-06-20,0.12
16392,1932.0,222,3,1308.93,2025-09-29,0.09
16393,,283,1,426.2,2026-02-13,0.04
16394,39.0,115,3,2522.94,2026-07-11,0.0
16395,1580.0,133,3,700.17,2025-09-18,0.07
16396,1830.0,268,1,350.57,2026-01-07,0.06
16397,1256.0,266,2,928.18,2026-04-15,0.18
16398,1758.0,22,4,542.48,2025-10-22,0.14
16399,777.0,82,5,2361.05,2026-05-15,0.04
16400,903.0,178,5,1902.6,2025-08-27,0.15
16401,1777.0,296,2,596.46,2026-07-12,0.15
16402,1570.0,232,1,490.97,2026-04-12,0.09
16403,1780.0,81,3,1732.56,2026-05-02,0.1
16404,780.0,238,2,1175.2,2026-05-13,0.0
16405,722.0,31,3,1041.3,2025-10-20,0.11
16406,295.0,70,4,1767.88,2025-11-04,0.15
16407,943.0,43,4,2716.96,2025-12-07,0.07
16408,173.0,11,1,285.15,2026-07-19,0.07
16409,1531.0,70,4,1767.88,2026-01-15,0.0
16410,1571.0,111,3,2067.81,2026-06-29,0.02
16411,977.0,147,4,2381.88,2026-04-16,0.18
16412,1044.0,195,5,1206.9,2026-07-24,0.14
16413,1508.0,216,2,881.52,2025-10-28,0.1
16414,1209.0,122,4,2641.6,2025-12-31,0.12
16415,1076.0,242,1,80.04,2026-03-25,0.01
16416,1037.0,171,2,186.22,2026-05-08,0.04
16417,1513.0,299,5,2607.35,2026-05-28,0.2
16418,1341.0,91,2,1123.46,2026-06-24,0.16
16419,800.0,115,5,4204.9,2026-07-19,0.16
16420,,170,4,1976.92,2025-10-21,0.15
16421,1623.0,100,4,469.76,2026-06-16,0.15
16422,681.0,139,3,1812.42,2025-08-09,0.02
16423,317.0,168,4,2574.68,2025-09-08,0.19
16424,1110.0,79,1,337.58,2026-07-23,0.19
16425,1581.0,106,3,252.0,2025-08-27,0.08
16426,1639.0,132,3,616.05,2025-08-27,0.2
16427,250.0,290,4,1693.48,2026-05-12,0.04
16428,154.0,30,4,3534.76,2025-08-19,0.11
16429,1876.0,193,1,385.95,2026-03-21,0.15
16430,1634.0,292,5,1470.35,2025-08-25,0.13
16431,153.0,135,3,-103.8,2026-02-25,0.01
16432,409.0,197,5,1978.3,2026-06-19,0.1
16433,289.0,78,5,908.05,2026-03-24,0.01
16434,1058.0,75,5,3975.25,2026-03-21,0.2
16435,627.0,194,1,688.77,2025-11-04,0.14
16436,765.0,249,-5,2353.4,2025-08-30,0.14
16437,503.0,55,1,856.54,2026-03-07,0.08
16438,738.0,98,1,203.26,2026-10-16,0.08
16439,1870.0,171,4,372.44,2026-02-23,0.04
16440,786.0,18,5,364.7,2025-09-18,0.12
16441,439.0,38,2,1603.56,2026-05-14,0.06
16442,1119.0,281,5,798.45,2025-08-06,0.12
16443,1822.0,1,5,863.3,2026-06-15,0.1
16444,1562.0,266,4,1856.36,2026-08-05,0.01
16445,1812.0,36,1,737.89,2025-12-03,0.18
16446,579.0,236,1,602.21,2026-07-02,0.12
16447,1442.0,90,2,794.86,2026-06-20,0.08
16448,1048.0,126,4,680.92,2026-02-27,0.01
16449,1357.0,171,5,465.55,2025-08-22,0.1
16450,429.0,134,3,1900.83,2025-10-11,0.16
16451,1597.0,250,2,831.8,2026-02-25,0.02
16452,884.0,102,2,163.7,2026-04-11,0.17
16453,1749.0,254,4,2498.16,2025-11-02,0.08
16454,1589.0,287,2,-102.44,2025-12-13,0.19
16455,113.0,39,5,4453.25,2026-05-03,0.16
16456,1827.0,120,5,3626.05,2025-11-21,0.06
16457,1580.0,124,1,746.63,2025-08-30,0.12
16458,1984.0,241,5,4075.45,2025-12-13,0.1
16459,1467.0,193,5,1929.75,2026-03-04,0.16
16460,1138.0,91,1,561.73,2026-07-13,0.02
16461,1661.0,17,1,761.69,2026-03-26,0.11
16462,948.0,242,3,240.12,2026-05-25,0.03
16463,215.0,47,2,632.48,2025-10-13,0.02
16464,1268.0,198,3,1735.05,2026-04-04,0.14
16465,16.0,159,4,458.36,2026-04-27,0.04
16466,219.0,68,2,1774.42,2025-08-24,0.03
16467,233.0,251,5,4366.35,2026-04-03,0.09
16468,364.0,9,3,2372.34,2026-05-19,0.14
16469,1754.0,72,4,1968.4,2025-11-02,0.06
16470,189.0,279,5,4254.8,2025-08-24,0.17
16471,1252.0,273,3,947.31,2026-07-29,0.16
16472,448.0,13,4,3415.68,2025-11-14,0.0
16473,781.0,134,1,633.61,2026-05-06,0.07
16474,1796.0,233,2,1482.16,2025-10-29,0.08
16475,211.0,284,5,2497.8,2026-04-07,0.0
16476,199.0,177,2,1237.16,2026-01-24,0.19
16477,942.0,10,1,791.74,2026-01-14,0.12
16478,132.0,93,3,2082.51,2026-01-16,0.05
16479,,87,2,936.62,2025-09-08,0.11
16480,441.0,10,1,791.74,2025-11-07,0.13
16481,62.0,17,2,1523.38,2026-05-31,0.17
16482,1706.0,287,1,-51.22,2026-01-14,0.12
16483,1773.0,3,1,621.67,2026-01-04,0.18
16484,1262.0,142,4,994.04,2025-10-10,0.08
16485,74.0,121,4,1073.44,2026-02-28,0.19
16486,1832.0,254,2,1249.08,2026-07-26,0.1
16487,747.0,19,3,2077.8,2026-04-11,0.01
16488,15.0,293,5,1697.8,2026-08-23,0.09
16489,469.0,105,3,2090.76,2026-02-19,0.05
16490,56.0,106,3,252.0,2026-06-07,0.02
16491,863.0,206,2,1192.34,2026-06-15,0.03
16492,640.0,35,1,883.5,2025-09-05,0.17
16493,774.0,296,3,894.69,2025-09-28,0.19
16494,73.0,249,2,941.36,2025-09-27,0.18
16495,1660.0,186,1,665.96,2026-04-23,0.15
16496,424.0,174,1,656.55,2026-04-08,0.04
16497,1212.0,65,1,614.34,2026-01-18,0.08
16498,1772.0,104,1,155.18,2026-02-22,0.17
16499,1998.0,77,3,2265.0,2025-08-30,0.0
16500,1307.0,159,1,114.59,2025-12-18,0.17
16501,1294.0,174,5,3282.75,2026-07-02,0.14
16502,490.0,213,3,1143.3,2026-07-07,0.05
16503,1629.0,26,2,580.98,2026-05-27,0.08
16504,985.0,265,3,557.31,2026-03-15,0.06
16505,208.0,114,5,840.45,2025-11-30,0.12
16506,1439.0,259,1,127.92,2026-06-03,0.0
16507,209.0,283,3,1278.6,2026-01-30,0.08
16508,739.0,194,4,2755.08,2026-07-18,0.01
16509,1064.0,159,4,458.36,2026-05-02,0.05
16510,802.0,63,3,470.19,2025-11-12,0.07
16511,1183.0,10,2,1583.48,2026-05-30,0.05
16512,1047.0,190,3,203.13,2026-01-29,0.14
16513,1762.0,149,4,3194.92,2026-06-29,0.15
16514,201.0,83,1,187.23,2025-08-06,0.1
16515,438.0,11,2,570.3,2026-07-09,0.03
16516,713.0,49,4,733.24,2025-12-17,0.02
16517,1908.0,268,5,1752.85,2026-07-24,0.12
16518,1727.0,208,1,364.36,2026-05-10,0.12
16519,67.0,250,3,1247.7,2025-10-29,0.09
16520,1883.0,176,1,432.85,2025-09-02,0.2
16521,799.0,297,2,1194.5,2026-06-22,0.16
16522,1299.0,237,4,1464.68,2026-07-06,0.07
16523,822.0,11,3,855.45,2025-09-08,0.02
16524,1356.0,201,2,782.2,2025-08-19,0.03
16525,402.0,264,3,1595.67,2025-12-18,0.15
16526,871.0,221,3,783.9,2026-04-26,0.11
16527,1607.0,286,4,536.24,2026-03-06,0.19
16528,1820.0,6,2,1246.68,2025-10-26,0.0
16529,165.0,285,4,2880.08,2026-04-23,0.18
16530,1604.0,117,4,1905.16,2026-06-03,0.13
16531,1000.0,117,3,1428.87,2026-05-20,0.08
16532,518.0,152,1,838.47,2025-11-07,0.06
16533,236.0,74,4,1707.92,2025-08-08,0.14
16534,1921.0,299,4,2085.88,2026-07-05,0.06
16535,1769.0,112,1,470.07,2026-03-31,0.06
16536,728.0,298,3,1451.25,2026-01-20,0.0
16537,102.0,287,1,-51.22,2026-02-14,0.03
16538,1473.0,10,4,3166.96,2026-08-01,0.12
16539,401.0,157,4,208.44,2025-10-22,0.19
16540,277.0,218,3,-802.71,2026-03-27,0.16
16541,521.0,72,5,2460.5,2026-01-25,0.04
16542,1954.0,48,1,303.59,2026-04-02,0.16
16543,1067.0,13,5,4269.6,2026-02-16,0.19
16544,117.0,134,3,1900.83,2025-11-25,0.13
16545,1454.0,60,-3,2476.95,2025-09-28,0.09
16546,85.0,153,4,3562.52,2025-09-10,0.03
16547,13.0,102,4,327.4,2026-03-09,0.09
16548,122.0,58,4,1529.24,2026-08-11,0.16
16549,356.0,7,2,1403.44,2025-09-22,0.07
16550,1860.0,172,3,1597.56,2026-05-22,0.18
16551,522.0,42,2,549.94,2025-12-02,0.15
16552,382.0,231,4,2933.2,2025-09-28,0.2
16553,1859.0,280,1,754.9,2026-04-21,0.12
16554,1008.0,154,1,804.76,2026-01-15,0.07
16555,796.0,17,1,761.69,2026-03-28,0.05
16556,75.0,230,-5,2503.65,2025-11-03,0.07
16557,1136.0,282,-3,1819.35,2026-02-05,0.03
16558,385.0,59,4,249.16,2026-01-10,0.12
16559,1522.0,109,5,753.25,2026-05-16,0.08
16560,1559.0,53,1,769.86,2026-07-06,0.18
16561,1642.0,279,2,1701.92,2025-12-21,0.12
16562,,182,4,1566.52,2026-04-13,0.02
16563,584.0,32,4,-728.84,2025-08-16,0.08
16564,771.0,210,4,1809.12,2026-05-26,0.05
16565,784.0,285,3,2160.06,2026-05-14,0.03
16566,536.0,25,5,2917.4,2025-09-14,0.18
16567,1329.0,30,1,883.69,2026-01-09,0.17
16568,1627.0,157,2,104.22,2026-06-16,0.2
16569,1157.0,294,5,2440.8,2026-02-09,0.03
16570,1804.0,240,1,809.52,2026-01-17,0.12
16571,885.0,88,5,2276.65,2026-02-07,0.02
16572,706.0,74,5,2134.9,2026-04-30,0.13
16573,489.0,55,3,2569.62,2026-09-09,0.11
16574,1400.0,79,3,1012.74,2025-09-12,0.07
16575,381.0,6,2,1246.68,2026-02-18,0.19
16576,691.0,278,4,2505.08,2026-02-13,0.17
16577,1562.0,61,5,3227.35,2026-02-06,0.19
16578,73.0,289,5,245.35,2026-01-06,0.16
16579,1754.0,96,5,1447.9,2026-07-08,0.04
16580,399.0,22,3,406.86,2026-07-19,0.0
16581,450.0,222,4,1745.24,2025-09-22,0.18
16582,1663.0,278,2,1252.54,2026-04-17,0.01
16583,593.0,288,5,4357.3,2026-02-27,0.0
16584,951.0,221,4,1045.2,2026-03-03,0.16
16585,1192.0,73,1,147.78,2026-06-15,0.17
16586,673.0,63,1,156.73,2025-10-28,0.0
16587,1186.0,251,1,873.27,2026-01-10,0.09
16588,601.0,182,4,1566.52,2026-07-30,0.19
16589,1918.0,157,3,156.33,2025-11-04,0.14
16590,1211.0,13,4,3415.68,2026-01-19,0.19
16591,507.0,60,3,2476.95,2026-03-04,0.1
16592,425.0,223,4,2637.88,2026-02-25,0.11
16593,239.0,157,2,104.22,2026-07-22,0.15
16594,847.0,163,3,1806.51,2026-04-20,0.1
16595,1874.0,162,5,1498.35,2026-04-20,0.09
16596,773.0,84,5,3822.9,2025-12-21,0.04
16597,337.0,210,2,904.56,2025-08-14,0.14
16598,1973.0,112,2,940.14,2025-09-08,0.05
16599,1549.0,117,4,1905.16,2026-05-15,0.01
16600,1366.0,41,5,3907.2,2026-04-16,0.2
16601,831.0,168,4,2574.68,2026-01-05,0.15
16602,129.0,56,3,1871.97,2026-07-12,0.14
16603,44.0,158,2,381.86,2026-06-02,0.18
16604,1336.0,204,5,2618.25,2026-06-04,0.17
16605,1598.0,77,5,3775.0,2026-04-10,0.1
16606,176.0,197,5,1978.3,2025-10-06,0.13
16607,1910.0,221,1,261.3,2026-01-30,0.07
16608,212.0,45,5,3644.95,2026-07-29,0.09
16609,1395.0,4,2,1374.12,2026-01-07,0.05
16610,1535.0,122,4,2641.6,2025-10-10,0.05
16611,948.0,129,2,983.82,2026-03-22,0.05
16612,447.0,24,1,94.01,2025-10-05,0.19
16613,395.0,270,3,469.56,2025-10-15,0.06
16614,1761.0,97,3,760.53,2026-01-17,0.13
16615,1536.0,62,4,2547.28,2026-01-19,0.11
16616,134.0,212,1,-309.25,2026-01-20,0.02
16617,782.0,147,4,2381.88,2026-01-24,0.19
16618,912.0,88,1,455.33,2026-02-20,0.04
16619,987.0,237,5,1830.85,2026-06-23,0.18
16620,640.0,118,3,1948.56,2026-04-30,0.02
16621,1626.0,166,3,685.35,2026-02-20,0.19
16622,1849.0,157,4,208.44,2025-08-09,0.19
16623,1336.0,100,1,117.44,2026-03-14,0.02
16624,1094.0,203,5,1493.15,2026-05-03,0.07
16625,825.0,91,4,2246.92,2026-04-29,0.05
16626,1118.0,10,1,791.74,2025-10-19,0.17
16627,550.0,268,5,1752.85,2026-01-25,0.04
16628,256.0,100,1,117.44,2026-04-11,0.06
16629,1039.0,188,4,1989.84,2026-01-06,0.15
16630,765.0,54,4,391.28,2025-09-07,0.18
16631,1085.0,6,5,3116.7,2026-01-05,0.19
16632,1041.0,136,1,533.19,2026-06-18,0.14
16633,577.0,20,2,1638.08,2025-12-09,0.06
16634,,206,2,1192.34,2025-10-09,0.11
16635,135.0,88,4,1821.32,2025-10-16,0.09
16636,70.0,135,4,-138.4,2026-03-06,0.19
16637,,280,4,3019.6,2026-07-27,0.15
16638,161.0,223,2,1318.94,2026-04-10,0.05
16639,1058.0,100,1,117.44,2026-03-26,0.02
16640,1563.0,232,-2,981.94,2026-04-24,0.03
16641,1525.0,104,5,775.9,2026-07-17,0.2
16642,14.0,157,3,156.33,2026-05-09,0.13
16643,1613.0,2,5,3301.1,2026-03-01,0.15
16644,230.0,142,5,1242.55,2026-03-29,0.13
16645,1004.0,206,3,1788.51,2025-08-05,0.08
16646,1486.0,298,2,967.5,2026-02-01,0.1
16647,1137.0,288,4,3485.84,2025-11-26,0.16
16648,1897.0,105,2,1393.84,2026-03-18,0.15
16649,1302.0,68,2,1774.42,2026-03-19,0.1
16650,1144.0,286,1,134.06,2025-11-06,0.02
16651,1350.0,177,2,1237.16,2026-06-14,0.12
16652,1096.0,187,5,4407.5,2025-12-06,0.05
16653,410.0,90,1,397.43,2026-03-12,0.08
16654,106.0,33,4,618.92,2026-02-28,0.13
16655,637.0,126,5,851.15,2025-09-15,0.01
16656,932.0,243,5,4067.05,2025-09-26,0.08
16657,1010.0,80,5,1277.6,2025-12-08,0.06
16658,328.0,8,4,3483.96,2025-12-15,0.08
16659,1043.0,129,5,2459.55,2026-04-03,0.01
16660,509.0,174,1,656.55,2026-02-06,0.12
16661,1100.0,214,4,2827.76,2026-02-07,0.01
16662,1371.0,272,5,1639.35,2026-02-01,0.05
16663,1328.0,114,5,840.45,2025-10-03,0.11
16664,1929.0,291,2,673.34,2026-01-20,0.15
16665,1829.0,30,5,4418.45,2025-12-08,0.03
16666,1324.0,95,4,1706.6,2026-03-27,0.19
16667,872.0,50,3,229.29,2026-06-25,0.11
16668,649.0,128,5,2430.35,2026-02-13,0.05
16669,1058.0,216,5,2203.8,2025-12-30,0.15
16670,88.0,125,2,408.14,2025-11-28,0.09
16671,849.0,154,5,4023.8,2025-08-14,0.02
16672,,44,3,1400.19,2026-03-06,0.16
16673,107.0,82,2,944.42,2026-06-26,0.16
16674,1132.0,200,4,2863.16,2025-10-16,0.01
16675,790.0,295,3,1250.46,2026-07-25,0.1
16676,1442.0,44,3,1400.19,2026-03-09,0.2
16677,1818.0,78,5,908.05,2025-12-26,0.2
16678,897.0,131,3,1863.75,2026-05-20,0.02
16679,1151.0,82,0,472.21,2026-02-27,0.04
16680,584.0,215,2,610.48,2025-08-14,0.11
16681,676.0,158,5,954.65,2025-12-06,0.08
16682,1116.0,110,4,2894.44,2025-08-16,0.13
16683,1439.0,285,4,2880.08,2026-07-29,0.01
16684,1634.0,114,2,336.18,2025-09-02,0.09
16685,1441.0,209,1,791.31,2026-07-27,0.08
16686,1795.0,97,5,1267.55,2026-05-07,0.13
16687,1446.0,170,1,494.23,2026-08-05,0.05
16688,1761.0,286,5,670.3,2026-08-03,0.12
16689,1583.0,219,3,881.61,2025-11-25,0.09
16690,1216.0,39,4,3562.6,2025-09-22,0.11
16691,829.0,113,4,2614.76,2026-06-01,0.19
16692,975.0,125,2,408.14,2026-01-23,0.15
16693,1600.0,191,4,987.88,2025-09-16,0.02
16694,725.0,260,3,1278.03,2026-07-17,0.04
16695,987.0,247,4,2489.0,2026-06-04,0.14
16696,1153.0,269,3,1652.01,2026-01-02,0.03
16697,1035.0,142,3,745.53,2025-12-11,0.05
16698,1993.0,38,5,4008.9,2026-02-08,0.14
16699,901.0,263,2,581.98,2026-03-07,0.06
16700,1852.0,278,5,3131.35,2026-03-19,0.03
16701,578.0,194,1,688.77,2025-10-17,0.03
16702,9.0,137,3,2231.4,2026-03-15,0.04
16703,1312.0,200,4,2863.16,2025-09-01,0.01
16704,1664.0,62,4,2547.28,2026-06-20,0.1
16705,1138.0,171,5,465.55,2025-09-28,0.11
16706,1555.0,37,-4,287.24,2026-03-22,0.02
16707,898.0,2,2,1320.44,2026-07-06,0.14
16708,1207.0,107,2,1031.54,2025-12-19,0.06
16709,1679.0,115,5,4204.9,2026-07-07,0.15
16710,439.0,16,3,1087.26,2026-01-05,0.1
16711,896.0,47,2,632.48,2025-12-19,0.12
16712,1050.0,282,1,606.45,2026-06-12,0.15
16713,1759.0,164,3,1320.72,2025-09-10,0.02
16714,1591.0,269,4,2202.68,2026-02-28,0.17
16715,1775.0,237,1,366.17,2026-02-27,0.1
16716,1280.0,258,2,1701.9,2026-01-23,0.16
16717,262.0,41,2,1562.88,2025-09-05,0.12
16718,1385.0,17,2,1523.38,2026-04-13,0.09
16719,596.0,188,5,2487.3,2025-09-18,0.04
16720,1818.0,22,1,135.62,2026-06-27,0.19
16721,747.0,192,4,1695.76,2025-12-02,0.07
16722,1068.0,244,3,582.72,2026-02-25,0.08
16723,146.0,77,5,3775.0,2026-01-18,0.19
16724,1607.0,254,1,624.54,2025-08-20,0.07
16725,645.0,31,3,1041.3,2025-08-26,0.1
16726,238.0,268,3,1051.71,2026-07-10,0.01
16727,1596.0,208,1,364.36,2026-04-15,0.01
16728,1696.0,221,4,1045.2,2025-12-23,0.02
16729,397.0,35,3,2650.5,2026-06-01,0.2
16730,832.0,226,4,393.8,2025-08-21,0.0
16731,598.0,85,3,-85.11,2025-08-06,0.14
16732,949.0,193,5,1929.75,2026-05-10,0.14
16733,174.0,47,5,1581.2,2026-03-27,0.06
16734,1776.0,118,4,2598.08,2025-10-15,0.12
16735,939.0,232,3,1472.91,2025-11-14,0.07
16736,806.0,186,3,1997.88,2025-11-17,0.16
16737,391.0,197,5,1978.3,2026-03-23,0.05
16738,44.0,93,4,2776.68,2026-05-05,0.07
16739,1120.0,121,5,1341.8,2026-04-10,0.03
16740,1443.0,159,5,572.95,2025-10-14,0.12
16741,820.0,223,5,3297.35,2026-02-24,0.08
16742,1443.0,26,5,1452.45,2026-01-25,0.16
16743,955.0,60,5,4128.25,2026-03-10,0.15
16744,75.0,265,5,928.85,2026-06-25,0.06
16745,396.0,149,1,798.73,2026-07-16,0.08
16746,1079.0,115,3,2522.94,2026-02-11,0.09
16747,283.0,171,1,93.11,2025-12-18,0.16
16748,1860.0,200,1,715.79,2026-04-10,0.11
16749,1255.0,124,4,2986.52,2026-01-31,0.01
16750,1342.0,85,2,-56.74,2025-08-24,0.15
16751,1231.0,107,-1,515.77,2026-04-05,0.13
16752,442.0,150,3,2152.95,2025-11-03,0.19
16753,174.0,36,2,1475.78,2026-04-11,0.16
16754,677.0,141,3,474.15,2025-08-11,0.17
16755,974.0,16,1,362.42,2026-06-01,0.04
16756,1601.0,206,4,2384.68,2025-09-28,0.17
16757,269.0,286,4,536.24,2026-03-21,0.19
16758,1313.0,30,4,3534.76,2025-10-20,0.04
16759,915.0,215,3,915.72,2025-08-11,0.17
16760,1430.0,102,4,327.4,2025-09-21,0.01
16761,1977.0,190,1,67.71,2025-09-13,0.16
16762,484.0,146,1,690.08,2026-05-15,0.08
16763,1955.0,234,4,1443.28,2026-07-11,0.08
16764,,250,5,2079.5,2025-10-02,0.16
16765,1474.0,104,2,310.36,2025-12-15,0.19
16766,785.0,139,5,3020.7,2026-04-08,0.1
16767,1207.0,240,1,809.52,2025-08-10,0.08
16768,1597.0,161,3,1109.61,2025-08-29,0.09
16769,62.0,61,2,1290.94,2026-04-12,0.17
16770,541.0,157,3,156.33,2026-02-17,0.13
16771,1444.0,84,5,3822.9,2026-01-04,0.12
16772,417.0,143,3,255.42,2026-06-25,0.11
16773,773.0,271,2,1527.58,2026-04-04,0.17
16774,1171.0,229,4,200.76,2025-08-19,0.06
16775,1383.0,62,2,1273.64,2026-02-12,0.08
16776,1570.0,250,3,1247.7,2025-11-19,0.11
16777,1238.0,219,5,1469.35,2025-10-10,0.2
16778,1786.0,201,5,1955.5,2026-03-14,0.0
16779,869.0,246,5,898.55,2026-05-24,0.05
16780,251.0,41,3,2344.32,2025-08-13,0.11
16781,1197.0,123,3,1472.52,2026-01-07,0.01
16782,109.0,147,5,2977.35,2026-04-18,0.14
16783,,150,3,2152.95,2026-04-11,0.06
16784,928.0,235,1,891.6,2026-03-26,0.03
16785,704.0,154,3,2414.28,2025-12-16,0.15
16786,844.0,246,5,898.55,2025-10-01,0.01
16787,943.0,172,3,1597.56,2025-10-14,0.17
16788,974.0,84,5,3822.9,2025-10-06,0.06
16789,651.0,29,4,1503.16,2025-11-01,0.2
16790,254.0,126,5,851.15,2026-07-01,0.19
16791,490.0,196,1,243.74,2025-10-17,0.09
16792,1927.0,87,5,2341.55,2026-01-10,0.18
16793,848.0,117,3,1428.87,2026-03-27,0.1
16794,1147.0,59,1,62.29,2025-10-25,0.13
16795,1014.0,191,5,1234.85,2026-06-19,0.1
16796,734.0,1,4,690.64,2025-09-20,0.01
16797,1340.0,98,5,1016.3,2026-04-08,0.13
16798,1286.0,111,5,3446.35,2026-03-10,0.03
16799,1984.0,166,4,913.8,2025-08-11,0.19
16800,1584.0,245,3,1634.55,2026-01-01,0.14
16801,189.0,202,2,1377.6,2025-10-09,0.15
16802,138.0,246,4,718.84,2026-07-15,0.1
16803,833.0,93,4,2776.68,2025-08-21,0.15
16804,144.0,271,4,3055.16,2025-08-10,0.08
16805,1568.0,120,2,1450.42,2026-06-04,0.11
16806,245.0,107,5,2578.85,2026-02-14,0.05
16807,1525.0,102,2,163.7,2026-04-10,0.16
16808,1403.0,67,3,2167.74,2025-10-19,0.16
16809,621.0,265,4,743.08,2025-08-12,0.01
16810,813.0,130,4,3297.72,2026-08-05,0.07
16811,997.0,142,5,1242.55,2025-09-26,0.09
16812,808.0,161,2,739.74,2026-06-16,0.06
16813,1978.0,128,3,1458.21,2025-11-14,0.11
16814,212.0,173,3,2324.58,2026-06-06,0.03
16815,349.0,239,4,3067.92,2025-10-11,0.01
16816,1737.0,277,1,137.94,2026-07-22,0.02
16817,1262.0,91,5,2808.65,2026-01-01,0.05
16818,335.0,131,5,3106.25,2026-04-14,0.11
16819,334.0,13,-5,4269.6,2026-05-07,0.16
16820,1759.0,182,2,783.26,2026-01-16,0.08
16821,1297.0,14,3,2520.63,2025-09-27,0.07
16822,1268.0,269,4,2202.68,2025-11-13,0.08
16823,1900.0,21,1,758.07,2026-05-04,0.02
16824,386.0,87,2,936.62,2026-06-13,0.02
16825,1651.0,162,2,599.34,2026-03-16,0.06
16826,1901.0,140,1,752.04,2026-01-27,0.06
16827,1053.0,234,3,1082.46,2025-12-24,0.14
16828,867.0,75,4,3180.2,2025-11-05,0.1
16829,984.0,48,2,607.18,2026-02-03,0.09
16830,1648.0,293,2,679.12,2026-06-08,0.05
16831,893.0,123,3,1472.52,2026-05-17,0.19
16832,41.0,160,2,901.22,2026-04-08,0.02
16833,1632.0,138,3,862.08,2025-11-24,0.06
16834,172.0,202,4,2755.2,2025-08-14,0.08
16835,1723.0,90,5,1987.15,2026-05-02,0.17
16836,1498.0,187,1,881.5,2026-06-15,0.08
16837,438.0,34,1,739.62,2025-12-09,0.02
16838,1304.0,158,1,190.93,2026-02-13,0.13
16839,1369.0,250,2,831.8,2026-07-14,0.04
16840,1693.0,209,3,2373.93,2026-06-04,0.03
16841,757.0,131,4,2485.0,2026-04-30,0.14
16842,880.0,186,3,1997.88,2025-09-09,0.15
16843,452.0,66,1,806.55,2026-06-14,0.15
16844,1511.0,278,3,1878.81,2026-04-11,0.2
16845,893.0,233,2,1482.16,2026-05-28,0.05
16846,1788.0,27,1,246.89,2025-11-20,0.12
16847,355.0,263,5,1454.95,2025-12-01,0.14
16848,235.0,262,5,2766.8,2026-01-03,0.18
16849,435.0,108,3,2092.17,2026-04-19,0.07
16850,703.0,135,2,-69.2,2026-03-25,0.13
16851,1699.0,221,2,522.6,2025-12-25,0.2
16852,1017.0,217,1,358.81,2026-07-21,0.14
16853,1712.0,262,1,553.36,2026-01-10,0.15
16854,1985.0,260,3,1278.03,2026-04-25,0.14
16855,502.0,171,-1,93.11,2026-06-02,0.15
16856,949.0,132,1,205.35,2026-07-23,0.13
16857,1781.0,46,5,2790.55,2026-02-13,0.15
16858,1432.0,10,3,2375.22,2025-11-12,0.18
16859,107.0,71,3,289.62,2025-08-24,0.15
16860,856.0,162,3,899.01,2026-05-11,0.14
16861,122.0,40,2,142.98,2025-12-30,0.08
16862,223.0,12,4,3274.24,2026-03-03,0.02
16863,931.0,179,5,2686.75,2026-07-21,0.04
16864,673.0,226,2,196.9,2026-02-12,0.05
16865,244.0,1,2,345.32,2026-06-07,0.06
16866,634.0,140,4,3008.16,2026-10-29,0.05
16867,1827.0,129,3,1475.73,2025-12-23,0.17
16868,34.0,66,5,4032.75,2026-04-12,0.14
16869,126.0,131,1,621.25,2025-12-01,0.12
16870,221.0,85,2,-56.74,2025-11-11,0.11
16871,1148.0,25,4,2333.92,2026-08-04,0.1
16872,1402.0,8,3,2612.97,2025-12-27,0.04
16873,492.0,14,1,840.21,2025-10-29,0.15
16874,1528.0,108,2,1394.78,2025-11-11,0.12
16875,52.0,199,2,160.64,2025-12-11,0.18
16876,1448.0,187,3,2644.5,2026-05-13,0.07
16877,1819.0,196,2,487.48,2025-08-30,0.1
16878,788.0,255,3,2178.99,2025-11-22,0.16
16879,1417.0,227,5,2374.65,2025-12-30,0.04
16880,498.0,118,5,3247.6,2026-04-16,0.12
16881,147.0,149,2,1597.46,2026-01-18,0.01
16882,1989.0,180,1,642.33,2026-07-19,0.11
16883,1561.0,261,3,386.49,2026-03-06,0.09
16884,1887.0,226,5,492.25,2026-03-01,0.04
16885,1391.0,272,1,327.87,2026-04-19,0.17
16886,369.0,175,4,2941.92,2026-06-20,0.15
16887,1237.0,261,2,257.66,2026-01-14,0.09
16888,1397.0,102,1,81.85,2025-12-20,0.17
16889,1152.0,288,5,4357.3,2026-07-31,0.09
16890,1756.0,186,5,3329.8,2026-07-10,0.15
16891,828.0,268,3,1051.71,2026-02-20,0.15
16892,1544.0,10,4,3166.96,2025-10-21,0.06
16893,1371.0,215,2,610.48,2026-04-20,0.06
16894,8.0,194,4,2755.08,2026-05-22,0.18
16895,204.0,81,4,2310.08,2026-07-09,0.19
16896,731.0,260,4,1704.04,2025-11-16,0.1
16897,1628.0,169,1,695.2,2026-02-17,0.12
16898,71.0,17,2,1523.38,2025-10-21,0.1
16899,517.0,65,1,614.34,2026-06-06,0.08
16900,1816.0,300,1,581.59,2025-11-28,0.09
16901,1190.0,148,2,1000.46,2026-03-11,0.0
16902,1884.0,205,3,1122.12,2026-05-19,0.11
16903,390.0,246,4,718.84,2026-07-03,0.12
16904,611.0,22,2,271.24,2025-11-01,0.13
16905,27.0,131,3,1863.75,2026-04-18,0.14
16906,1176.0,121,1,268.36,2026-08-04,0.1
16907,1534.0,278,5,3131.35,2026-07-30,0.13
16908,371.0,62,1,636.82,2025-12-20,0.01
16909,,101,4,3485.4,2026-04-16,0.18
16910,,37,4,287.24,2026-03-05,0.16
16911,1830.0,130,2,1648.86,2026-01-18,0.09
16912,1357.0,201,4,1564.4,2026-04-06,0.08
16913,60.0,248,1,689.82,2025-10-06,0.1
16914,710.0,294,2,976.32,2026-07-02,0.04
16915,751.0,175,4,2941.92,2026-01-13,0.03
16916,508.0,13,5,4269.6,2026-06-24,0.02
16917,1335.0,99,1,468.93,2026-02-13,0.0
16918,1302.0,198,1,578.35,2025-10-27,0.17
16919,186.0,114,2,336.18,2026-01-20,0.07
16920,122.0,292,1,294.07,2026-01-04,0.17
16921,143.0,253,3,1038.0,2026-06-23,0.16
16922,1457.0,197,4,1582.64,2025-11-29,0.14
16923,1127.0,108,1,697.39,2026-02-22,0.08
16924,1140.0,152,2,1676.94,2025-12-04,0.17
16925,,121,1,268.36,2025-11-06,0.1
16926,1744.0,109,2,301.3,2025-10-03,0.2
16927,576.0,196,3,731.22,2025-08-16,0.09
16928,99.0,20,4,3276.16,2026-07-05,0.16
16929,931.0,32,4,-728.84,2026-04-19,0.19
16930,1860.0,122,4,2641.6,2026-06-16,0.09
16931,337.0,273,5,1578.85,2026-01-30,0.01
16932,242.0,63,5,783.65,2026-02-04,0.01
16933,1652.0,236,2,1204.42,2025-12-24,0.12
16934,965.0,258,3,2552.85,2026-02-24,0.12
16935,1488.0,273,1,315.77,2026-02-03,0.02
16936,125.0,49,4,733.24,2025-08-06,0.15
16937,953.0,201,3,1173.3,2026-07-29,0.13
16938,1105.0,220,3,1099.98,2026-02-18,0.13
16939,922.0,233,3,2223.24,2026-07-20,0.12
16940,817.0,116,2,1783.86,2026-03-29,0.13
16941,1537.0,164,5,2201.2,2025-11-25,0.15
16942,1909.0,144,4,505.88,2025-11-07,0.12
16943,1676.0,43,1,679.24,2025-10-05,0.12
16944,1521.0,299,2,1042.94,2026-06-01,0.16
16945,579.0,248,5,3449.1,2026-07-14,0.11
16946,333.0,206,3,1788.51,2026-04-14,0.04
16947,10.0,23,5,723.95,2026-01-10,0.06
16948,542.0,110,2,1447.22,2026-05-31,0.18
16949,1254.0,13,3,2561.76,2026-06-13,0.16
16950,1613.0,90,1,397.43,2026-03-29,0.09
16951,49.0,17,1,761.69,2026-03-10,0.03
16952,692.0,240,3,2428.56,2025-10-28,0.05
16953,1664.0,178,2,761.04,2026-04-17,0.14
16954,1618.0,223,3,1978.41,2026-06-22,0.14
16955,1084.0,218,2,-535.14,2026-04-13,0.03
16956,965.0,42,1,274.97,2025-11-10,0.17
16957,108.0,73,2,295.56,2025-11-29,0.04
16958,336.0,179,5,2686.75,2025-11-07,0.02
16959,,90,4,1589.72,2026-07-09,0.05
16960,1115.0,128,1,486.07,2026-05-15,0.15
16961,1134.0,28,3,1470.6,2026-01-19,0.19
16962,1821.0,7,5,3508.6,2026-03-24,0.14
16963,220.0,220,1,366.66,2026-04-30,0.03
16964,43.0,189,-5,1688.5,2025-12-13,0.06
16965,815.0,119,1,356.79,2026-07-07,0.2
16966,260.0,238,4,2350.4,2026-02-28,0.02
16967,220.0,69,4,250.4,2025-08-17,0.14
16968,2.0,265,1,185.77,2025-12-21,0.11
16969,852.0,49,4,733.24,2025-08-14,0.18
16970,264.0,120,3,2175.63,2026-05-28,0.02
16971,992.0,78,4,726.44,2026-05-13,0.04
16972,149.0,232,1,490.97,2026-06-07,0.0
16973,1094.0,4,4,2748.24,2025-12-01,0.08
16974,859.0,222,3,1308.93,2025-12-06,0.2
16975,,158,1,190.93,2026-06-11,0.09
16976,1792.0,121,3,805.08,2025-08-28,0.12
16977,1125.0,160,4,1802.44,2025-12-23,0.11
16978,598.0,99,4,1875.72,2026-05-11,0.2
16979,651.0,176,2,865.7,2025-08-17,0.09
16980,1194.0,195,5,1206.9,2026-03-24,0.17
16981,1662.0,252,4,2855.4,2025-10-11,0.15
16982,182.0,294,3,1464.48,2026-02-27,0.08
16983,460.0,198,1,578.35,2025-11-17,0.15
16984,1515.0,128,4,1944.28,2026-01-07,0.17
16985,1386.0,52,3,1057.35,2026-01-31,0.14
16986,1391.0,181,1,888.08,2025-10-08,0.09
16987,1320.0,40,3,214.47,2026-05-16,0.2
16988,1250.0,50,5,382.15,2026-06-20,0.19
16989,,114,2,336.18,2025-08-08,0.01
16990,1866.0,158,4,763.72,2025-08-24,0.1
16991,858.0,173,5,3874.3,2026-01-29,0.02
16992,1308.0,47,3,948.72,2025-10-20,0.19
16993,472.0,177,0,1237.16,2025-11-21,0.16
16994,,259,3,383.76,2025-10-10,0.08
16995,890.0,297,1,597.25,2026-07-27,0.04
16996,658.0,261,1,128.83,2026-05-26,0.14
16997,110.0,210,4,1809.12,2026-03-27,0.13
16998,1988.0,99,1,468.93,2026-05-26,0.19
16999,720.0,274,1,192.77,2025-10-20,0.19
17000,539.0,268,2,701.14,2026-03-13,0.19
17001,420.0,141,5,790.25,2025-08-22,0.08
17002,1081.0,165,4,2534.6,2026-05-02,0.01
17003,908.0,268,4,1402.28,2026-02-02,0.12
17004,998.0,128,3,1458.21,2026-01-25,0.03
17005,,134,1,633.61,2025-11-01,0.08
17006,194.0,199,2,160.64,2026-07-26,0.16
17007,495.0,252,3,2141.55,2026-05-18,0.0
17008,1024.0,209,3,2373.93,2026-02-11,0.06
17009,801.0,103,2,571.48,2026-07-23,0.11
17010,990.0,155,5,1373.2,2025-09-29,0.0
17011,1738.0,89,5,513.8,2026-06-28,0.07
17012,1148.0,216,2,881.52,2026-03-22,0.14
17013,640.0,21,5,3790.35,2025-12-05,0.07
17014,774.0,270,2,313.04,2025-11-17,0.03
17015,458.0,245,2,1089.7,2026-04-08,0.02
17016,1068.0,96,3,868.74,2026-06-07,0.02
17017,,287,4,-204.88,2026-07-29,0.2
17018,15.0,115,3,2522.94,2025-12-17,0.05
17019,906.0,54,5,489.1,2026-04-21,0.19
17020,1885.0,130,3,2473.29,2026-04-06,0.2
17021,1465.0,218,3,-802.71,2026-04-28,0.04
17022,822.0,67,3,2167.74,2025-08-06,0.17
17023,1635.0,206,5,2980.85,2025-11-06,0.07
17024,1214.0,59,4,249.16,2026-03-11,0.04
17025,148.0,245,3,1634.55,2026-07-30,0.09
17026,1409.0,127,3,2371.86,2025-08-16,0.13
17027,,284,3,1498.68,2025-08-29,0.05
17028,1458.0,233,1,741.08,2026-01-15,0.13
17029,1282.0,168,1,643.67,2025-09-27,0.0
17030,1399.0,226,3,295.35,2025-12-13,0.07
17031,993.0,270,1,156.52,2026-03-10,0.08
17032,942.0,160,5,2253.05,2025-12-19,0.1
17033,1118.0,59,2,124.58,2025-09-16,0.13
17034,935.0,61,2,1290.94,2025-12-20,0.09
17035,1584.0,254,5,3122.7,2025-08-19,0.05
17036,587.0,180,5,3211.65,2026-04-24,0.11
17037,743.0,66,3,2419.65,2025-09-25,0.03
17038,244.0,278,5,3131.35,2026-04-29,0.08
17039,1803.0,8,2,1741.98,2026-05-02,0.07
17040,221.0,128,3,1458.21,2026-04-09,0.1
17041,835.0,181,3,2664.24,2025-08-06,0.02
17042,212.0,135,1,-34.6,2025-11-29,0.13
17043,67.0,297,1,597.25,2025-12-16,0.13
17044,1771.0,150,4,2870.6,2025-08-13,0.04
17045,1697.0,41,2,1562.88,2026-04-17,0.12
17046,1065.0,121,3,805.08,2025-10-15,0.05
17047,1381.0,287,0,-51.22,2026-03-11,0.02
17048,151.0,235,4,3566.4,2025-09-10,0.03
17049,1429.0,227,4,1899.72,2025-12-04,0.02
17050,1326.0,165,4,2534.6,2025-10-25,0.1
17051,1695.0,174,2,1313.1,2025-12-16,0.17
17052,197.0,3,5,3108.35,2025-11-01,0.14
17053,999.0,145,3,1169.82,2026-07-14,0.11
17054,1869.0,130,1,824.43,2025-08-30,0.11
17055,,99,1,468.93,2025-09-28,0.16
17056,1503.0,276,5,1601.3,2026-07-23,0.03
17057,1766.0,290,1,423.37,2026-02-01,0.08
17058,1266.0,50,5,382.15,2026-03-24,0.15
17059,1534.0,167,5,2156.4,2025-11-15,0.06
17060,502.0,80,5,1277.6,2026-05-31,0.09
17061,260.0,129,3,1475.73,2026-04-27,0.16
17062,928.0,164,5,2201.2,2026-04-28,0.19
17063,1903.0,269,1,550.67,2026-04-23,0.03
17064,656.0,282,4,2425.8,2026-04-27,0.08
17065,28.0,212,1,-309.25,2025-11-03,0.11
17066,1114.0,187,5,4407.5,2026-06-21,0.01
17067,1574.0,62,5,3184.1,2025-10-30,0.11
17068,1432.0,7,1,701.72,2026-05-23,0.05
17069,1901.0,1,3,517.98,2026-02-11,0.04
17070,1119.0,276,2,640.52,2026-04-02,0.19
17071,1290.0,269,4,2202.68,2026-07-04,0.03
17072,1861.0,80,1,255.52,2026-06-24,0.15
17073,931.0,98,1,203.26,2026-05-26,0.01
17074,1843.0,278,1,626.27,2025-12-11,0.15
17075,,293,2,679.12,2025-10-17,0.03
17076,1935.0,240,4,3238.08,2025-09-04,0.13
17077,751.0,86,1,699.58,2026-06-10,0.05
17078,1998.0,179,1,537.35,2026-05-12,0.12
17079,913.0,288,1,871.46,2026-05-13,0.0
17080,1503.0,65,4,2457.36,2026-07-22,0.03
17081,632.0,86,5,3497.9,2025-09-13,0.17
17082,838.0,80,5,1277.6,2025-09-17,0.04
17083,628.0,276,2,640.52,2025-09-29,0.12
17084,1146.0,200,2,1431.58,2025-11-05,0.12
17085,1321.0,277,4,551.76,2026-04-17,0.13
17086,1248.0,166,3,685.35,2025-12-19,0.02
17087,1926.0,73,2,295.56,2026-03-16,0.05
17088,1033.0,186,5,3329.8,2025-08-16,0.07
17089,1331.0,77,5,3775.0,2025-11-19,0.04
17090,1327.0,205,2,748.08,2026-07-08,0.1
17091,168.0,50,4,305.72,2025-10-08,0.13
17092,658.0,14,3,2520.63,2026-01-07,0.19
17093,749.0,285,4,2880.08,2025-12-22,0.04
17094,839.0,77,5,3775.0,2025-10-15,0.02
17095,1371.0,300,5,2907.95,2026-07-14,0.15
17096,878.0,153,1,890.63,2026-01-30,0.09
17097,1336.0,168,2,1287.34,2026-06-18,0.01
17098,1599.0,238,5,2938.0,2026-09-25,0.18
17099,673.0,50,3,229.29,2025-10-01,0.17
17100,1659.0,278,1,626.27,2026-03-07,0.01
17101,1283.0,62,4,2547.28,2026-01-20,0.03
17102,1604.0,144,3,379.41,2026-06-27,0.1
17103,554.0,275,4,2687.96,2026-04-24,0.12
17104,1181.0,22,1,135.62,2025-12-30,0.17
17105,1132.0,216,2,881.52,2026-07-22,0.18
17106,710.0,265,4,743.08,2025-10-15,0.15
17107,1346.0,12,4,3274.24,2026-06-14,0.04
17108,1142.0,11,1,285.15,2026-04-21,0.13
17109,936.0,12,3,2455.68,2025-12-16,0.16
17110,1851.0,42,5,1374.85,2025-09-17,0.1
17111,915.0,108,3,2092.17,2026-04-30,0.06
17112,264.0,76,5,3501.45,2025-08-24,0.07
17113,1025.0,192,4,1695.76,2026-02-24,0.0
17114,870.0,281,3,479.07,2025-12-24,0.16
17115,213.0,7,1,701.72,2026-02-13,0.07
17116,262.0,288,1,871.46,2025-10-30,0.16
17117,560.0,195,2,482.76,2026-02-26,0.14
17118,1323.0,151,5,3970.0,2025-10-18,0.2
17119,1390.0,147,4,2381.88,2026-03-08,0.01
17120,238.0,70,3,1325.91,2026-05-09,0.11
17121,1836.0,21,4,3032.28,2026-04-24,0.13
17122,1423.0,72,3,1476.3,2025-12-18,0.05
17123,1273.0,218,1,-267.57,2025-12-18,0.19
17124,1839.0,243,4,3253.64,2025-11-26,0.03
17125,982.0,148,5,2501.15,2025-12-15,0.1
17126,498.0,235,4,3566.4,2025-09-05,0.19
17127,436.0,28,5,2451.0,2025-11-13,0.07
17128,1236.0,68,5,4436.05,2026-04-07,0.01
17129,76.0,49,1,183.31,2026-05-25,0.14
17130,547.0,214,2,1413.88,2026-01-19,0.13
17131,1035.0,158,1,190.93,2025-08-20,0.0
17132,94.0,136,2,1066.38,2026-06-10,0.14
17133,32.0,81,2,1155.04,2026-03-27,0.06
17134,1794.0,289,4,196.28,2026-06-20,0.07
17135,1592.0,128,2,972.14,2026-07-23,0.17
17136,1907.0,285,2,1440.04,2026-04-05,0.1
17137,705.0,246,4,718.84,2025-09-05,0.19
17138,711.0,185,3,426.06,2026-03-20,0.03
17139,1142.0,261,4,515.32,2025-11-03,0.06
17140,738.0,197,5,1978.3,2025-12-08,0.0
17141,548.0,219,4,1175.48,2025-09-10,0.2
17142,1076.0,257,4,1249.36,2026-08-16,0.03
17143,1792.0,206,3,1788.51,2026-02-06,0.19
17144,460.0,243,1,813.41,2026-04-20,0.01
17145,704.0,28,2,980.4,2026-07-21,0.07
17146,698.0,208,3,1093.08,2026-07-29,0.17
17147,911.0,123,3,1472.52,2025-12-01,0.12
17148,1199.0,179,2,1074.7,2025-12-16,0.05
17149,590.0,261,3,386.49,2026-06-22,0.09
17150,,147,1,595.47,2025-12-21,0.14
17151,674.0,191,1,246.97,2025-12-04,0.13
17152,1568.0,198,2,1156.7,2026-05-25,0.04
17153,1236.0,21,4,3032.28,2026-04-27,0.18
17154,1071.0,55,1,856.54,2025-10-29,0.02
17155,406.0,202,1,688.8,2026-04-29,0.11
17156,1342.0,226,3,295.35,2026-01-28,0.12
17157,573.0,167,5,2156.4,2026-05-03,0.03
17158,1924.0,295,5,2084.1,2025-08-17,0.02
17159,1812.0,98,2,406.52,2026-07-29,0.19
17160,157.0,78,3,544.83,2026-05-29,0.12
17161,1473.0,236,4,2408.84,2026-01-14,0.02
17162,1763.0,267,1,277.33,2025-09-26,0.02
17163,1428.0,194,4,2755.08,2026-02-05,0.16
17164,777.0,151,2,1588.0,2025-10-16,0.01
17165,1278.0,136,5,2665.95,2026-03-04,0.19
17166,1237.0,267,3,831.99,2026-06-29,0.03
17167,458.0,51,3,828.36,2025-09-15,0.14
17168,964.0,294,3,1464.48,2026-01-13,0.05
17169,1589.0,106,3,252.0,2026-01-28,0.1
17170,1193.0,265,5,928.85,2025-10-21,0.04
17171,167.0,259,4,511.68,2025-11-09,0.08
17172,1363.0,47,5,1581.2,2026-01-23,0.1
17173,629.0,236,4,2408.84,2025-11-10,0.19
17174,1381.0,162,5,1498.35,2026-09-15,0.01
17175,167.0,150,2,1435.3,2025-09-11,0.16
17176,333.0,213,3,1143.3,2026-06-28,0.15
17177,1508.0,229,5,250.95,2025-09-28,0.01
17178,397.0,15,3,1415.19,2026-06-29,0.13
17179,41.0,69,4,250.4,2025-09-07,0.07
17180,128.0,251,3,2619.81,2026-04-21,0.03
17181,1898.0,273,3,947.31,2025-12-06,0.07
17182,1562.0,189,5,1688.5,2026-06-23,0.19
17183,1174.0,227,4,1899.72,2026-02-05,0.06
17184,1312.0,290,1,423.37,2025-12-28,0.03
17185,466.0,265,1,185.77,2026-01-16,0.01
17186,924.0,266,2,928.18,2026-05-11,0.17
17187,1424.0,56,5,3119.95,2026-05-12,0.14
17188,,179,5,2686.75,2026-05-28,0.06
17189,1567.0,88,2,910.66,2026-07-08,0.15
17190,1194.0,134,3,1900.83,2026-05-22,0.14
17191,1661.0,104,2,310.36,2025-10-08,0.07
17192,1976.0,265,1,185.77,2026-05-27,0.15
17193,654.0,148,3,1500.69,2026-01-17,0.17
17194,1569.0,40,1,71.49,2025-11-12,0.08
17195,553.0,92,4,2685.64,2026-07-13,0.15
17196,1865.0,171,1,93.11,2025-09-13,0.16
17197,1683.0,65,5,3071.7,2025-10-11,0.08
17198,1436.0,69,4,250.4,2026-05-24,0.01
17199,952.0,106,1,84.0,2026-01-16,0.05
17200,1075.0,18,2,145.88,2025-08-16,0.15
17201,6.0,23,4,579.16,2026-02-20,0.16
17202,476.0,249,4,1882.72,2025-11-13,0.17
17203,426.0,141,2,316.1,2026-02-25,0.06
17204,372.0,213,1,381.1,2025-09-20,0.13
17205,504.0,193,2,771.9,2026-02-19,0.14
17206,152.0,204,3,1570.95,2026-06-05,0.14
17207,1649.0,92,5,3357.05,2026-04-16,0.11
17208,1663.0,254,1,624.54,2026-01-23,0.03
17209,738.0,78,1,181.61,2026-01-04,0.14
17210,1389.0,46,3,1674.33,2025-10-06,0.13
17211,1750.0,117,3,1428.87,2025-08-10,0.17
17212,1331.0,244,2,388.48,2026-03-21,0.04
17213,750.0,196,5,1218.7,2026-04-03,0.01
17214,745.0,160,5,2253.05,2026-08-02,0.03
17215,1684.0,27,2,493.78,2025-08-27,0.14
17216,589.0,126,3,510.69,2026-01-16,0.13
17217,526.0,79,2,675.16,2026-03-14,0.01
17218,1645.0,164,3,1320.72,2025-11-03,0.16
17219,1565.0,122,1,660.4,2025-09-06,0.08
17220,463.0,40,1,71.49,2026-03-27,0.12
17221,749.0,3,3,1865.01,2026-06-24,0.13
17222,746.0,70,4,1767.88,2026-01-19,0.17
17223,549.0,85,2,-56.74,2025-11-06,0.01
17224,1541.0,252,1,713.85,2025-08-12,0.07
17225,449.0,288,0,1742.92,2026-06-07,0.07
17226,492.0,184,4,1452.24,2026-06-28,0.1
17227,1077.0,285,1,720.02,2025-11-04,0.15
17228,1809.0,285,3,2160.06,2026-07-29,0.04
17229,609.0,289,4,196.28,2026-04-02,0.11
17230,1148.0,200,5,3578.95,2026-03-25,0.01
17231,1001.0,177,3,1855.74,2025-12-13,0.14
17232,1859.0,107,2,1031.54,2025-09-02,0.1
17233,1994.0,236,5,3011.05,2026-01-21,0.15
17234,1290.0,65,4,2457.36,2026-05-21,0.08
17235,21.0,296,3,894.69,2026-02-12,0.06
17236,54.0,234,3,1082.46,2026-08-05,0.02
17237,683.0,162,1,299.67,2025-08-28,0.08
17238,1602.0,201,3,1173.3,2025-12-03,0.06
17239,662.0,20,4,3276.16,2025-12-13,0.11
17240,1018.0,204,5,2618.25,2025-08-17,0.17
17241,414.0,69,2,125.2,2026-05-08,0.03
17242,517.0,94,1,314.44,2025-12-11,0.05
17243,490.0,32,4,-728.84,2026-05-12,0.14
17244,1777.0,294,1,488.16,2026-04-01,0.01
17245,962.0,220,5,1833.3,2026-06-20,0.17
17246,782.0,52,2,704.9,2026-03-22,0.15
17247,161.0,175,5,3677.4,2026-03-02,0.15
17248,1472.0,47,3,948.72,2025-09-29,0.03
17249,1122.0,26,2,580.98,2026-07-27,0.08
17250,443.0,69,2,125.2,2026-06-19,0.03
17251,553.0,211,1,222.15,2025-09-22,0.0
17252,1905.0,68,3,2661.63,2026-07-26,0.07
17253,536.0,70,2,883.94,2026-04-24,0.15
17254,589.0,80,2,511.04,2026-05-05,0.05
17255,1416.0,77,2,1510.0,2026-05-13,0.03
17256,56.0,29,1,375.79,2026-01-14,0.02
17257,1079.0,67,4,2890.32,2026-01-23,0.19
17258,1351.0,88,5,2276.65,2025-11-01,0.13
17259,682.0,136,2,1066.38,2026-04-24,0.01
17260,197.0,251,5,4366.35,2026-06-13,0.14
17261,472.0,120,3,2175.63,2025-09-12,0.15
17262,239.0,166,4,913.8,2025-10-11,0.13
17263,377.0,249,4,1882.72,2026-05-27,0.12
17264,836.0,266,3,1392.27,2025-10-27,0.15
17265,115.0,193,3,1157.85,2025-11-21,0.18
17266,1779.0,276,5,1601.3,2026-06-04,0.09
17267,442.0,297,3,1791.75,2025-11-01,0.08
17268,1131.0,141,1,158.05,2026-06-22,0.04
17269,1224.0,239,1,766.98,2026-06-02,0.01
17270,772.0,126,2,340.46,2026-02-27,0.01
17271,1864.0,249,2,941.36,2026-07-28,0.02
17272,963.0,172,4,2130.08,2026-03-08,0.17
17273,142.0,84,4,3058.32,2026-02-27,0.1
17274,384.0,102,4,327.4,2025-08-19,0.12
17275,1663.0,150,3,2152.95,2025-12-02,0.12
17276,964.0,280,5,3774.5,2026-02-15,0.14
17277,1114.0,233,2,1482.16,2025-12-16,0.15
17278,398.0,94,3,943.32,2026-07-01,0.19
17279,573.0,80,1,255.52,2026-08-03,0.09
17280,382.0,82,2,944.42,2025-09-09,0.2
17281,404.0,272,2,655.74,2026-04-17,0.1
17282,1025.0,43,2,1358.48,2025-11-26,0.19
17283,1479.0,167,2,862.56,2026-10-27,0.03
17284,58.0,173,5,3874.3,2025-10-03,0.08
17285,1580.0,249,1,470.68,2025-08-27,0.12
17286,1798.0,150,1,717.65,2025-09-30,0.14
17287,613.0,50,3,229.29,2025-12-26,0.01
17288,1894.0,160,3,1351.83,2026-03-29,0.03
17289,1661.0,80,3,766.56,2026-06-17,0.07
17290,1070.0,227,1,474.93,2025-11-07,0.13
17291,1179.0,291,2,673.34,2026-01-07,0.14
17292,573.0,179,1,537.35,2025-11-28,0.08
17293,1417.0,81,5,2887.6,2025-12-25,0.04
17294,232.0,236,3,1806.63,2025-08-22,0.07
17295,1133.0,101,3,2614.05,2026-07-04,0.16
17296,1466.0,120,2,1450.42,2026-04-25,0.1
17297,748.0,261,5,644.15,2025-09-30,0.16
17298,45.0,41,5,3907.2,2026-03-07,0.07
17299,1309.0,17,5,3808.45,2025-10-12,0.15
17300,988.0,175,5,3677.4,2026-06-06,0.07
17301,1042.0,177,1,618.58,2026-05-12,0.14
17302,1657.0,95,3,1279.95,2025-11-05,0.18
17303,373.0,67,2,1445.16,2025-09-15,0.15
17304,12.0,98,1,203.26,2025-11-08,0.1
17305,1790.0,287,4,-204.88,2025-11-12,0.18
17306,1235.0,286,4,536.24,2025-09-25,0.16
17307,807.0,258,3,2552.85,2026-02-04,0.14
17308,1473.0,146,4,2760.32,2025-12-23,0.13
17309,1522.0,180,2,1284.66,2026-05-29,0.12
17310,512.0,138,5,1436.8,2025-12-27,0.15
17311,85.0,195,3,724.14,2026-01-23,0.11
17312,280.0,196,5,1218.7,2025-12-30,0.13
17313,1730.0,72,4,1968.4,2026-02-02,0.19
17314,682.0,1,2,345.32,2025-10-15,0.16
17315,1828.0,189,3,1013.1,2026-03-28,0.13
17316,1828.0,57,1,696.25,2026-03-29,0.15
17317,1514.0,189,0,1013.1,2025-08-29,0.08
17318,293.0,156,1,668.76,2025-09-16,0.08
17319,862.0,209,4,3165.24,2026-05-10,0.18
17320,1610.0,260,1,426.01,2025-12-11,0.13
17321,1945.0,292,3,882.21,2025-11-26,0.01
17322,824.0,161,5,1849.35,2026-03-22,0.06
17323,411.0,19,2,1385.2,2025-08-14,0.08
17324,1724.0,137,2,1487.6,2026-05-22,0.06
17325,1465.0,167,2,862.56,2025-11-23,0.03
17326,555.0,221,3,783.9,2026-04-06,0.17
17327,836.0,116,2,1783.86,2025-11-13,0.13
17328,612.0,152,2,1676.94,2025-10-19,0.17
17329,146.0,107,4,2063.08,2026-07-18,0.07
17330,1628.0,137,2,1487.6,2025-09-07,0.02
17331,1385.0,34,3,2218.86,2026-02-23,0.17
17332,507.0,211,5,1110.75,2026-07-01,0.13
17333,1872.0,16,5,1812.1,2026-05-06,0.18
17334,1489.0,187,2,1763.0,2025-10-22,0.19
17335,335.0,40,2,142.98,2026-04-13,0.2
17336,565.0,84,4,3058.32,2025-11-29,0.12
17337,1125.0,145,4,1559.76,2025-11-09,0.09
17338,1333.0,223,4,2637.88,2026-01-21,0.13
17339,578.0,196,3,731.22,2026-07-13,0.03
17340,76.0,212,2,-618.5,2026-03-31,0.09
17341,,16,4,1449.68,2025-12-27,0.02
17342,1502.0,21,1,758.07,2025-10-31,0.01
17343,1719.0,70,3,1325.91,2026-07-26,0.19
17344,762.0,269,1,550.67,2026-06-09,0.08
17345,215.0,153,2,1781.26,2025-09-06,0.02
17346,630.0,261,4,515.32,2026-07-15,0.14
17347,573.0,11,1,285.15,2026-10-23,0.05
17348,1348.0,36,1,737.89,2026-04-28,0.19
17349,348.0,32,4,-728.84,2026-04-15,0.14
17350,1880.0,37,3,215.43,2026-07-03,0.11
17351,1165.0,16,3,1087.26,2025-10-04,0.12
17352,593.0,9,4,3163.12,2026-04-20,0.01
17353,267.0,136,1,533.19,2026-03-20,0.01
17354,1375.0,235,1,891.6,2026-02-08,0.17
17355,60.0,106,1,84.0,2026-02-08,0.16
17356,,190,1,67.71,2025-09-20,0.02
17357,934.0,268,5,1752.85,2026-04-25,0.11
17358,851.0,20,4,3276.16,2026-04-11,0.0
17359,1980.0,221,4,1045.2,2025-09-15,0.16
17360,238.0,60,3,2476.95,2025-12-07,0.05
17361,1920.0,117,3,1428.87,2025-08-11,0.01
17362,1161.0,207,1,500.65,2026-01-10,0.07
17363,1908.0,137,2,1487.6,2025-10-01,0.09
17364,134.0,27,2,493.78,2026-04-27,0.07
17365,796.0,118,5,3247.6,2026-03-20,0.02
17366,241.0,172,1,532.52,2025-09-18,0.02
17367,1772.0,223,2,1318.94,2026-04-23,0.14
17368,426.0,50,3,229.29,2026-08-03,0.15
17369,230.0,99,3,1406.79,2026-02-02,0.01
17370,1974.0,54,4,391.28,2026-03-27,0.07
17371,383.0,131,4,2485.0,2025-09-23,0.19
17372,249.0,179,2,1074.7,2026-01-03,0.17
17373,410.0,19,4,2770.4,2026-07-21,0.1
17374,299.0,39,2,1781.3,2026-06-04,0.0
17375,,75,3,2385.15,2025-12-14,0.01
17376,1667.0,157,3,156.33,2026-06-15,0.14
17377,1898.0,91,3,1685.19,2025-08-29,0.0
17378,1473.0,265,4,743.08,2026-07-24,0.16
17379,263.0,220,5,1833.3,2026-01-27,0.06
17380,835.0,118,2,1299.04,2025-10-26,0.01
17381,1507.0,8,5,4354.95,2026-07-03,0.13
17382,1602.0,295,2,833.64,2025-10-06,0.01
17383,1583.0,51,3,828.36,2026-02-18,0.01
17384,338.0,259,1,127.92,2025-09-17,0.17
17385,1621.0,232,1,490.97,2026-06-27,0.12
17386,1067.0,95,5,2133.25,2026-01-17,0.09
17387,687.0,157,1,52.11,2025-09-28,0.14
17388,308.0,132,5,1026.75,2026-04-28,0.16
17389,611.0,136,2,1066.38,2026-03-31,0.14
17390,830.0,23,2,289.58,2025-09-06,0.09
17391,498.0,89,4,411.04,2026-05-20,0.11
17392,1750.0,222,5,2181.55,2025-08-25,0.08
17393,1124.0,224,3,1471.77,2026-05-15,0.01
17394,685.0,43,1,679.24,2026-02-16,0.01
17395,,88,5,2276.65,2026-02-10,0.15
17396,1678.0,240,2,1619.04,2025-11-01,0.05
17397,1010.0,10,4,3166.96,2026-06-19,0.09
17398,1359.0,265,2,371.54,2026-04-02,0.08
17399,137.0,235,5,4458.0,2025-10-04,0.0
17400,1416.0,2,5,3301.1,2025-10-04,0.18
17401,1031.0,129,1,491.91,2025-09-12,0.12
17402,171.0,115,3,2522.94,2026-03-23,0.14
17403,1521.0,113,2,1307.38,2026-03-06,0.15
17404,1181.0,182,4,1566.52,2025-11-08,0.04
17405,1376.0,288,2,1742.92,2026-01-06,0.05
17406,172.0,222,4,1745.24,2026-03-13,0.17
17407,34.0,199,2,160.64,2026-07-20,0.02
17408,1663.0,78,5,908.05,2025-09-03,0.19
17409,782.0,60,2,1651.3,2026-06-06,0.13
17410,1806.0,206,1,596.17,2025-12-08,0.14
17411,867.0,215,5,1526.2,2026-01-23,0.16
17412,1136.0,45,1,728.99,2025-10-28,0.05
17413,56.0,123,5,2454.2,2026-04-25,0.15
17414,801.0,93,4,2776.68,2026-01-30,0.18
17415,43.0,111,4,2757.08,2026-01-20,0.15
17416,1819.0,214,2,1413.88,2026-06-03,0.16
17417,1220.0,112,5,2350.35,2026-02-08,0.13
17418,802.0,178,1,380.52,2025-09-18,0.08
17419,877.0,208,4,1457.44,2026-06-01,0.0
17420,41.0,175,3,2206.44,2025-08-15,0.11
17421,696.0,14,1,840.21,2025-12-22,0.17
17422,110.0,25,5,2917.4,2025-09-27,0.11
17423,,23,4,579.16,2026-03-12,0.12
17424,1417.0,185,1,142.02,2026-02-20,0.14
17425,720.0,259,1,127.92,2026-04-27,0.2
17426,1901.0,190,4,270.84,2026-01-27,0.06
17427,1176.0,40,5,357.45,2026-02-10,0.15
17428,536.0,35,2,1767.0,2025-08-05,0.04
17429,99.0,34,4,2958.48,2026-01-23,0.07
17430,1302.0,93,5,3470.85,2026-04-11,0.15
17431,1984.0,300,5,2907.95,2025-11-26,0.01
17432,1191.0,205,1,374.04,2025-12-17,0.02
17433,1520.0,259,1,127.92,2026-07-01,0.18
17434,1797.0,159,5,572.95,2026-03-24,0.11
17435,1069.0,212,4,-1237.0,2026-05-19,0.05
17436,275.0,8,2,1741.98,2026-04-02,0.17
17437,907.0,48,4,1214.36,2026-06-27,0.06
17438,,48,1,303.59,2026-05-15,0.1
17439,761.0,225,3,2091.99,2025-09-05,0.0
17440,386.0,21,3,2274.21,2025-12-27,0.17
17441,1512.0,174,2,1313.1,2026-07-06,0.17
17442,726.0,171,4,372.44,2025-10-20,0.13
17443,1272.0,68,2,1774.42,2025-08-26,0.06
17444,1687.0,276,2,640.52,2025-11-11,0.11
17445,1940.0,19,-2,1385.2,2025-11-19,0.12
17446,1016.0,110,4,2894.44,2025-12-06,0.06
17447,1742.0,220,4,1466.64,2025-08-24,0.07
17448,1949.0,203,4,1194.52,2025-08-09,0.07
17449,1931.0,105,3,2090.76,2026-06-15,0.02
17450,530.0,162,-2,599.34,2025-10-12,0.13
17451,414.0,253,3,1038.0,2025-08-07,0.12
17452,3.0,70,4,1767.88,2025-09-24,0.1
17453,939.0,88,1,455.33,2026-06-02,0.11
17454,1009.0,14,2,1680.42,2026-04-12,0.11
17455,7.0,2,1,660.22,2025-12-29,0.05
17456,1030.0,74,1,426.98,2026-05-20,0.03
17457,1857.0,123,3,1472.52,2026-06-14,0.02
17458,,208,1,364.36,2026-02-23,0.14
17459,951.0,13,5,4269.6,2025-11-07,0.07
17460,1652.0,267,5,1386.65,2026-03-10,0.16
17461,817.0,59,4,249.16,2026-02-12,0.02
17462,1803.0,10,4,3166.96,2026-03-08,0.08
17463,1835.0,160,3,1351.83,2026-03-31,0.12
17464,1606.0,144,2,252.94,2025-08-18,0.12
17465,890.0,205,1,374.04,2026-07-15,0.19
17466,1413.0,73,2,295.56,2025-10-26,0.03
17467,271.0,239,4,3067.92,2026-05-21,0.09
17468,551.0,10,3,2375.22,2026-08-05,0.16
17469,1484.0,20,2,1638.08,2025-12-03,0.08
17470,1331.0,93,5,3470.85,2026-04-09,0.06
17471,1477.0,212,3,-927.75,2025-12-17,0.07
17472,,73,1,147.78,2026-07-12,0.11
17473,1108.0,163,4,2408.68,2025-08-26,0.1
17474,1790.0,206,3,1788.51,2025-10-10,0.2
17475,1741.0,295,2,833.64,2026-03-23,0.04
17476,563.0,300,4,2326.36,2025-12-05,0.07
17477,88.0,33,5,773.65,2026-02-16,0.04
17478,1140.0,278,3,1878.81,2026-01-07,0.09
17479,622.0,44,3,1400.19,2026-01-27,0.05
17480,1852.0,115,4,3363.92,2026-05-27,0.05
17481,1985.0,19,5,3463.0,2026-01-06,0.17
17482,898.0,263,3,872.97,2025-08-23,0.07
17483,627.0,240,5,4047.6,2025-11-05,0.09
17484,1083.0,111,1,689.27,2026-04-13,0.14
17485,1456.0,131,2,1242.5,2026-06-03,0.11
17486,585.0,7,2,1403.44,2025-08-23,0.19
17487,,85,4,-113.48,2025-11-18,0.19
17488,1735.0,176,2,865.7,2025-08-08,0.04
17489,650.0,205,1,374.04,2026-03-27,0.01
17490,1548.0,82,1,472.21,2026-06-04,0.16
17491,1506.0,252,4,2855.4,2026-05-11,0.0
17492,838.0,268,5,1752.85,2026-06-07,0.01
17493,1937.0,11,4,1140.6,2025-10-23,0.18
17494,1814.0,163,5,3010.85,2025-11-19,0.12
17495,1446.0,258,2,1701.9,2026-01-10,0.06
17496,739.0,190,4,270.84,2026-04-27,0.11
17497,1141.0,296,2,596.46,2026-04-29,0.16
17498,1287.0,129,1,491.91,2026-01-30,0.13
17499,37.0,151,3,2382.0,2026-04-25,0.14
17500,818.0,295,5,2084.1,2025-12-18,0.04
17501,773.0,102,3,245.55,2025-11-28,0.2
17502,1548.0,200,5,3578.95,2026-04-04,0.0
17503,603.0,62,3,1910.46,2025-08-31,0.12
17504,282.0,201,1,391.1,2026-03-01,0.12
17505,462.0,208,3,1093.08,2026-05-08,0.04
17506,1774.0,285,2,1440.04,2026-05-13,0.02
17507,982.0,104,1,155.18,2025-09-30,0.0
17508,87.0,54,5,489.1,2025-11-06,0.16
17509,1058.0,270,4,626.08,2026-06-07,0.08
17510,736.0,12,1,818.56,2026-01-16,0.01
17511,1905.0,116,2,1783.86,2026-03-03,0.2
17512,368.0,164,1,440.24,2026-02-17,0.12
17513,1323.0,77,5,3775.0,2025-09-11,0.15
17514,1544.0,178,3,1141.56,2025-08-22,0.02
17515,1595.0,107,2,1031.54,2025-09-03,0.1
17516,624.0,267,1,277.33,2026-07-16,0.13
17517,1810.0,158,2,381.86,2025-11-07,0.07
17518,456.0,235,3,2674.8,2026-06-23,0.11
17519,1681.0,69,1,62.6,2026-03-06,0.04
17520,1332.0,183,1,362.04,2026-04-20,0.14
17521,1042.0,29,4,1503.16,2025-09-25,0.09
17522,685.0,229,3,150.57,2026-01-25,0.0
17523,1991.0,165,2,1267.3,2025-10-11,0.15
17524,1461.0,248,4,2759.28,2025-09-01,0.01
17525,1759.0,113,4,2614.76,2026-08-11,0.09
17526,140.0,112,4,1880.28,2026-07-09,0.05
17527,576.0,130,4,3297.72,2026-05-23,0.02
17528,1702.0,183,1,362.04,2025-12-04,0.09
17529,1262.0,115,2,1681.96,2025-09-12,0.06
17530,1314.0,213,1,381.1,2025-11-07,0.06
17531,1337.0,81,3,1732.56,2025-11-07,0.05
17532,,155,5,1373.2,2025-11-22,0.02
17533,1425.0,271,2,1527.58,2025-12-28,0.09
17534,971.0,186,4,2663.84,2025-08-28,0.04
17535,534.0,199,1,80.32,2025-09-13,0.17
17536,164.0,201,1,391.1,2026-03-04,0.1
17537,1220.0,131,1,621.25,2025-12-03,0.08
17538,126.0,14,1,840.21,2025-10-06,0.17
17539,845.0,80,3,766.56,2025-10-01,0.14
17540,1899.0,104,3,465.54,2025-08-06,0.12
17541,914.0,219,2,587.74,2025-09-12,0.1
17542,979.0,286,4,536.24,2025-11-04,0.1
17543,1.0,169,3,2085.6,2026-02-28,0.03
17544,1561.0,153,4,3562.52,2026-04-17,0.02
17545,1815.0,177,1,618.58,2026-03-05,0.04
17546,1597.0,140,1,752.04,2025-10-09,0.03
17547,1677.0,84,4,3058.32,2025-12-23,0.07
17548,371.0,221,3,783.9,2026-06-10,0.11
17549,742.0,193,4,1543.8,2025-11-04,0.08
17550,1560.0,233,3,2223.24,2025-10-11,0.05
17551,480.0,133,1,233.39,2025-08-17,0.16
17552,1549.0,300,5,2907.95,2026-05-31,0.2
17553,1240.0,294,2,976.32,2026-08-28,0.09
17554,486.0,184,3,1089.18,2026-05-19,0.08
17555,372.0,153,2,1781.26,2025-10-20,0.14
17556,898.0,297,3,1791.75,2026-04-28,0.01
17557,1014.0,132,3,616.05,2026-05-15,0.17
17558,1795.0,184,5,1815.3,2025-09-03,0.14
17559,1355.0,103,5,1428.7,2026-07-13,0.2
17560,1936.0,6,1,623.34,2026-05-24,0.11
17561,1583.0,240,4,3238.08,2026-04-23,0.14
17562,128.0,85,4,-113.48,2026-01-02,0.05
17563,1107.0,123,5,2454.2,2026-02-24,0.07
17564,924.0,76,5,3501.45,2025-09-21,0.01
17565,478.0,181,5,4440.4,2026-05-13,0.05
17566,51.0,137,2,1487.6,2026-06-03,0.03
17567,1412.0,299,5,2607.35,2026-04-09,0.13
17568,652.0,123,5,2454.2,2026-01-11,0.06
17569,125.0,91,3,1685.19,2025-10-30,0.03
17570,1567.0,133,5,1166.95,2026-01-13,0.0
17571,1076.0,218,5,-1337.85,2026-06-27,0.08
17572,96.0,286,5,670.3,2025-08-08,0.11
17573,409.0,232,4,1963.88,2025-11-05,0.18
17574,999.0,131,2,1242.5,2026-03-01,0.03
17575,213.0,225,4,2789.32,2026-03-12,0.02
17576,935.0,229,5,250.95,2026-04-24,0.04
17577,700.0,275,1,671.99,2026-04-21,0.18
17578,322.0,63,4,626.92,2026-04-26,0.01
17579,775.0,251,2,1746.54,2025-09-07,0.19
17580,1520.0,44,2,933.46,2026-04-13,0.11
17581,130.0,254,2,1249.08,2026-08-04,0.06
17582,1166.0,111,1,689.27,2026-05-04,0.14
17583,871.0,61,4,2581.88,2026-02-06,0.08
17584,348.0,62,4,2547.28,2025-11-08,0.06
17585,1484.0,204,5,2618.25,2026-05-18,0.11
17586,983.0,296,4,1192.92,2025-12-30,0.18
17587,1917.0,202,2,1377.6,2026-03-26,0.15
17588,369.0,258,2,1701.9,2025-08-09,0.06
17589,258.0,292,2,588.14,2026-02-01,0.05
17590,868.0,208,5,1821.8,2026-05-22,0.09
17591,804.0,234,1,360.82,2026-02-19,0.17
17592,1063.0,48,3,910.77,2026-03-23,0.13
17593,1249.0,184,4,1452.24,2026-05-06,0.03
17594,759.0,234,5,1804.1,2025-12-01,0.14
17595,310.0,99,3,1406.79,2026-04-13,0.12
17596,1608.0,29,1,375.79,2026-02-09,0.12
17597,457.0,150,1,717.65,2026-01-18,0.16
17598,699.0,123,3,1472.52,2026-02-08,0.05
17599,1705.0,147,4,2381.88,2025-10-15,0.17
17600,709.0,50,1,76.43,2025-08-22,0.18
17601,1757.0,266,2,928.18,2025-08-21,0.04
17602,232.0,34,5,3698.1,2025-08-13,0.17
17603,911.0,171,1,93.11,2025-12-20,0.02
17604,1686.0,1,4,690.64,2025-09-24,0.01
17605,1338.0,234,4,1443.28,2025-09-05,0.09
17606,430.0,102,1,81.85,2025-11-12,0.02
17607,641.0,201,3,1173.3,2026-05-03,0.05
17608,820.0,101,2,1742.7,2026-05-10,0.18
17609,661.0,83,-3,561.69,2025-09-12,0.2
17610,502.0,115,3,2522.94,2026-06-04,0.05
17611,68.0,90,1,397.43,2025-08-24,0.02
17612,1430.0,173,3,2324.58,2026-02-05,0.08
17613,142.0,168,5,3218.35,2026-07-25,0.06
17614,1563.0,184,5,1815.3,2025-08-08,0.17
17615,87.0,230,4,2002.92,2026-01-29,0.05
17616,739.0,246,1,179.71,2025-09-18,0.09
17617,1131.0,65,3,1843.02,2026-01-20,0.04
17618,1842.0,22,1,135.62,2025-11-06,0.05
17619,628.0,111,3,2067.81,2025-11-17,0.07
17620,1792.0,99,4,1875.72,2026-03-10,0.09
17621,1406.0,262,5,2766.8,2025-12-24,0.16
17622,1026.0,118,4,2598.08,2026-07-09,0.09
17623,1371.0,215,3,915.72,2026-06-09,0.06
17624,1040.0,159,5,572.95,2025-08-15,0.18
17625,1907.0,16,4,1449.68,2026-06-09,0.19
17626,1761.0,68,4,3548.84,2026-04-16,0.09
17627,286.0,99,5,2344.65,2026-04-22,0.13
17628,563.0,194,1,688.77,2026-02-28,0.03
17629,301.0,298,3,1451.25,2026-06-26,0.12
17630,184.0,72,1,492.1,2026-03-28,0.12
17631,916.0,90,3,1192.29,2025-12-07,0.05
17632,103.0,109,3,451.95,2025-09-14,0.09
17633,1843.0,248,5,3449.1,2025-10-14,0.03
17634,1512.0,295,5,2084.1,2025-10-28,0.04
17635,1792.0,246,2,359.42,2026-01-30,0.02
17636,442.0,71,1,96.54,2025-08-07,0.1
17637,1204.0,259,2,255.84,2026-02-26,0.15
17638,756.0,21,1,758.07,2025-12-27,0.18
17639,716.0,189,5,1688.5,2025-09-05,0.19
17640,162.0,251,4,3493.08,2026-05-28,0.09
17641,1051.0,32,4,-728.84,2025-09-16,0.01
17642,636.0,122,1,660.4,2026-07-13,0.15
17643,1771.0,16,1,362.42,2026-06-04,0.19
17644,1067.0,139,4,2416.56,2026-03-19,0.0
17645,1680.0,103,1,285.74,2026-05-24,0.17
17646,1880.0,141,2,316.1,2025-09-05,0.05
17647,1011.0,1,3,517.98,2026-04-03,0.05
17648,,96,1,289.58,2025-11-15,0.18
17649,545.0,62,3,1910.46,2026-06-11,0.11
17650,168.0,67,5,3612.9,2026-04-11,0.15
17651,1507.0,243,5,4067.05,2025-12-01,0.19
17652,1638.0,195,5,1206.9,2025-12-23,0.13
17653,777.0,35,2,1767.0,2025-11-13,0.06
17654,650.0,251,-4,3493.08,2026-08-03,0.19
17655,38.0,292,2,588.14,2025-12-24,0.18
17656,620.0,189,5,1688.5,2026-01-15,0.11
17657,52.0,105,4,2787.68,2026-03-28,0.18
17658,862.0,14,1,840.21,2026-02-04,0.16
17659,1549.0,7,1,701.72,2025-09-29,0.02
17660,37.0,111,4,2757.08,2026-04-01,0.12
17661,1247.0,150,2,1435.3,2026-01-05,0.06
17662,1833.0,101,3,2614.05,2025-12-16,0.12
17663,121.0,107,2,1031.54,2026-09-28,0.0
17664,69.0,299,4,2085.88,2026-01-03,0.19
17665,686.0,191,2,493.94,2026-06-20,0.04
17666,452.0,15,3,1415.19,2025-09-18,0.04
17667,1526.0,177,4,2474.32,2026-03-26,0.03
17668,1120.0,158,5,954.65,2025-10-16,0.15
17669,36.0,288,5,4357.3,2026-01-28,0.17
17670,1015.0,154,5,4023.8,2026-01-18,0.01
17671,1130.0,211,3,666.45,2026-02-14,0.18
17672,730.0,170,3,1482.69,2025-09-04,0.2
17673,1168.0,50,4,305.72,2025-11-04,0.15
17674,65.0,84,3,2293.74,2026-01-22,0.17
17675,205.0,231,3,2199.9,2026-01-25,0.02
17676,757.0,290,2,846.74,2026-05-17,0.04
17677,481.0,51,1,276.12,2026-04-27,0.1
17678,1421.0,297,1,597.25,2026-06-15,0.08
17679,903.0,205,4,1496.16,2025-09-19,0.14
17680,149.0,185,2,284.04,2026-04-29,0.2
17681,1742.0,171,5,465.55,2026-05-25,0.2
17682,535.0,272,1,327.87,2026-04-24,0.14
17683,534.0,97,5,1267.55,2026-02-15,0.03
17684,1624.0,8,1,870.99,2026-02-15,0.1
17685,293.0,272,5,1639.35,2026-01-13,0.07
17686,992.0,277,3,413.82,2026-05-23,0.1
17687,1465.0,103,5,1428.7,2025-09-28,0.16
17688,393.0,279,1,850.96,2026-06-29,0.1
17689,966.0,110,4,2894.44,2026-01-17,0.04
17690,106.0,43,2,1358.48,2025-11-06,0.07
17691,839.0,283,5,2131.0,2026-03-20,0.11
17692,727.0,157,5,260.55,2025-12-20,0.04
17693,517.0,32,4,-728.84,2026-01-07,0.1
17694,1647.0,283,1,426.2,2025-09-15,0.04
17695,,12,5,4092.8,2025-09-26,0.14
17696,30.0,61,3,1936.41,2026-05-20,0.06
17697,207.0,37,5,359.05,2026-01-08,0.05
17698,1013.0,198,1,578.35,2026-05-29,0.18
17699,1984.0,2,1,660.22,2026-06-23,0.06
17700,1492.0,184,3,1089.18,2025-12-31,0.13
17701,1363.0,70,2,883.94,2026-07-29,0.05
17702,1792.0,54,1,97.82,2026-06-02,0.15
17703,339.0,146,3,2070.24,2026-01-23,0.06
17704,789.0,128,5,2430.35,2026-03-04,0.03
17705,161.0,185,4,568.08,2025-10-28,0.05
17706,1359.0,52,2,704.9,2026-08-05,0.19
17707,913.0,289,5,245.35,2025-08-14,0.01
17708,391.0,30,5,4418.45,2025-12-27,0.13
17709,299.0,63,3,470.19,2025-12-24,0.12
17710,1652.0,56,4,2495.96,2026-02-13,0.09
17711,,57,1,696.25,2025-10-24,0.17
17712,323.0,264,2,1063.78,2026-01-30,0.05
17713,832.0,20,5,4095.2,2025-09-12,0.15
17714,1666.0,70,4,1767.88,2025-10-19,0.02
17715,1675.0,64,4,3251.44,2026-03-04,0.16
17716,1058.0,289,3,147.21,2026-06-29,0.02
17717,158.0,31,1,347.1,2026-07-01,0.01
17718,1426.0,107,2,1031.54,2026-02-24,0.0
17719,1188.0,215,4,1220.96,2026-02-06,0.17
17720,1282.0,173,3,2324.58,2026-05-22,0.2
17721,383.0,238,2,1175.2,2025-11-24,0.04
17722,1035.0,99,4,1875.72,2026-06-20,0.06
17723,630.0,151,2,1588.0,2025-08-23,0.06
17724,1643.0,87,2,936.62,2025-10-08,0.1
17725,1357.0,250,3,1247.7,2026-05-15,0.12
17726,410.0,29,3,1127.37,2025-09-28,0.1
17727,702.0,293,1,339.56,2025-10-28,0.15
17728,1260.0,189,1,337.7,2026-04-28,0.15
17729,1075.0,139,2,1208.28,2026-04-16,0.13
17730,474.0,224,5,2452.95,2026-07-31,0.08
17731,1008.0,170,4,1976.92,2026-05-10,0.04
17732,1005.0,14,5,4201.05,2026-05-27,0.04
17733,1953.0,147,1,595.47,2025-11-25,0.01
17734,163.0,191,5,1234.85,2026-04-21,0.18
17735,1854.0,180,4,2569.32,2025-12-30,0.17
17736,765.0,261,1,128.83,2025-08-31,0.07
17737,639.0,47,5,1581.2,2025-11-30,0.12
17738,1276.0,189,-2,675.4,2025-11-28,0.08
17739,288.0,127,3,2371.86,2026-06-06,0.03
17740,263.0,248,2,1379.64,2026-01-03,0.11
17741,1592.0,73,3,443.34,2026-07-14,0.1
17742,1096.0,88,5,2276.65,2025-12-31,0.01
17743,1826.0,83,1,187.23,2025-10-12,0.03
17744,353.0,39,4,3562.6,2026-02-12,0.08
17745,1473.0,55,2,1713.08,2026-01-16,0.05
17746,1281.0,17,3,2285.07,2025-10-23,0.07
17747,1544.0,252,5,3569.25,2026-05-14,0.02
17748,596.0,126,1,170.23,2025-10-28,0.07
17749,1478.0,195,2,482.76,2025-08-05,0.07
17750,124.0,32,2,-364.42,2025-11-28,0.18
17751,450.0,144,1,126.47,2026-04-26,0.0
17752,432.0,60,1,825.65,2025-09-16,0.01
17753,1706.0,218,3,-802.71,2025-09-01,0.06
17754,509.0,43,3,2037.72,2026-06-13,0.09
17755,1389.0,245,5,2724.25,2026-01-29,0.17
17756,,15,3,1415.19,2026-01-13,0.13
17757,1826.0,71,2,193.08,2026-06-03,0.1
17758,1931.0,243,1,813.41,2025-09-11,0.13
17759,1517.0,219,1,293.87,2026-04-27,0.06
17760,1276.0,239,4,3067.92,2025-11-28,0.19
17761,1196.0,243,5,4067.05,2025-10-11,0.15
17762,1426.0,266,4,1856.36,2026-04-05,0.04
17763,894.0,207,5,2503.25,2026-04-22,0.13
17764,131.0,157,1,52.11,2025-09-13,0.04
17765,1416.0,8,4,3483.96,2025-12-28,0.09
17766,1276.0,149,5,3993.65,2025-10-16,0.08
17767,1448.0,86,4,2798.32,2025-11-27,0.08
17768,842.0,112,5,2350.35,2026-02-19,0.1
17769,232.0,21,4,3032.28,2025-11-01,0.18
17770,644.0,145,4,1559.76,2025-09-17,0.01
17771,263.0,183,2,724.08,2026-03-26,0.01
17772,1812.0,34,2,1479.24,2026-01-06,0.17
17773,1500.0,248,1,689.82,2026-02-27,0.06
17774,1909.0,66,3,2419.65,2026-05-18,0.11
17775,1330.0,115,2,1681.96,2026-01-15,0.14
17776,1565.0,71,2,193.08,2025-10-24,0.11
17777,435.0,156,2,1337.52,2026-07-15,0.02
17778,832.0,39,4,3562.6,2026-07-29,0.15
17779,1389.0,242,3,240.12,2026-01-13,0.06
17780,997.0,212,5,-1546.25,2025-11-14,0.01
17781,1237.0,59,1,62.29,2026-02-07,0.2
17782,1839.0,297,3,1791.75,2025-08-15,0.01
17783,,57,1,696.25,2026-06-27,0.1
17784,,233,2,1482.16,2025-11-10,0.12
17785,241.0,101,4,3485.4,2026-01-02,0.06
17786,821.0,189,5,1688.5,2025-12-04,0.0
17787,267.0,206,3,1788.51,2025-12-29,0.04
17788,695.0,92,3,2014.23,2026-03-02,0.16
17789,1457.0,276,3,960.78,2026-03-12,0.08
17790,914.0,298,2,967.5,2026-01-02,0.01
17791,1325.0,144,4,505.88,2026-03-23,0.11
17792,1064.0,178,1,380.52,2026-02-19,0.13
17793,1285.0,183,4,1448.16,2026-07-21,0.01
17794,529.0,255,5,3631.65,2026-02-08,0.13
17795,124.0,143,1,85.14,2026-07-31,0.03
17796,1585.0,250,3,1247.7,2025-08-13,0.1
17797,566.0,131,2,1242.5,2025-10-28,0.06
17798,1245.0,119,4,1427.16,2025-12-29,0.17
17799,877.0,208,4,1457.44,2026-03-07,0.19
17800,1104.0,147,3,1786.41,2026-03-09,0.15
17801,245.0,235,1,891.6,2026-06-03,0.11
17802,139.0,39,4,3562.6,2025-11-02,0.11
17803,1321.0,251,4,3493.08,2025-08-06,0.04
17804,591.0,229,4,200.76,2025-08-15,0.12
17805,1518.0,225,5,3486.65,2025-11-21,0.06
17806,,65,4,2457.36,2026-03-03,0.05
17807,1312.0,125,1,204.07,2025-10-29,0.1
17808,651.0,267,1,277.33,2026-02-09,0.08
17809,248.0,168,3,1931.01,2026-04-27,0.16
17810,1286.0,172,3,1597.56,2026-03-27,0.15
17811,1356.0,181,3,2664.24,2026-07-28,0.09
17812,1483.0,234,1,360.82,2026-04-10,0.09
17813,1830.0,32,4,-728.84,2025-11-01,0.09
17814,1293.0,29,3,1127.37,2026-01-07,0.13
17815,55.0,173,2,1549.72,2026-05-15,0.2
17816,402.0,37,4,287.24,2025-11-01,0.02
17817,310.0,135,1,-34.6,2026-04-30,0.09
17818,360.0,180,5,3211.65,2026-06-28,0.02
17819,1283.0,94,5,1572.2,2025-09-04,0.11
17820,1415.0,196,4,974.96,2026-05-29,0.03
17821,750.0,27,3,740.67,2025-12-16,0.07
17822,1744.0,84,3,2293.74,2026-03-16,0.17
17823,592.0,256,4,690.52,2025-10-14,0.13
17824,657.0,182,4,1566.52,2026-05-22,0.03
17825,1869.0,207,3,1501.95,2025-09-30,0.03
17826,897.0,139,2,1208.28,2026-06-03,0.06
17827,1602.0,259,2,255.84,2026-05-06,0.03
17828,106.0,95,2,853.3,2026-03-23,0.06
17829,600.0,2,4,2640.88,2025-09-18,0.18
17830,938.0,208,1,364.36,2026-04-18,0.03
17831,1463.0,175,2,1470.96,2026-04-12,0.01
17832,1052.0,55,3,2569.62,2025-10-09,0.09
17833,843.0,25,5,2917.4,2026-02-08,0.09
17834,349.0,119,4,1427.16,2026-08-03,0.07
17835,489.0,29,5,1878.95,2025-08-27,0.2
17836,702.0,61,5,3227.35,2025-12-31,0.08
17837,122.0,100,2,234.88,2025-12-11,0.07
17838,1492.0,1,4,690.64,2026-03-25,0.07
17839,796.0,204,5,2618.25,2025-10-30,0.18
17840,1875.0,59,3,186.87,2025-11-21,0.11
17841,1372.0,130,3,2473.29,2025-08-30,0.07
17842,513.0,112,4,1880.28,2025-08-21,0.12
17843,212.0,136,1,533.19,2026-07-23,0.18
17844,1628.0,14,1,840.21,2025-11-15,0.18
17845,1102.0,88,1,455.33,2025-08-24,0.11
17846,1530.0,252,4,2855.4,2025-12-29,0.01
17847,295.0,30,4,3534.76,2026-05-20,0.05
17848,1714.0,96,1,289.58,2026-08-03,0.07
17849,256.0,239,3,2300.94,2026-04-28,0.12
17850,1624.0,243,5,4067.05,2025-09-30,0.04
17851,57.0,296,4,1192.92,2026-03-17,0.07
17852,480.0,221,3,783.9,2025-09-10,0.02
17853,554.0,139,2,1208.28,2025-09-05,0.18
17854,1015.0,92,1,671.41,2026-03-03,0.17
17855,162.0,147,2,1190.94,2026-01-27,0.16
17856,937.0,24,4,376.04,2025-10-10,0.03
17857,956.0,74,5,2134.9,2025-09-23,0.05
17858,1161.0,171,5,465.55,2026-02-20,0.04
17859,1910.0,205,4,1496.16,2025-10-04,0.06
17860,68.0,277,4,551.76,2025-11-22,0.02
17861,1368.0,201,4,1564.4,2026-02-07,0.17
17862,,231,2,1466.6,2025-09-22,0.1
17863,242.0,265,1,185.77,2026-02-22,0.02
17864,1338.0,106,1,84.0,2025-10-18,0.07
17865,1936.0,298,2,967.5,2025-08-12,0.04
17866,1893.0,114,3,504.27,2025-09-07,0.19
17867,954.0,76,2,1400.58,2026-03-01,0.1
17868,587.0,23,3,434.37,2025-09-18,0.16
17869,1338.0,16,4,1449.68,2026-01-25,0.05
17870,571.0,96,3,868.74,2026-05-02,0.11
17871,513.0,205,5,1870.2,2026-03-19,0.08
17872,1897.0,143,1,85.14,2026-06-01,0.19
17873,215.0,87,4,1873.24,2026-01-07,0.08
17874,1293.0,188,3,1492.38,2026-04-15,0.06
17875,508.0,240,5,4047.6,2025-08-25,0.04
17876,115.0,293,4,1358.24,2026-06-30,0.03
17877,159.0,153,4,3562.52,2026-06-22,0.15
17878,970.0,18,3,218.82,2026-02-07,0.13
17879,305.0,38,1,801.78,2025-12-12,0.19
17880,540.0,219,3,881.61,2026-04-24,0.06
17881,407.0,23,3,434.37,2026-01-26,0.1
17882,1266.0,17,2,1523.38,2026-02-25,0.13
17883,677.0,235,1,891.6,2026-03-30,0.0
17884,1595.0,165,4,2534.6,2026-05-15,0.17
17885,1945.0,87,2,936.62,2026-06-07,0.09
17886,814.0,96,3,868.74,2026-06-25,0.13
17887,20.0,167,4,1725.12,2026-05-14,0.06
17888,175.0,183,1,362.04,2026-02-23,0.12
17889,656.0,17,4,3046.76,2026-04-16,0.15
17890,1765.0,121,2,536.72,2025-11-10,0.04
17891,1240.0,207,4,2002.6,2026-06-24,0.01
17892,1668.0,60,1,825.65,2026-03-16,0.1
17893,369.0,173,1,774.86,2026-02-06,0.07
17894,366.0,88,4,1821.32,2026-07-18,0.16
17895,831.0,298,1,483.75,2025-11-23,0.12
17896,268.0,72,2,984.2,2026-03-18,0.18
17897,506.0,73,3,443.34,2026-03-31,0.11
17898,908.0,37,5,359.05,2026-01-26,0.07
17899,178.0,245,4,2179.4,2026-04-04,0.1
17900,332.0,192,4,1695.76,2026-03-26,0.03
17901,1722.0,133,3,700.17,2025-08-27,0.1
17902,893.0,267,2,554.66,2025-12-05,0.09
17903,1147.0,256,5,863.15,2025-10-06,0.04
17904,1053.0,145,1,389.94,2026-08-01,0.04
17905,1048.0,100,4,469.76,2026-07-08,0.04
17906,1707.0,58,3,1146.93,2025-09-26,0.13
17907,850.0,94,4,1257.76,2025-09-15,0.1
17908,49.0,196,5,1218.7,2026-02-11,0.11
17909,1206.0,12,4,3274.24,2025-09-22,0.07
17910,105.0,172,2,1065.04,2025-09-16,0.01
17911,993.0,96,2,579.16,2025-11-21,0.2
17912,414.0,7,5,3508.6,2026-03-05,0.14
17913,964.0,9,3,2372.34,2026-07-02,0.17
17914,74.0,80,5,1277.6,2026-01-10,0.05
17915,1642.0,114,4,672.36,2026-06-08,0.02
17916,443.0,73,1,147.78,2025-12-13,0.16
17917,1688.0,148,4,2000.92,2026-01-14,0.04
17918,1186.0,292,2,588.14,2025-12-21,0.04
17919,1483.0,74,4,1707.92,2026-02-21,0.14
17920,672.0,143,5,425.7,2026-10-28,0.05
17921,1519.0,256,4,690.52,2025-09-10,0.18
17922,1925.0,127,0,1581.24,2026-03-07,0.08
17923,439.0,294,5,2440.8,2026-04-02,0.03
17924,1391.0,159,1,114.59,2026-02-28,0.09
17925,1602.0,264,1,531.89,2026-04-19,0.2
17926,1029.0,177,5,3092.9,2025-09-13,0.02
17927,1362.0,214,1,706.94,2026-08-05,0.1
17928,1229.0,260,1,426.01,2026-07-17,0.11
17929,40.0,32,3,-546.63,2025-08-08,0.12
17930,1482.0,119,4,1427.16,2026-01-20,0.04
17931,1593.0,76,3,2100.87,2025-09-03,0.06
17932,992.0,66,2,1613.1,2026-02-12,0.07
17933,799.0,133,2,466.78,2025-10-26,0.1
17934,368.0,69,4,250.4,2026-04-07,0.04
17935,1640.0,76,1,700.29,2026-06-11,0.06
17936,300.0,179,2,1074.7,2026-04-27,0.06
17937,1267.0,50,4,305.72,2026-07-02,0.17
17938,1161.0,97,2,507.02,2026-07-07,0.19
17939,741.0,227,3,1424.79,2026-05-06,0.02
17940,1669.0,203,3,895.89,2025-12-04,0.14
17941,9.0,36,4,2951.56,2026-01-09,0.11
17942,1707.0,89,3,308.28,2026-07-05,0.12
17943,461.0,167,1,431.28,2025-11-07,0.04
17944,1666.0,218,4,-1070.28,2025-09-10,0.14
17945,663.0,175,4,2941.92,2026-01-10,0.17
17946,810.0,295,4,1667.28,2025-10-21,0.15
17947,2000.0,246,1,179.71,2026-06-22,0.14
17948,435.0,263,1,290.99,2025-09-10,0.18
17949,929.0,69,1,62.6,2025-10-09,0.03
17950,1194.0,294,1,488.16,2026-03-24,0.14
17951,1994.0,276,3,960.78,2026-01-31,0.08
17952,1588.0,187,1,881.5,2025-12-25,0.08
17953,1189.0,112,4,1880.28,2026-06-24,0.14
17954,1855.0,261,3,386.49,2025-12-19,0.16
17955,1807.0,194,4,2755.08,2026-01-26,0.15
17956,728.0,216,3,1322.28,2026-06-18,0.12
17957,1929.0,298,1,483.75,2025-10-13,0.19
17958,1199.0,195,4,965.52,2026-05-21,0.09
17959,283.0,32,2,-364.42,2026-07-07,0.04
17960,1172.0,141,3,474.15,2026-05-24,0.14
17961,1736.0,178,1,380.52,2026-01-12,0.06
17962,1512.0,231,1,733.3,2025-09-14,0.05
17963,608.0,129,2,983.82,2026-01-14,0.12
17964,881.0,215,2,610.48,2026-03-24,0.04
17965,962.0,255,4,2905.32,2025-12-01,0.15
17966,371.0,140,2,1504.08,2026-03-29,0.03
17967,269.0,96,3,868.74,2026-01-11,0.19
17968,1724.0,56,5,3119.95,2025-10-28,0.1
17969,1369.0,263,1,290.99,2026-02-10,0.15
17970,1878.0,296,1,298.23,2026-07-25,0.05
17971,213.0,228,2,1213.96,2026-03-10,0.09
17972,1356.0,52,1,352.45,2026-02-17,0.04
17973,485.0,188,5,2487.3,2025-09-01,0.15
17974,1037.0,168,1,643.67,2025-09-08,0.15
17975,971.0,121,2,536.72,2026-03-15,0.02
17976,425.0,153,3,2671.89,2026-06-26,0.15
17977,1977.0,166,1,228.45,2026-07-17,0.04
17978,1377.0,219,2,587.74,2025-10-26,0.14
17979,1427.0,116,1,891.93,2026-02-25,0.09
17980,1380.0,40,5,357.45,2026-07-02,0.19
17981,472.0,34,4,2958.48,2026-04-29,0.19
17982,535.0,101,3,2614.05,2026-05-07,0.09
17983,1786.0,44,-3,1400.19,2026-03-22,0.05
17984,1919.0,109,2,301.3,2026-04-13,0.13
17985,663.0,260,2,852.02,2026-03-18,0.06
17986,1116.0,249,4,1882.72,2026-07-15,0.11
17987,67.0,73,2,295.56,2026-03-20,0.08
17988,1167.0,277,2,275.88,2025-08-25,0.19
17989,1583.0,131,3,1863.75,2026-01-04,0.11
17990,1904.0,22,2,271.24,2026-02-26,0.1
17991,944.0,156,3,2006.28,2025-10-08,0.02
17992,1174.0,286,4,536.24,2026-05-02,0.19
17993,1360.0,52,5,1762.25,2025-08-23,0.13
17994,1523.0,44,4,1866.92,2025-09-18,0.04
17995,1240.0,151,5,3970.0,2026-05-28,0.04
17996,510.0,155,3,823.92,2025-10-24,0.15
17997,411.0,174,1,656.55,2026-04-11,0.04
17998,228.0,265,4,743.08,2026-06-20,0.16
17999,1418.0,213,4,1524.4,2025-08-10,0.06
18000,883.0,198,1,578.35,2026-02-15,0.02
18001,559.0,6,3,1870.02,2025-09-03,0.05
18002,992.0,232,1,490.97,2026-01-17,0.15
18003,962.0,122,4,2641.6,2026-02-12,0.02
18004,991.0,256,3,517.89,2025-12-18,0.0
18005,,192,2,847.88,2025-10-17,0.02
18006,1617.0,56,4,2495.96,2026-06-09,0.11
18007,1358.0,155,1,274.64,2026-04-27,0.14
18008,1217.0,231,2,1466.6,2026-05-02,0.09
18009,559.0,73,1,147.78,2025-10-10,0.02
18010,1256.0,221,2,522.6,2025-09-18,0.04
18011,1821.0,55,4,3426.16,2026-01-03,0.09
18012,1523.0,232,3,1472.91,2025-10-30,0.14
18013,1414.0,286,4,536.24,2026-06-12,0.05
18014,1820.0,133,1,233.39,2026-04-30,0.16
18015,1681.0,60,5,4128.25,2025-10-19,0.03
18016,506.0,187,3,2644.5,2026-01-15,0.18
18017,669.0,232,-3,1472.91,2026-07-28,0.16
18018,1717.0,134,4,2534.44,2025-09-20,0.02
18019,1446.0,58,3,1146.93,2026-06-12,0.05
18020,465.0,140,1,752.04,2026-06-26,0.12
18021,1732.0,239,2,1533.96,2025-11-07,0.08
18022,708.0,173,3,2324.58,2025-09-03,0.09
18023,603.0,30,5,4418.45,2026-02-03,0.02
18024,1913.0,67,3,2167.74,2026-03-31,0.13
18025,723.0,32,5,-911.05,2026-07-05,0.08
18026,447.0,210,1,452.28,2026-02-25,0.1
18027,1039.0,165,2,1267.3,2025-12-10,0.15
18028,238.0,96,2,579.16,2025-11-16,0.19
18029,1270.0,77,5,3775.0,2026-03-17,0.2
18030,443.0,249,5,2353.4,2025-08-19,0.18
18031,1912.0,159,2,229.18,2026-05-24,0.07
18032,1186.0,187,5,4407.5,2026-06-30,0.02
18033,839.0,238,4,2350.4,2025-08-22,0.05
18034,1908.0,186,5,3329.8,2025-12-03,0.08
18035,291.0,295,2,833.64,2026-04-29,0.07
18036,999.0,139,2,1208.28,2026-03-26,0.14
18037,830.0,101,4,3485.4,2026-06-25,0.04
18038,158.0,255,1,726.33,2025-08-26,0.09
18039,760.0,60,4,3302.6,2025-11-07,0.17
18040,1552.0,176,5,2164.25,2026-02-05,0.07
18041,552.0,100,5,587.2,2026-04-23,0.19
18042,1363.0,25,4,2333.92,2025-10-07,0.11
18043,1595.0,173,5,3874.3,2026-03-26,0.13
18044,846.0,135,5,-173.0,2025-12-21,0.05
18045,1176.0,32,5,-911.05,2026-05-23,0.15
18046,684.0,78,5,908.05,2025-11-27,0.07
18047,915.0,142,1,248.51,2025-12-27,0.12
18048,175.0,154,2,1609.52,2026-02-21,0.06
18049,540.0,290,1,423.37,2026-06-02,0.03
18050,517.0,37,3,215.43,2025-12-12,0.06
18051,823.0,17,5,3808.45,2026-02-16,0.09
18052,638.0,200,2,1431.58,2025-10-31,0.18
18053,1013.0,282,3,1819.35,2025-12-15,0.05
18054,1943.0,159,1,114.59,2026-05-01,0.16
18055,1304.0,82,4,1888.84,2026-01-15,0.14
18056,755.0,11,2,570.3,2026-07-22,0.05
18057,779.0,237,4,1464.68,2026-06-19,0.19
18058,1976.0,119,1,356.79,2026-07-07,0.09
18059,1663.0,227,5,2374.65,2025-11-04,0.12
18060,1367.0,165,1,633.65,2026-04-26,0.13
18061,810.0,299,1,521.47,2026-03-25,0.14
18062,1273.0,182,1,391.63,2026-07-27,0.17
18063,348.0,12,4,3274.24,2026-03-20,0.17
18064,1947.0,117,3,1428.87,2026-03-05,0.16
18065,1488.0,53,3,2309.58,2026-05-26,0.01
18066,1023.0,61,1,645.47,2026-06-23,0.01
18067,311.0,79,5,1687.9,2025-09-22,0.03
18068,181.0,74,3,1280.94,2025-10-03,0.15
18069,59.0,108,5,3486.95,2026-02-08,0.0
18070,92.0,300,3,1744.77,2026-07-01,0.01
18071,904.0,48,3,910.77,2025-11-21,0.05
18072,1264.0,229,2,100.38,2026-05-16,0.11
18073,660.0,178,3,1141.56,2025-10-28,0.03
18074,385.0,247,5,3111.25,2026-03-27,0.14
18075,,15,3,1415.19,2026-04-07,0.19
18076,984.0,254,3,1873.62,2025-10-03,0.14
18077,772.0,150,3,2152.95,2025-09-30,0.19
18078,280.0,145,3,1169.82,2026-07-24,0.16
18079,432.0,119,2,713.58,2025-12-08,0.16
18080,1115.0,126,5,851.15,2026-06-02,0.18
18081,136.0,213,3,1143.3,2026-07-17,0.11
18082,1461.0,22,2,271.24,2025-12-15,0.06
18083,1146.0,103,1,285.74,2025-09-15,0.03
18084,85.0,46,2,1116.22,2026-01-22,0.02
18085,1356.0,26,4,1161.96,2026-06-15,0.15
18086,1648.0,131,3,1863.75,2025-11-18,0.12
18087,1309.0,104,3,465.54,2025-09-01,0.15
18088,1900.0,125,3,612.21,2026-06-24,0.19
18089,1515.0,249,4,1882.72,2026-03-26,0.18
18090,584.0,100,2,234.88,2026-05-04,0.14
18091,1961.0,120,1,725.21,2026-05-19,0.15
18092,1121.0,233,1,741.08,2025-10-15,0.14
18093,1282.0,78,1,181.61,2025-12-08,0.17
18094,1641.0,82,1,472.21,2026-03-09,0.08
18095,1363.0,9,4,3163.12,2026-07-12,0.04
18096,138.0,85,2,-56.74,2026-07-12,0.11
18097,1301.0,193,4,1543.8,2025-08-30,0.13
18098,1355.0,59,1,62.29,2026-04-06,0.16
18099,1644.0,14,5,4201.05,2026-05-19,0.19
18100,1896.0,32,2,-364.42,2026-06-28,0.17
18101,494.0,278,0,3131.35,2026-07-21,0.18
18102,,296,4,1192.92,2026-06-23,0.0
18103,922.0,72,3,1476.3,2025-11-11,0.12
18104,1603.0,163,2,1204.34,2026-06-24,0.07
18105,1351.0,159,3,343.77,2026-02-12,0.01
18106,1343.0,36,5,3689.45,2026-07-07,0.14
18107,1864.0,179,3,1612.05,2026-01-15,0.16
18108,801.0,95,5,2133.25,2026-07-19,0.05
18109,333.0,290,4,1693.48,2025-10-13,0.06
18110,475.0,9,2,1581.56,2026-07-22,0.1
18111,295.0,135,5,-173.0,2026-08-03,0.01
18112,1298.0,37,4,287.24,2025-09-15,0.07
18113,657.0,39,3,2671.95,2026-06-19,0.0
18114,1317.0,23,5,723.95,2026-05-05,0.0
18115,1383.0,98,5,1016.3,2025-10-14,0.07
18116,1068.0,246,2,359.42,2026-05-06,0.18
18117,,124,5,3733.15,2025-10-16,0.05
18118,785.0,46,1,558.11,2026-01-09,0.17
18119,451.0,247,2,1244.5,2026-06-15,0.04
18120,911.0,267,2,554.66,2025-08-19,0.08
18121,1942.0,164,2,880.48,2025-09-21,0.15
18122,1760.0,277,1,137.94,2026-05-02,0.04
18123,798.0,154,5,4023.8,2026-03-03,0.08
18124,483.0,295,2,833.64,2026-01-05,0.19
18125,707.0,186,5,3329.8,2025-11-03,0.14
18126,151.0,94,1,314.44,2026-03-14,0.0
18127,1390.0,58,3,1146.93,2026-03-25,0.06
18128,1740.0,158,5,954.65,2025-11-14,0.06
18129,915.0,73,1,147.78,2025-12-22,0.05
18130,1636.0,188,1,497.46,2025-11-13,0.15
18131,29.0,282,4,2425.8,2025-09-11,0.19
18132,211.0,69,2,125.2,2026-06-21,0.14
18133,673.0,232,4,1963.88,2025-10-24,0.12
18134,706.0,28,2,980.4,2026-05-12,0.16
18135,1176.0,272,2,655.74,2026-06-01,0.01
18136,13.0,107,2,1031.54,2026-03-08,0.14
18137,471.0,55,1,856.54,2025-11-10,0.13
18138,1561.0,68,5,4436.05,2025-12-06,0.01
18139,930.0,77,5,3775.0,2025-11-03,0.03
18140,670.0,175,4,2941.92,2025-09-10,0.2
18141,884.0,59,2,124.58,2025-12-04,0.04
18142,1012.0,29,1,375.79,2026-01-03,0.15
18143,426.0,219,2,587.74,2025-10-28,0.14
18144,715.0,93,2,1388.34,2026-06-02,0.02
18145,895.0,199,4,321.28,2025-08-25,0.17
18146,1856.0,90,1,397.43,2026-03-27,0.03
18147,329.0,147,4,2381.88,2025-11-07,0.02
18148,621.0,107,2,1031.54,2025-08-08,0.07
18149,363.0,178,5,1902.6,2026-07-18,0.13
18150,1919.0,189,4,1350.8,2026-05-31,0.07
18151,1188.0,82,1,472.21,2026-06-12,0.19
18152,68.0,167,5,2156.4,2026-02-03,0.12
18153,1792.0,291,3,1010.01,2026-03-25,0.06
18154,747.0,153,4,3562.52,2026-01-07,0.18
18155,1733.0,225,4,2789.32,2026-02-23,0.04
18156,1858.0,232,5,2454.85,2026-04-18,0.14
18157,1969.0,90,3,1192.29,2026-05-18,0.08
18158,725.0,150,5,3588.25,2025-12-14,0.11
18159,895.0,160,4,1802.44,2026-06-02,0.08
18160,1387.0,184,3,1089.18,2026-04-03,0.1
18161,241.0,3,3,1865.01,2025-08-22,0.11
18162,812.0,188,1,497.46,2026-04-14,0.09
18163,1892.0,298,4,1935.0,2026-03-21,0.06
18164,204.0,173,1,774.86,2026-01-18,0.07
18165,1263.0,3,3,1865.01,2026-05-02,0.03
18166,1031.0,170,4,1976.92,2026-04-18,0.09
18167,870.0,159,2,229.18,2025-12-01,0.05
18168,732.0,256,5,863.15,2025-12-23,0.01
18169,1609.0,280,1,754.9,2026-07-13,0.16
18170,1719.0,204,0,2094.6,2026-06-07,0.0
18171,1039.0,200,2,1431.58,2026-03-17,0.14
18172,761.0,94,5,1572.2,2026-03-02,0.01
18173,856.0,152,1,838.47,2026-02-01,0.03
18174,1.0,238,3,1762.8,2025-09-26,0.17
18175,1310.0,84,1,764.58,2026-04-06,0.12
18176,358.0,93,3,2082.51,2025-11-20,0.02
18177,26.0,115,5,4204.9,2026-07-26,0.03
18178,1434.0,145,3,1169.82,2026-05-15,0.16
18179,775.0,69,4,250.4,2025-08-17,0.05
18180,1048.0,50,3,229.29,2026-03-11,0.09
18181,646.0,242,1,80.04,2026-05-22,0.13
18182,1942.0,68,5,4436.05,2026-03-30,0.07
18183,1226.0,190,5,338.55,2026-03-28,0.05
18184,458.0,280,3,2264.7,2026-07-07,0.18
18185,1025.0,117,3,1428.87,2025-10-12,0.17
18186,1248.0,151,5,3970.0,2026-05-04,0.13
18187,1210.0,35,-4,3534.0,2025-09-15,0.07
18188,1459.0,179,5,2686.75,2026-01-30,0.07
18189,1466.0,69,5,313.0,2026-02-08,0.09
18190,266.0,165,1,633.65,2026-04-09,0.2
18191,135.0,293,1,339.56,2026-06-02,0.11
18192,1545.0,255,3,2178.99,2026-07-17,0.12
18193,251.0,128,1,486.07,2025-10-17,0.02
18194,430.0,217,2,717.62,2025-12-10,0.08
18195,1112.0,14,5,4201.05,2026-04-14,0.12
18196,645.0,50,1,76.43,2026-05-27,0.13
18197,1240.0,145,3,1169.82,2026-07-30,0.15
18198,1341.0,53,5,3849.3,2025-09-10,0.09
18199,58.0,138,1,287.36,2026-01-14,0.17
18200,1006.0,186,5,3329.8,2026-01-07,0.07
18201,537.0,267,2,554.66,2026-02-18,0.18
18202,1230.0,149,3,2396.19,2025-08-29,0.15
18203,34.0,87,1,468.31,2025-08-30,0.14
18204,1385.0,84,1,764.58,2026-07-11,0.1
18205,1795.0,151,1,794.0,2025-10-24,0.1
18206,657.0,280,4,3019.6,2025-10-27,0.05
18207,1121.0,19,4,2770.4,2026-04-03,0.09
18208,72.0,167,3,1293.84,2026-02-03,0.14
18209,686.0,160,1,450.61,2025-10-18,0.2
18210,99.0,62,5,3184.1,2026-08-02,0.11
18211,1710.0,235,3,2674.8,2026-01-18,0.09
18212,1713.0,239,1,766.98,2026-01-27,0.17
18213,1347.0,297,4,2389.0,2025-08-16,0.18
18214,1860.0,206,1,596.17,2026-02-06,0.13
18215,433.0,142,1,248.51,2026-04-30,0.15
18216,1674.0,52,2,704.9,2025-09-26,0.11
18217,778.0,285,2,1440.04,2025-09-21,0.17
18218,1205.0,161,3,1109.61,2026-02-06,0.17
18219,993.0,276,2,640.52,2026-04-17,0.09
18220,1195.0,32,4,-728.84,2025-10-31,0.12
18221,852.0,68,2,1774.42,2026-05-06,0.12
18222,796.0,57,3,2088.75,2025-11-27,0.11
18223,59.0,129,5,2459.55,2025-08-09,0.09
18224,1321.0,11,5,1425.75,2026-05-06,0.04
18225,40.0,218,1,-267.57,2026-07-28,0.0
18226,1668.0,116,3,2675.79,2025-10-14,0.02
18227,1891.0,71,1,96.54,2025-12-01,0.12
18228,1201.0,133,3,700.17,2025-09-25,0.14
18229,225.0,197,5,1978.3,2026-04-14,0.07
18230,1442.0,241,2,1630.18,2025-10-10,0.05
18231,1152.0,134,2,1267.22,2026-04-13,0.07
18232,419.0,217,2,717.62,2025-10-10,0.1
18233,1424.0,291,5,1683.35,2026-05-17,0.14
18234,1500.0,44,2,933.46,2026-07-01,0.11
18235,1020.0,243,5,4067.05,2026-10-03,0.17
18236,1057.0,58,5,1911.55,2025-09-10,0.02
18237,1477.0,45,1,728.99,2026-04-29,0.05
18238,668.0,243,5,4067.05,2026-04-01,0.18
18239,414.0,82,2,944.42,2026-02-24,0.02
18240,565.0,121,2,536.72,2026-07-12,0.02
18241,1371.0,227,1,474.93,2026-06-08,0.09
18242,1003.0,51,2,552.24,2026-06-27,0.1
18243,504.0,214,2,1413.88,2026-05-12,0.15
18244,1323.0,249,5,2353.4,2025-11-02,0.01
18245,394.0,263,1,290.99,2026-06-15,0.14
18246,1509.0,89,2,205.52,2026-06-15,0.01
18247,371.0,260,2,852.02,2025-08-28,0.18
18248,1064.0,157,3,156.33,2026-01-11,0.06
18249,230.0,123,3,1472.52,2026-04-23,0.12
18250,201.0,264,5,2659.45,2026-07-25,0.08
18251,724.0,131,5,3106.25,2025-11-08,0.1
18252,1992.0,18,3,218.82,2025-10-15,0.03
18253,1211.0,175,5,3677.4,2026-05-16,0.0
18254,604.0,96,5,1447.9,2025-11-04,0.03
18255,1022.0,141,1,158.05,2026-01-20,0.01
18256,1640.0,64,5,4064.3,2025-12-04,0.16
18257,489.0,115,1,840.98,2025-12-02,0.1
18258,528.0,142,2,497.02,2026-07-21,0.01
18259,1514.0,31,3,1041.3,2025-08-10,0.13
18260,681.0,294,2,976.32,2025-09-10,0.14
18261,458.0,47,4,1264.96,2026-07-17,0.04
18262,236.0,178,5,1902.6,2026-03-04,0.05
18263,1557.0,257,-2,624.68,2025-09-12,0.03
18264,1755.0,42,3,824.91,2026-04-13,0.03
18265,857.0,250,5,2079.5,2026-06-08,0.11
18266,360.0,148,4,2000.92,2025-12-03,0.02
18267,18.0,198,4,2313.4,2025-11-25,0.13
18268,90.0,214,2,1413.88,2025-11-17,0.1
18269,549.0,55,2,1713.08,2025-10-09,0.0
18270,583.0,194,4,2755.08,2025-11-28,0.14
18271,797.0,173,2,1549.72,2026-05-27,0.03
18272,239.0,295,2,833.64,2026-03-07,0.15
18273,90.0,126,3,510.69,2026-07-09,0.13
18274,492.0,52,1,352.45,2026-07-02,0.05
18275,1883.0,194,5,3443.85,2025-11-18,0.14
18276,56.0,297,3,1791.75,2025-10-04,0.12
18277,1725.0,289,1,49.07,2026-04-21,0.17
18278,1927.0,147,5,2977.35,2026-04-21,0.12
18279,557.0,132,3,616.05,2025-08-16,0.13
18280,1506.0,299,3,1564.41,2025-10-05,0.12
18281,604.0,73,3,443.34,2026-05-01,0.09
18282,592.0,76,1,700.29,2025-11-21,0.1
18283,1391.0,157,2,104.22,2025-11-08,0.02
18284,473.0,185,4,568.08,2026-06-14,0.11
18285,1666.0,1,3,517.98,2026-06-25,0.08
18286,617.0,52,3,1057.35,2026-05-24,0.05
18287,994.0,216,3,1322.28,2025-12-25,0.06
18288,1514.0,35,3,2650.5,2025-08-07,0.06
18289,1441.0,163,2,1204.34,2026-05-02,0.18
18290,1365.0,262,5,2766.8,2026-03-26,0.16
18291,652.0,153,4,3562.52,2025-12-02,0.17
18292,470.0,287,5,-256.1,2026-01-22,0.18
18293,169.0,129,0,983.82,2026-01-11,0.1
18294,318.0,286,3,402.18,2025-12-19,0.02
18295,1592.0,51,2,552.24,2026-05-04,0.09
18296,534.0,256,3,517.89,2026-07-18,0.11
18297,994.0,110,4,2894.44,2026-08-04,0.1
18298,1512.0,68,4,3548.84,2025-09-09,0.02
18299,1712.0,186,3,1997.88,2025-09-19,0.03
18300,337.0,132,1,205.35,2026-04-21,0.2
18301,1745.0,1,2,345.32,2026-05-17,0.11
18302,1551.0,108,3,2092.17,2026-02-20,0.02
18303,282.0,148,4,2000.92,2026-01-17,0.04
18304,90.0,234,2,721.64,2026-04-17,0.09
18305,990.0,36,5,3689.45,2025-08-30,0.07
18306,1932.0,245,1,544.85,2025-12-13,0.13
18307,331.0,220,2,733.32,2026-01-13,0.05
18308,1849.0,286,5,670.3,2025-11-19,0.1
18309,464.0,234,2,721.64,2025-08-08,0.19
18310,2.0,82,1,472.21,2026-03-30,0.11
18311,1982.0,272,2,655.74,2026-06-12,0.13
18312,1398.0,188,3,1492.38,2026-03-16,0.19
18313,1934.0,92,4,2685.64,2025-11-23,0.05
18314,1237.0,45,5,3644.95,2026-08-16,0.06
18315,1490.0,190,1,67.71,2025-12-02,0.01
18316,1568.0,268,3,1051.71,2026-02-13,0.1
18317,,297,5,2986.25,2025-12-19,0.14
18318,251.0,48,5,1517.95,2025-10-18,0.18
18319,1150.0,139,2,1208.28,2026-04-03,0.02
18320,585.0,287,2,-102.44,2026-03-02,0.03
18321,523.0,2,4,2640.88,2026-04-02,0.04
18322,386.0,164,3,1320.72,2026-05-06,0.16
18323,582.0,101,2,1742.7,2025-08-30,0.11
18324,1575.0,233,1,741.08,2026-07-19,0.12
18325,554.0,66,1,806.55,2025-10-18,0.01
18326,380.0,290,2,846.74,2026-02-02,0.06
18327,1696.0,142,2,497.02,2025-08-20,0.13
18328,1256.0,17,1,761.69,2025-12-07,0.13
18329,229.0,236,2,1204.42,2025-12-03,0.08
18330,601.0,114,2,336.18,2026-06-23,0.13
18331,1343.0,2,5,3301.1,2026-04-09,0.16
18332,627.0,255,2,1452.66,2025-09-26,0.05
18333,1719.0,258,2,1701.9,2025-11-29,0.11
18334,244.0,15,4,1886.92,2026-06-26,0.18
18335,750.0,43,2,1358.48,2025-12-09,0.1
18336,885.0,277,5,689.7,2025-09-10,0.19
18337,301.0,40,1,71.49,2026-04-27,0.06
18338,1031.0,58,5,1911.55,2026-04-08,0.17
18339,1568.0,92,4,2685.64,2026-04-04,0.03
18340,1335.0,144,3,379.41,2025-08-26,0.12
18341,903.0,91,1,561.73,2026-02-18,0.08
18342,729.0,299,1,521.47,2026-07-24,0.03
18343,175.0,277,2,275.88,2026-06-21,0.02
18344,1010.0,290,4,1693.48,2025-10-13,0.1
18345,873.0,183,1,362.04,2026-01-01,0.08
18346,1801.0,29,1,375.79,2026-07-05,0.11
18347,566.0,27,3,740.67,2025-09-03,0.06
18348,956.0,11,2,570.3,2026-04-21,0.09
18349,1363.0,31,1,347.1,2026-07-21,0.17
18350,797.0,114,1,168.09,2026-06-20,0.03
18351,189.0,242,3,240.12,2026-06-03,0.0
18352,442.0,18,1,72.94,2025-09-01,0.08
18353,715.0,211,5,1110.75,2025-08-15,0.09
18354,1200.0,160,2,901.22,2026-04-11,0.16
18355,1124.0,244,2,388.48,2025-10-21,0.05
18356,1526.0,231,1,733.3,2025-12-06,0.14
18357,1030.0,138,3,862.08,2025-12-31,0.01
18358,1764.0,199,2,160.64,2025-12-07,0.01
18359,357.0,91,1,561.73,2026-04-01,0.12
18360,326.0,40,5,357.45,2025-11-16,0.04
18361,1991.0,100,4,469.76,2025-10-14,0.03
18362,286.0,58,1,382.31,2026-05-23,0.12
18363,1524.0,267,1,277.33,2026-03-17,0.17
18364,316.0,45,1,728.99,2026-03-23,0.08
18365,51.0,120,4,2900.84,2025-10-12,0.07
18366,1380.0,197,4,1582.64,2025-08-18,0.06
18367,328.0,90,3,1192.29,2026-04-08,0.17
18368,328.0,79,5,1687.9,2025-10-11,0.07
18369,1954.0,202,3,2066.4,2025-11-06,0.16
18370,771.0,143,4,340.56,2026-02-07,0.04
18371,1233.0,40,4,285.96,2025-12-31,0.02
18372,,190,3,203.13,2026-05-08,0.12
18373,789.0,28,2,980.4,2025-12-31,0.07
18374,325.0,182,3,1174.89,2026-01-20,0.17
18375,327.0,105,4,2787.68,2026-03-19,0.2
18376,869.0,131,4,2485.0,2026-04-19,0.09
18377,343.0,197,2,791.32,2026-08-03,0.08
18378,152.0,247,4,2489.0,2026-01-16,0.1
18379,25.0,226,5,492.25,2026-03-25,0.06
18380,1925.0,183,3,1086.12,2025-10-11,0.03
18381,1483.0,74,3,1280.94,2026-06-02,0.15
18382,1224.0,23,3,434.37,2025-10-09,0.16
18383,751.0,134,2,1267.22,2026-03-14,0.06
18384,108.0,231,5,3666.5,2025-12-17,0.08
18385,171.0,118,4,2598.08,2025-11-03,0.12
18386,1423.0,204,1,523.65,2025-11-02,0.13
18387,1275.0,149,5,3993.65,2026-03-01,0.1
18388,223.0,114,1,168.09,2026-01-01,0.09
18389,779.0,63,3,470.19,2025-09-10,0.17
18390,1235.0,121,5,1341.8,2026-03-13,0.07
18391,1582.0,48,1,303.59,2025-11-10,0.15
18392,1663.0,163,3,1806.51,2025-09-10,0.04
18393,712.0,3,1,621.67,2026-06-25,0.0
18394,1722.0,134,2,1267.22,2025-08-30,0.13
18395,852.0,32,5,-911.05,2026-04-04,0.17
18396,1648.0,14,5,4201.05,2026-06-20,0.1
18397,1472.0,174,5,3282.75,2026-03-03,0.15
18398,1321.0,181,5,4440.4,2026-06-04,0.19
18399,535.0,115,4,3363.92,2026-05-25,0.06
18400,765.0,288,4,3485.84,2025-10-18,0.15
18401,1158.0,230,5,2503.65,2026-03-29,0.15
18402,273.0,248,3,2069.46,2026-04-24,0.07
18403,1295.0,150,2,1435.3,2025-08-11,0.12
18404,437.0,30,3,2651.07,2026-06-25,0.08
18405,669.0,86,4,2798.32,2026-04-03,0.08
18406,1014.0,131,5,3106.25,2026-06-08,0.18
18407,127.0,271,3,2291.37,2025-11-02,0.16
18408,1766.0,232,5,2454.85,2026-06-05,0.13
18409,1898.0,221,4,1045.2,2026-06-09,0.04
18410,117.0,163,2,1204.34,2025-12-01,0.15
18411,1086.0,55,3,2569.62,2025-09-23,0.0
18412,1070.0,207,4,2002.6,2025-11-21,0.13
18413,222.0,134,3,1900.83,2026-04-15,0.02
18414,1646.0,114,2,336.18,2026-04-07,0.06
18415,1323.0,247,1,622.25,2026-07-04,0.14
18416,1216.0,289,5,245.35,2025-10-01,0.03
18417,444.0,173,-2,1549.72,2025-11-27,0.09
18418,1797.0,55,1,856.54,2025-08-05,0.0
18419,1969.0,76,5,3501.45,2025-12-30,0.16
18420,652.0,198,2,1156.7,2026-01-16,0.01
18421,719.0,287,4,-204.88,2026-04-23,0.09
18422,1669.0,188,2,994.92,2025-10-13,0.04
18423,771.0,289,2,98.14,2026-02-19,0.02
18424,591.0,11,1,285.15,2026-05-21,0.06
18425,1619.0,209,3,2373.93,2025-10-16,0.19
18426,1455.0,247,2,1244.5,2025-11-17,0.11
18427,,148,1,500.23,2026-01-11,0.01
18428,672.0,219,4,1175.48,2025-10-18,0.11
18429,1164.0,8,4,3483.96,2025-10-22,0.16
18430,1453.0,114,2,336.18,2026-06-14,0.15
18431,546.0,269,5,2753.35,2025-11-29,0.01
18432,159.0,47,4,1264.96,2026-04-23,0.17
18433,1945.0,18,2,145.88,2026-02-21,0.14
18434,942.0,15,5,2358.65,2026-03-02,0.02
18435,1708.0,136,4,2132.76,2026-03-27,0.09
18436,953.0,30,5,4418.45,2025-11-02,0.1
18437,443.0,120,4,2900.84,2025-11-05,0.19
18438,1643.0,55,4,3426.16,2025-11-12,0.11
18439,707.0,74,4,1707.92,2025-10-25,0.12
18440,848.0,252,3,2141.55,2026-02-04,0.19
18441,34.0,44,1,466.73,2025-12-27,0.19
18442,599.0,227,4,1899.72,2025-09-13,0.01
18443,130.0,237,1,366.17,2026-08-04,0.1
18444,1290.0,68,3,2661.63,2026-05-18,0.14
18445,1524.0,204,4,2094.6,2026-02-25,0.17
18446,774.0,279,1,850.96,2025-12-31,0.02
18447,1611.0,270,3,469.56,2026-01-21,0.05
18448,14.0,233,1,741.08,2026-07-21,0.1
18449,13.0,11,1,285.15,2026-03-30,0.18
18450,1485.0,72,2,984.2,2025-11-11,0.02
18451,1698.0,203,5,1493.15,2026-05-16,0.04
18452,197.0,22,3,406.86,2025-08-19,0.17
18453,1890.0,19,1,692.6,2026-02-18,0.19
18454,1861.0,40,5,357.45,2026-01-20,0.01
18455,402.0,194,5,3443.85,2026-06-02,0.16
18456,1604.0,58,1,382.31,2026-06-14,0.08
18457,1262.0,238,4,2350.4,2025-12-23,0.1
18458,82.0,245,1,544.85,2026-06-16,0.17
18459,1258.0,57,3,2088.75,2025-11-24,0.06
18460,470.0,42,4,1099.88,2025-10-12,0.17
18461,1524.0,287,2,-102.44,2025-11-23,0.03
18462,781.0,58,5,1911.55,2025-11-09,0.05
18463,1919.0,70,5,2209.85,2026-05-14,0.07
18464,887.0,198,1,578.35,2026-03-11,0.09
18465,1840.0,56,1,623.99,2025-10-12,0.17
18466,1665.0,11,2,570.3,2026-01-01,0.07
18467,800.0,155,5,1373.2,2026-04-02,0.06
18468,1447.0,19,2,1385.2,2025-09-25,0.06
18469,1730.0,81,1,577.52,2026-03-08,0.1
18470,1708.0,73,3,443.34,2025-12-11,0.16
18471,679.0,269,1,550.67,2025-12-16,0.14
18472,1715.0,177,5,3092.9,2025-08-13,0.19
18473,603.0,2,2,1320.44,2026-01-26,0.03
18474,858.0,129,2,983.82,2025-11-17,0.04
18475,466.0,192,2,847.88,2025-10-23,0.02
18476,589.0,238,3,1762.8,2025-12-15,0.1
18477,1729.0,255,1,726.33,2026-06-19,0.14
18478,5.0,100,2,234.88,2026-06-24,0.03
18479,1414.0,206,1,596.17,2025-08-13,0.04
18480,482.0,67,1,722.58,2026-03-17,0.02
18481,921.0,269,4,2202.68,2026-07-05,0.09
18482,630.0,237,3,1098.51,2025-12-17,0.1
18483,1046.0,86,2,1399.16,2025-10-07,0.15
18484,1022.0,284,1,499.56,2026-05-26,0.18
18485,1887.0,32,1,-182.21,2026-07-02,0.17
18486,886.0,154,5,4023.8,2026-03-10,0.05
18487,855.0,297,4,2389.0,2026-04-08,0.08
18488,358.0,230,4,2002.92,2026-07-21,0.11
18489,1941.0,17,2,1523.38,2026-08-03,0.16
18490,1730.0,223,3,1978.41,2026-02-24,0.12
18491,527.0,36,1,737.89,2026-06-14,0.16
18492,850.0,253,1,346.0,2026-04-03,0.06
18493,1701.0,168,3,1931.01,2025-12-27,0.19
18494,1501.0,258,3,2552.85,2026-03-29,0.06
18495,959.0,209,3,2373.93,2025-11-18,0.09
18496,1409.0,61,2,1290.94,2026-07-12,0.16
18497,706.0,231,1,733.3,2026-07-28,0.04
18498,1029.0,86,4,2798.32,2026-02-07,0.15
18499,1068.0,109,2,301.3,2026-06-28,0.18
18500,300.0,238,2,1175.2,2026-04-07,0.19
18501,1572.0,89,4,411.04,2026-07-07,0.08
18502,1549.0,165,3,1900.95,2025-08-08,0.15
18503,1024.0,149,2,1597.46,2025-11-09,0.17
18504,1411.0,149,4,3194.92,2026-03-14,0.06
18505,388.0,141,1,158.05,2026-01-17,0.18
18506,319.0,16,1,362.42,2026-06-14,0.13
18507,788.0,154,2,1609.52,2026-07-22,0.08
18508,736.0,289,3,147.21,2026-03-27,0.18
18509,1133.0,104,5,775.9,2026-07-10,0.03
18510,510.0,111,2,1378.54,2026-01-15,0.06
18511,448.0,171,2,186.22,2025-11-23,0.07
18512,1657.0,214,5,3534.7,2025-12-09,0.03
18513,1227.0,68,5,4436.05,2025-10-25,0.19
18514,1578.0,213,3,1143.3,2025-12-08,0.1
18515,1239.0,189,3,1013.1,2026-03-26,0.18
18516,1994.0,77,1,755.0,2025-09-11,0.16
18517,1121.0,114,5,840.45,2026-06-27,0.0
18518,1658.0,104,2,310.36,2026-07-05,0.13
18519,1623.0,204,1,523.65,2026-02-03,0.12
18520,987.0,188,4,1989.84,2026-01-09,0.19
18521,1796.0,51,3,828.36,2025-12-10,0.02
18522,1534.0,41,3,2344.32,2025-08-22,0.15
18523,1716.0,56,4,2495.96,2025-11-13,0.03
18524,499.0,36,3,2213.67,2026-01-29,0.12
18525,151.0,83,5,936.15,2025-09-22,0.02
18526,1793.0,280,4,3019.6,2026-06-12,0.14
18527,80.0,208,0,1093.08,2026-03-06,0.12
18528,414.0,33,4,618.92,2026-02-24,0.18
18529,47.0,230,3,1502.19,2025-10-22,0.07
18530,1543.0,225,5,3486.65,2025-08-06,0.16
18531,1786.0,71,1,96.54,2025-08-19,0.16
18532,1343.0,33,1,154.73,2026-05-27,0.19
18533,128.0,286,1,134.06,2026-03-22,0.01
18534,604.0,297,3,1791.75,2026-06-10,0.04
18535,941.0,19,2,1385.2,2026-03-21,0.1
18536,1388.0,71,1,96.54,2025-12-15,0.08
18537,593.0,204,5,2618.25,2025-11-19,0.03
18538,1134.0,212,2,-618.5,2025-09-26,0.0
18539,784.0,270,2,313.04,2026-03-06,0.17
18540,1659.0,85,4,-113.48,2026-02-18,0.09
18541,180.0,116,1,891.93,2026-01-28,0.06
18542,940.0,41,1,781.44,2025-10-26,0.07
18543,161.0,258,4,3403.8,2026-08-02,0.06
18544,885.0,137,2,1487.6,2025-11-19,0.14
18545,1213.0,150,2,1435.3,2025-11-23,0.04
18546,1497.0,193,3,1157.85,2026-05-19,0.08
18547,1927.0,58,3,1146.93,2026-05-15,0.04
18548,,104,5,775.9,2026-03-30,0.15
18549,616.0,212,4,-1237.0,2026-04-12,0.14
18550,1488.0,69,5,313.0,2026-01-08,0.12
18551,1787.0,161,3,1109.61,2026-04-21,0.01
18552,1345.0,273,3,947.31,2025-12-29,0.09
18553,1619.0,127,5,3953.1,2026-02-21,0.12
18554,274.0,251,3,2619.81,2026-01-20,0.16
18555,1335.0,248,2,1379.64,2026-01-18,0.06
18556,1139.0,235,5,4458.0,2026-01-26,0.19
18557,384.0,279,2,1701.92,2026-03-21,0.19
18558,707.0,148,3,1500.69,2026-03-02,0.14
18559,311.0,14,3,2520.63,2026-03-30,0.02
18560,615.0,5,1,306.14,2026-03-18,0.13
18561,225.0,205,1,374.04,2025-11-13,0.15
18562,1079.0,243,4,3253.64,2026-01-29,0.06
18563,428.0,144,3,379.41,2025-08-11,0.11
18564,902.0,17,3,2285.07,2026-01-10,0.14
18565,788.0,280,4,3019.6,2026-05-04,0.19
18566,362.0,221,5,1306.5,2025-09-15,0.17
18567,1161.0,111,2,1378.54,2026-01-29,0.07
18568,67.0,124,1,746.63,2026-05-03,0.15
18569,1512.0,66,3,2419.65,2026-07-02,0.07
18570,686.0,101,5,4356.75,2026-07-03,0.17
18571,820.0,94,3,943.32,2026-04-11,0.14
18572,1369.0,233,4,2964.32,2025-08-13,0.15
18573,1674.0,55,2,1713.08,2026-07-09,0.07
18574,1088.0,160,3,1351.83,2026-07-06,0.14
18575,252.0,251,1,873.27,2026-07-07,0.04
18576,129.0,49,1,183.31,2026-07-03,0.09
18577,,63,4,626.92,2026-01-20,0.13
18578,402.0,187,5,4407.5,2026-03-19,0.08
18579,1295.0,151,5,3970.0,2025-08-24,0.04
18580,696.0,173,1,774.86,2025-09-07,0.09
18581,,159,3,343.77,2026-06-29,0.11
18582,144.0,281,4,638.76,2025-11-14,0.09
18583,663.0,36,2,1475.78,2026-04-03,0.19
18584,1836.0,111,3,2067.81,2026-01-23,0.14
18585,,263,5,1454.95,2026-07-23,0.18
18586,1103.0,180,3,1926.99,2025-09-05,0.18
18587,888.0,90,3,1192.29,2025-09-05,0.03
18588,1252.0,248,2,1379.64,2025-08-15,0.08
18589,1379.0,144,2,252.94,2026-05-26,0.16
18590,169.0,64,4,3251.44,2025-10-27,0.15
18591,1263.0,1,5,863.3,2026-06-11,0.03
18592,1354.0,282,4,2425.8,2026-02-24,0.11
18593,601.0,244,5,971.2,2026-09-14,0.03
18594,677.0,242,4,320.16,2026-06-10,0.02
18595,1347.0,114,4,672.36,2026-05-09,0.09
18596,1420.0,71,1,96.54,2026-08-02,0.12
18597,1694.0,182,1,391.63,2026-01-25,0.08
18598,1501.0,54,2,195.64,2025-09-13,0.11
18599,676.0,203,5,1493.15,2025-12-13,0.11
18600,162.0,141,3,474.15,2026-01-04,0.08
18601,421.0,293,2,679.12,2026-02-07,0.02
18602,656.0,43,1,679.24,2026-06-23,0.08
18603,640.0,278,3,1878.81,2025-12-22,0.19
18604,1533.0,88,4,1821.32,2026-01-14,0.17
18605,85.0,51,5,1380.6,2026-01-19,0.08
18606,1537.0,6,2,1246.68,2026-05-14,0.2
18607,473.0,128,2,972.14,2025-12-09,0.14
18608,667.0,63,5,783.65,2025-08-05,0.17
18609,1350.0,75,5,3975.25,2026-04-15,0.02
18610,192.0,182,4,1566.52,2025-12-14,0.04
18611,1505.0,32,-4,-728.84,2025-09-03,0.16
18612,161.0,264,4,2127.56,2026-03-03,0.13
18613,593.0,149,5,3993.65,2026-05-14,0.14
18614,1892.0,139,3,1812.42,2026-02-17,0.17
18615,951.0,16,1,362.42,2026-01-16,0.13
18616,1512.0,173,4,3099.44,2025-08-12,0.1
18617,1328.0,149,1,798.73,2026-04-28,0.18
18618,1778.0,216,3,1322.28,2025-09-11,0.02
18619,823.0,108,1,697.39,2026-01-01,0.05
18620,455.0,90,3,1192.29,2026-02-11,0.17
18621,404.0,125,4,816.28,2026-04-19,0.01
18622,949.0,234,3,1082.46,2025-11-26,0.14
18623,1792.0,195,4,965.52,2025-11-14,0.01
18624,1695.0,30,2,1767.38,2026-03-11,0.18
18625,935.0,173,1,774.86,2026-07-15,0.14
18626,874.0,196,4,974.96,2026-05-12,0.01
18627,1313.0,198,5,2891.75,2026-04-27,0.13
18628,1918.0,10,5,3958.7,2025-10-14,0.07
18629,168.0,76,4,2801.16,2025-10-23,0.19
18630,1263.0,216,5,2203.8,2025-11-23,0.08
18631,279.0,178,2,761.04,2026-05-01,0.08
18632,556.0,131,4,2485.0,2025-10-24,0.17
18633,370.0,133,1,233.39,2025-12-25,0.13
18634,401.0,8,3,2612.97,2026-03-30,0.11
18635,1055.0,267,3,831.99,2026-07-15,0.17
18636,1613.0,163,5,3010.85,2026-04-10,0.15
18637,11.0,26,1,290.49,2026-01-20,0.18
18638,16.0,283,2,852.4,2026-03-16,0.18
18639,794.0,250,1,415.9,2026-02-21,0.13
18640,250.0,272,5,1639.35,2025-12-10,0.12
18641,977.0,298,2,967.5,2025-08-12,0.02
18642,1214.0,49,5,916.55,2026-07-13,0.12
18643,1723.0,113,5,3268.45,2026-07-30,0.17
18644,1793.0,274,4,771.08,2025-11-21,0.12
18645,681.0,50,4,305.72,2025-12-08,0.0
18646,954.0,269,1,550.67,2026-05-26,0.15
18647,1525.0,234,4,1443.28,2026-07-24,0.0
18648,1977.0,262,1,553.36,2025-08-11,0.1
18649,1535.0,226,3,295.35,2026-04-12,0.03
18650,628.0,211,2,444.3,2025-12-13,0.12
18651,264.0,45,3,2186.97,2026-06-04,0.14
18652,1046.0,116,2,1783.86,2026-01-10,0.02
18653,691.0,207,4,2002.6,2026-01-10,0.16
18654,1942.0,42,4,1099.88,2026-07-03,0.1
18655,171.0,40,2,142.98,2026-05-06,0.17
18656,1167.0,236,3,1806.63,2026-03-16,0.05
18657,282.0,123,3,1472.52,2026-06-08,0.14
18658,1639.0,251,4,3493.08,2025-11-02,0.04
18659,1264.0,177,3,1855.74,2026-02-09,0.05
18660,1351.0,252,4,2855.4,2025-12-16,0.07
18661,1799.0,48,5,1517.95,2025-12-03,0.03
18662,1283.0,224,4,1962.36,2025-08-22,0.15
18663,440.0,57,4,2785.0,2025-09-26,0.12
18664,961.0,234,2,721.64,2026-06-21,0.02
18665,1096.0,169,3,2085.6,2026-05-08,0.14
18666,1096.0,212,2,-618.5,2026-05-23,0.02
18667,249.0,100,3,352.32,2026-07-20,0.05
18668,385.0,171,1,93.11,2025-11-15,0.04
18669,1462.0,206,1,596.17,2026-07-21,0.09
18670,904.0,213,5,1905.5,2025-10-13,0.07
18671,877.0,155,3,823.92,2026-06-09,0.14
18672,1104.0,156,3,2006.28,2026-03-10,0.03
18673,446.0,264,4,2127.56,2026-01-20,0.12
18674,217.0,286,2,268.12,2025-09-02,0.15
18675,1045.0,169,3,2085.6,2026-02-04,0.11
18676,573.0,251,4,3493.08,2026-06-23,0.16
18677,447.0,180,1,642.33,2026-05-05,0.15
18678,426.0,175,1,735.48,2026-03-01,0.06
18679,111.0,195,3,724.14,2026-03-21,0.11
18680,1420.0,213,3,1143.3,2025-10-09,0.08
18681,1413.0,289,4,196.28,2026-07-20,0.15
18682,1617.0,280,4,3019.6,2025-12-11,0.05
18683,161.0,246,4,718.84,2026-06-12,0.05
18684,696.0,45,2,1457.98,2026-01-25,0.15
18685,540.0,266,2,928.18,2025-09-22,0.17
18686,869.0,45,1,728.99,2025-11-29,0.07
18687,1252.0,235,2,1783.2,2025-08-17,0.15
18688,1719.0,229,4,200.76,2026-06-28,0.08
18689,1945.0,216,2,881.52,2025-09-24,0.14
18690,1676.0,22,4,542.48,2025-12-11,0.1
18691,1827.0,26,2,580.98,2025-08-26,0.12
18692,903.0,110,4,2894.44,2026-07-05,0.17
18693,525.0,250,4,1663.6,2026-04-27,0.06
18694,1767.0,49,1,183.31,2026-07-04,0.15
18695,416.0,287,3,-153.66,2025-11-06,0.12
18696,,63,1,156.73,2026-03-02,0.04
18697,447.0,29,1,375.79,2025-12-08,0.13
18698,1275.0,141,1,158.05,2026-07-09,0.15
18699,376.0,172,5,2662.6,2026-05-06,0.1
18700,406.0,59,4,249.16,2026-02-11,0.14
18701,433.0,70,1,441.97,2026-01-18,0.02
18702,814.0,6,4,2493.36,2026-05-21,0.08
18703,198.0,224,3,1471.77,2025-10-10,0.17
18704,973.0,257,3,937.02,2026-05-25,0.1
18705,1467.0,261,4,515.32,2025-12-29,0.18
18706,1125.0,240,5,4047.6,2026-07-10,0.1
18707,1749.0,156,3,2006.28,2026-06-23,0.1
18708,1501.0,252,5,3569.25,2025-11-29,0.18
18709,978.0,239,5,3834.9,2026-02-20,0.02
18710,178.0,150,5,3588.25,2026-06-07,0.09
18711,138.0,151,4,3176.0,2025-09-01,0.13
18712,1207.0,28,4,1960.8,2026-04-06,0.14
18713,1308.0,91,2,1123.46,2026-01-11,0.14
18714,43.0,182,1,391.63,2026-05-27,0.11
18715,1561.0,105,2,1393.84,2026-05-25,0.1
18716,804.0,265,4,743.08,2025-11-09,0.1
18717,1989.0,218,5,-1337.85,2026-02-21,0.13
18718,618.0,293,5,1697.8,2026-04-13,0.03
18719,384.0,11,-2,570.3,2025-11-24,0.19
18720,1314.0,170,1,494.23,2026-03-15,0.05
18721,1876.0,26,3,871.47,2025-11-07,0.03
18722,559.0,49,1,183.31,2026-05-26,0.15
18723,834.0,21,4,3032.28,2026-05-22,0.07
18724,443.0,49,2,366.62,2026-01-10,0.07
18725,1230.0,289,3,147.21,2026-07-04,0.07
18726,510.0,224,1,490.59,2026-03-10,0.14
18727,1768.0,292,4,1176.28,2026-07-08,0.14
18728,554.0,16,5,1812.1,2025-08-25,0.16
18729,1547.0,291,2,673.34,2026-04-22,0.14
18730,617.0,245,1,544.85,2026-01-01,0.15
18731,1960.0,106,5,420.0,2025-10-20,0.08
18732,144.0,228,4,2427.92,2025-12-08,0.03
18733,843.0,291,4,1346.68,2026-02-19,0.1
18734,1946.0,78,1,181.61,2025-12-19,0.13
18735,615.0,101,3,2614.05,2025-10-29,0.13
18736,575.0,207,1,500.65,2025-08-12,0.14
18737,1518.0,62,3,1910.46,2026-05-11,0.04
18738,1401.0,263,2,581.98,2026-06-27,0.18
18739,1778.0,286,5,670.3,2025-09-06,0.12
18740,1905.0,186,2,1331.92,2025-08-13,0.01
18741,1065.0,26,1,290.49,2026-05-30,0.15
18742,639.0,296,1,298.23,2025-09-04,0.01
18743,573.0,16,2,724.84,2026-07-01,0.02
18744,441.0,231,1,733.3,2026-05-28,0.08
18745,1812.0,129,2,983.82,2025-09-28,0.05
18746,446.0,252,2,1427.7,2026-01-22,0.02
18747,638.0,154,2,1609.52,2026-03-06,0.01
18748,1643.0,226,1,98.45,2026-03-17,0.1
18749,333.0,247,4,2489.0,2025-12-29,0.17
18750,1241.0,246,4,718.84,2026-03-26,0.17
18751,1970.0,151,2,1588.0,2025-12-12,0.19
18752,72.0,91,1,561.73,2025-09-06,0.16
18753,1016.0,254,2,1249.08,2026-06-14,0.18
18754,166.0,278,2,1252.54,2026-03-30,0.14
18755,1571.0,45,4,2915.96,2026-04-13,0.07
18756,1401.0,11,4,1140.6,2025-10-24,0.11
18757,461.0,121,1,268.36,2025-08-05,0.03
18758,,31,3,1041.3,2026-05-26,0.08
18759,1844.0,42,5,1374.85,2025-11-27,0.08
18760,1250.0,164,1,440.24,2026-04-11,0.08
18761,,88,4,1821.32,2026-07-28,0.06
18762,869.0,248,1,689.82,2026-02-16,0.06
18763,1596.0,273,4,1263.08,2026-07-04,0.1
18764,905.0,84,2,1529.16,2025-12-26,0.1
18765,198.0,230,4,2002.92,2025-10-01,0.14
18766,365.0,238,1,587.6,2026-07-23,0.01
18767,1750.0,293,2,679.12,2026-07-08,0.14
18768,778.0,45,4,2915.96,2026-07-21,0.14
18769,1364.0,245,1,544.85,2026-05-07,0.17
18770,3.0,251,1,873.27,2026-09-06,0.03
18771,1765.0,225,5,3486.65,2026-01-30,0.08
18772,627.0,83,3,561.69,2025-12-19,0.07
18773,1737.0,227,5,2374.65,2026-02-24,0.06
18774,1433.0,101,1,871.35,2025-12-29,0.19
18775,1117.0,113,5,3268.45,2026-05-26,0.1
18776,1604.0,21,4,3032.28,2026-02-05,0.19
18777,1707.0,217,3,1076.43,2025-08-23,0.11
18778,850.0,45,5,3644.95,2026-07-17,0.11
18779,1334.0,156,5,3343.8,2025-10-27,0.1
18780,1455.0,140,5,3760.2,2026-01-02,0.04
18781,430.0,92,1,671.41,2025-12-10,0.14
18782,775.0,73,2,295.56,2026-01-13,0.11
18783,965.0,207,5,2503.25,2025-09-30,0.01
18784,752.0,106,4,336.0,2025-08-25,0.07
18785,754.0,252,5,3569.25,2025-10-19,0.16
18786,992.0,147,3,1786.41,2026-05-22,0.14
18787,440.0,198,3,1735.05,2026-01-16,0.0
18788,1531.0,74,3,1280.94,2025-10-27,0.19
18789,37.0,148,2,1000.46,2025-11-11,0.18
18790,,58,2,764.62,2025-12-01,0.03
18791,760.0,178,4,1522.08,2026-04-26,0.0
18792,336.0,39,2,1781.3,2025-11-22,0.08
18793,1418.0,157,2,104.22,2025-10-26,0.16
18794,576.0,2,5,3301.1,2026-04-06,0.17
18795,1982.0,162,3,899.01,2026-03-24,0.15
18796,201.0,228,2,1213.96,2025-11-13,0.06
18797,1351.0,292,2,588.14,2026-01-08,0.19
18798,298.0,217,2,717.62,2026-02-18,0.16
18799,898.0,130,4,3297.72,2026-06-04,0.09
18800,312.0,104,5,775.9,2026-03-25,0.16
18801,986.0,258,1,850.95,2025-12-29,0.19
18802,296.0,32,1,-182.21,2026-05-22,0.05
18803,1387.0,270,5,782.6,2026-05-18,0.15
18804,1289.0,140,1,752.04,2026-05-11,0.09
18805,1235.0,123,5,2454.2,2025-11-07,0.17
18806,501.0,245,5,2724.25,2025-11-03,0.13
18807,1569.0,115,5,4204.9,2025-09-14,0.04
18808,1484.0,259,2,255.84,2026-03-01,0.04
18809,1135.0,229,4,200.76,2025-09-01,0.1
18810,1070.0,283,4,1704.8,2026-04-23,0.12
18811,708.0,272,2,655.74,2025-10-02,0.1
18812,1142.0,230,2,1001.46,2025-10-20,0.17
18813,210.0,223,5,3297.35,2025-10-30,0.18
18814,370.0,194,3,2066.31,2025-12-26,0.15
18815,77.0,128,3,1458.21,2026-01-22,0.1
18816,1113.0,121,4,1073.44,2026-04-25,0.19
18817,273.0,120,3,2175.63,2026-01-15,0.02
18818,772.0,268,1,350.57,2025-09-08,0.19
18819,828.0,131,5,3106.25,2026-02-06,0.01
18820,1903.0,101,2,1742.7,2026-05-09,0.06
18821,1109.0,180,1,642.33,2026-06-28,0.08
18822,837.0,79,2,675.16,2026-05-20,0.13
18823,1095.0,223,2,1318.94,2026-07-21,0.02
18824,828.0,29,4,1503.16,2025-08-23,0.09
18825,1748.0,228,5,3034.9,2026-01-26,0.08
18826,1437.0,227,2,949.86,2026-07-13,0.12
18827,139.0,39,5,4453.25,2025-10-29,0.2
18828,1336.0,24,3,282.03,2026-06-26,0.12
18829,1027.0,136,4,2132.76,2025-09-22,0.19
18830,467.0,294,5,2440.8,2026-07-15,0.04
18831,1418.0,186,2,1331.92,2026-01-25,0.1
18832,,22,4,542.48,2026-09-10,0.19
18833,241.0,72,4,1968.4,2025-11-21,0.01
18834,311.0,121,2,536.72,2026-07-07,0.06
18835,1021.0,285,4,2880.08,2025-12-21,0.04
18836,1082.0,180,1,642.33,2026-01-31,0.11
18837,1099.0,57,5,3481.25,2026-01-31,0.16
18838,434.0,202,1,688.8,2026-07-15,0.03
18839,820.0,155,1,274.64,2026-01-18,0.05
18840,374.0,187,4,3526.0,2025-10-11,0.05
18841,1228.0,207,2,1001.3,2026-04-24,0.11
18842,1655.0,244,2,388.48,2026-01-12,0.08
18843,71.0,268,3,1051.71,2026-07-16,0.0
18844,1903.0,72,5,2460.5,2025-09-26,0.14
18845,1041.0,154,2,1609.52,2026-01-02,0.13
18846,1587.0,182,5,1958.15,2025-11-08,0.17
18847,1186.0,5,1,306.14,2026-01-04,0.12
18848,889.0,262,4,2213.44,2026-01-24,0.18
18849,1606.0,292,2,588.14,2026-03-02,0.14
18850,1414.0,138,3,862.08,2025-12-04,0.0
18851,1785.0,168,1,643.67,2026-05-02,0.05
18852,1031.0,15,3,1415.19,2025-08-20,0.15
18853,1477.0,115,3,2522.94,2026-02-18,0.12
18854,463.0,192,3,1271.82,2026-03-31,0.17
18855,782.0,165,2,1267.3,2026-07-21,0.17
18856,206.0,290,4,1693.48,2026-07-24,0.14
18857,1478.0,250,4,1663.6,2026-03-08,0.18
18858,292.0,228,4,2427.92,2026-07-26,0.03
18859,630.0,73,4,591.12,2026-07-15,0.17
18860,1549.0,194,1,688.77,2026-03-28,0.2
18861,1946.0,124,2,1493.26,2026-02-10,0.01
18862,23.0,76,4,2801.16,2026-06-17,0.03
18863,1754.0,187,1,881.5,2026-02-13,0.17
18864,964.0,215,5,1526.2,2025-11-15,0.15
18865,499.0,224,5,2452.95,2026-06-05,0.17
18866,222.0,20,3,2457.12,2026-02-13,0.05
18867,773.0,124,0,3733.15,2026-06-01,0.13
18868,1906.0,6,1,623.34,2026-07-04,0.09
18869,1560.0,37,2,143.62,2025-12-28,0.19
18870,701.0,20,4,3276.16,2026-03-31,0.17
18871,825.0,28,1,490.2,2025-11-18,0.12
18872,750.0,42,3,824.91,2026-04-27,0.11
18873,449.0,178,5,1902.6,2025-11-24,0.17
18874,1775.0,81,2,1155.04,2026-04-14,0.05
18875,1934.0,164,3,1320.72,2025-11-05,0.09
18876,372.0,94,2,628.88,2026-08-05,0.03
18877,1260.0,156,5,3343.8,2025-11-23,0.06
18878,1274.0,43,2,1358.48,2026-06-26,0.16
18879,766.0,293,5,1697.8,2026-02-16,0.13
18880,,229,4,200.76,2026-05-08,0.12
18881,489.0,107,1,515.77,2025-12-12,0.11
18882,1196.0,163,4,2408.68,2025-09-27,0.07
18883,28.0,22,4,542.48,2026-03-21,0.07
18884,757.0,223,5,3297.35,2025-12-20,0.14
18885,1684.0,7,4,2806.88,2026-06-30,0.16
18886,1333.0,211,1,222.15,2025-10-17,0.16
18887,1745.0,72,5,2460.5,2026-01-25,0.1
18888,1328.0,22,5,678.1,2026-05-23,0.02
18889,51.0,233,2,1482.16,2026-01-30,0.14
18890,,296,5,1491.15,2026-06-06,0.17
18891,565.0,75,1,795.05,2025-11-11,0.06
18892,1822.0,280,4,3019.6,2026-07-12,0.2
18893,1234.0,266,5,2320.45,2026-06-21,0.15
18894,277.0,290,4,1693.48,2026-07-08,0.1
18895,1600.0,121,1,268.36,2025-08-15,0.13
18896,116.0,283,3,1278.6,2026-05-24,0.07
18897,736.0,39,5,4453.25,2026-06-05,0.01
18898,1147.0,197,1,395.66,2025-11-06,0.19
18899,197.0,55,5,4282.7,2026-02-05,0.03
18900,538.0,210,1,452.28,2026-01-03,0.14
18901,1525.0,280,3,2264.7,2026-02-01,0.2
18902,668.0,291,4,1346.68,2026-01-15,0.05
18903,1123.0,283,1,426.2,2026-03-09,0.19
18904,1217.0,140,1,752.04,2026-02-05,0.17
18905,724.0,279,4,3403.84,2025-11-22,0.2
18906,1275.0,236,1,602.21,2025-08-14,0.15
18907,1408.0,256,1,172.63,2025-11-15,0.19
18908,937.0,130,5,4122.15,2026-07-09,0.06
18909,689.0,242,1,80.04,2025-10-02,0.08
18910,57.0,79,2,675.16,2025-08-13,0.17
18911,804.0,25,3,1750.44,2026-07-07,0.2
18912,558.0,300,3,1744.77,2026-02-07,0.13
18913,22.0,56,3,1871.97,2026-01-15,0.17
18914,1878.0,71,2,193.08,2026-02-02,0.07
18915,1287.0,214,4,2827.76,2025-12-20,0.07
18916,1713.0,193,4,1543.8,2025-09-05,0.01
18917,715.0,185,1,142.02,2025-12-02,0.12
18918,1319.0,262,3,1660.08,2026-03-24,0.07
18919,676.0,235,4,3566.4,2026-01-24,0.1
18920,1692.0,295,2,833.64,2025-12-19,0.16
18921,1196.0,294,2,976.32,2025-10-21,0.02
18922,546.0,158,4,763.72,2025-11-28,0.05
18923,1728.0,78,5,908.05,2025-09-08,0.12
18924,1781.0,98,3,609.78,2025-09-03,0.03
18925,1655.0,291,4,1346.68,2025-12-06,0.17
18926,283.0,64,1,812.86,2026-05-24,0.09
18927,146.0,140,4,3008.16,2026-02-03,0.18
18928,515.0,158,2,381.86,2026-05-29,0.14
18929,166.0,117,0,952.58,2025-10-24,0.02
18930,268.0,298,1,483.75,2026-04-15,0.09
18931,481.0,214,2,1413.88,2026-06-02,0.1
18932,224.0,99,5,2344.65,2025-10-24,0.16
18933,1254.0,128,1,486.07,2025-08-28,0.18
18934,201.0,276,2,640.52,2026-04-03,0.2
18935,512.0,190,2,135.42,2026-03-21,0.1
18936,633.0,7,2,1403.44,2025-08-27,0.08
18937,1055.0,101,2,1742.7,2026-06-07,0.09
18938,854.0,79,3,1012.74,2025-08-17,0.06
18939,848.0,283,4,1704.8,2026-04-11,0.15
18940,1885.0,18,3,218.82,2026-05-10,0.11
18941,1466.0,17,1,761.69,2025-08-23,0.07
18942,1347.0,285,5,3600.1,2026-03-14,0.07
18943,238.0,111,5,3446.35,2026-07-01,0.07
18944,1870.0,191,1,246.97,2025-11-20,0.02
18945,453.0,161,3,1109.61,2026-05-18,0.14
18946,1107.0,171,4,372.44,2025-08-18,0.02
18947,930.0,26,4,1161.96,2026-06-10,0.12
18948,1898.0,141,5,790.25,2026-01-10,0.14
18949,1803.0,55,3,2569.62,2025-12-27,0.11
18950,712.0,267,1,277.33,2026-01-06,0.13
18951,556.0,59,3,186.87,2025-12-21,0.09
18952,1348.0,48,5,1517.95,2026-05-13,0.12
18953,931.0,130,1,824.43,2026-02-17,0.02
18954,1882.0,2,4,2640.88,2025-10-02,0.07
18955,801.0,73,4,591.12,2025-11-07,0.09
18956,595.0,284,3,1498.68,2026-05-21,0.17
18957,482.0,161,3,1109.61,2025-11-25,0.16
18958,1020.0,205,2,748.08,2026-05-12,0.19
18959,888.0,255,4,2905.32,2025-11-15,0.07
18960,1228.0,181,5,4440.4,2026-08-09,0.01
18961,577.0,118,3,1948.56,2025-11-07,0.18
18962,1832.0,68,2,1774.42,2026-02-25,0.16
18963,371.0,53,4,3079.44,2026-06-11,0.04
18964,1046.0,220,3,1099.98,2025-12-12,0.17
18965,1328.0,56,5,3119.95,2026-04-16,0.08
18966,1816.0,160,4,1802.44,2026-04-17,0.03
18967,828.0,265,2,371.54,2026-01-16,0.04
18968,1927.0,172,5,2662.6,2025-12-24,0.01
18969,412.0,192,2,847.88,2025-11-08,0.02
18970,1291.0,185,1,142.02,2025-12-15,0.04
18971,883.0,101,3,2614.05,2025-10-14,0.02
18972,1837.0,56,4,2495.96,2026-07-25,0.0
18973,593.0,249,5,2353.4,2025-10-21,0.09
18974,935.0,153,3,2671.89,2026-07-06,0.2
18975,913.0,296,2,596.46,2026-04-24,0.03
18976,1577.0,90,2,794.86,2025-09-24,0.12
18977,1564.0,57,4,2785.0,2026-08-05,0.08
18978,329.0,209,5,3956.55,2026-01-11,0.18
18979,1119.0,178,5,1902.6,2026-01-18,0.07
18980,1355.0,268,3,1051.71,2025-08-17,0.04
18981,1426.0,111,3,2067.81,2026-04-07,0.14
18982,,254,3,1873.62,2026-04-27,0.11
18983,561.0,158,4,763.72,2026-07-26,0.01
18984,1250.0,232,2,981.94,2026-07-26,0.1
18985,214.0,295,4,1667.28,2026-04-22,0.15
18986,700.0,178,4,1522.08,2026-05-28,0.09
18987,789.0,293,1,339.56,2025-08-10,0.02
18988,538.0,125,3,612.21,2026-07-05,0.03
18989,1037.0,64,1,812.86,2025-08-19,0.01
18990,684.0,162,3,899.01,2025-11-14,0.06
18991,593.0,300,2,1163.18,2026-02-02,0.02
18992,1963.0,67,5,3612.9,2025-08-16,0.09
18993,515.0,160,5,2253.05,2026-07-03,0.0
18994,1374.0,219,1,293.87,2026-03-14,0.09
18995,1243.0,195,3,724.14,2026-05-18,0.18
18996,667.0,156,3,2006.28,2025-09-04,0.04
18997,1412.0,126,4,680.92,2025-09-01,0.19
18998,198.0,92,1,671.41,2025-08-28,0.16
18999,196.0,196,5,1218.7,2026-05-17,0.06
19000,1403.0,56,4,2495.96,2025-11-08,0.19
19001,1805.0,40,3,214.47,2026-06-17,0.09
19002,872.0,97,4,1014.04,2025-12-02,0.18
19003,15.0,266,3,1392.27,2026-03-20,0.14
19004,548.0,46,2,1116.22,2026-05-24,0.01
19005,141.0,252,5,3569.25,2026-04-20,0.0
19006,228.0,3,4,2486.68,2026-08-18,0.11
19007,1346.0,247,1,622.25,2026-06-21,0.19
19008,639.0,177,1,618.58,2026-01-15,0.12
19009,1193.0,51,3,828.36,2025-09-04,0.17
19010,1090.0,184,3,1089.18,2025-09-04,0.15
19011,1757.0,278,4,2505.08,2026-03-26,0.04
19012,1958.0,282,1,606.45,2026-04-29,0.17
19013,808.0,90,5,1987.15,2026-05-29,0.09
19014,102.0,40,5,357.45,2026-03-25,0.11
19015,1063.0,124,5,3733.15,2026-02-15,0.18
19016,637.0,196,5,1218.7,2026-03-13,0.11
19017,401.0,240,2,1619.04,2026-03-22,0.13
19018,1238.0,12,5,4092.8,2026-05-17,0.01
19019,1482.0,9,3,2372.34,2026-01-06,0.19
19020,698.0,142,3,745.53,2026-06-24,0.0
19021,774.0,12,1,818.56,2025-12-05,0.13
19022,1461.0,134,3,1900.83,2025-09-05,0.14
19023,172.0,25,0,2917.4,2025-09-07,0.17
19024,433.0,246,2,359.42,2026-03-05,0.01
19025,1307.0,91,4,2246.92,2025-09-13,0.16
19026,1655.0,123,2,981.68,2026-04-27,0.2
19027,424.0,94,2,628.88,2026-07-15,0.16
19028,1256.0,114,4,672.36,2025-12-06,0.17
19029,1703.0,31,3,1041.3,2026-02-16,0.04
19030,680.0,198,1,578.35,2025-10-27,0.12
19031,479.0,134,4,2534.44,2026-05-22,0.07
19032,337.0,168,2,1287.34,2026-01-25,0.08
19033,1208.0,188,3,1492.38,2026-06-06,0.04
19034,1969.0,177,2,1237.16,2026-07-31,0.19
19035,1575.0,240,2,1619.04,2025-11-20,0.06
19036,399.0,190,1,67.71,2026-01-08,0.14
19037,1204.0,178,5,1902.6,2026-01-17,0.09
19038,122.0,75,4,3180.2,2025-09-03,0.13
19039,1250.0,32,1,-182.21,2025-12-04,0.11
19040,957.0,235,2,1783.2,2026-05-15,0.05
19041,184.0,6,3,1870.02,2025-12-01,0.05
19042,1878.0,125,1,204.07,2026-02-03,0.17
19043,1621.0,149,1,798.73,2026-01-26,0.01
19044,890.0,46,2,1116.22,2026-01-17,0.07
19045,1994.0,159,1,114.59,2026-07-29,0.13
19046,1893.0,81,3,1732.56,2025-09-10,0.06
19047,84.0,89,4,411.04,2026-02-19,0.01
19048,1542.0,66,5,4032.75,2026-04-11,0.13
19049,388.0,94,2,628.88,2026-05-28,0.1
19050,,105,3,2090.76,2026-04-13,0.09
19051,1324.0,97,5,1267.55,2026-01-10,0.12
19052,753.0,294,3,1464.48,2026-02-19,0.18
19053,343.0,288,5,4357.3,2026-02-10,0.03
19054,571.0,33,4,618.92,2026-04-21,0.17
19055,1222.0,165,2,1267.3,2025-08-05,0.05
19056,728.0,228,4,2427.92,2025-11-21,0.08
19057,333.0,162,1,299.67,2026-05-11,0.1
19058,1375.0,263,5,1454.95,2026-01-31,0.07
19059,1098.0,224,2,981.18,2026-05-16,0.04
19060,868.0,252,4,2855.4,2026-03-19,0.07
19061,431.0,233,1,741.08,2026-01-11,0.02
19062,344.0,2,1,660.22,2026-01-07,0.03
19063,460.0,37,2,143.62,2026-04-22,0.13
19064,730.0,265,4,743.08,2026-04-14,0.16
19065,151.0,135,2,-69.2,2026-07-04,0.06
19066,1689.0,262,2,1106.72,2026-06-04,0.16
19067,1546.0,148,3,1500.69,2026-06-24,0.16
19068,1038.0,148,5,2501.15,2025-12-31,0.11
19069,871.0,119,5,1783.95,2026-03-05,0.18
19070,1420.0,103,5,1428.7,2026-07-14,0.03
19071,1777.0,78,3,544.83,2025-10-01,0.06
19072,1756.0,19,5,3463.0,2026-05-07,0.04
19073,1909.0,175,2,1470.96,2026-03-31,0.15
19074,721.0,89,1,102.76,2025-08-11,0.01
19075,1618.0,101,3,2614.05,2026-05-19,0.08
19076,1952.0,11,4,1140.6,2025-12-27,0.11
19077,1658.0,294,5,2440.8,2026-05-08,0.14
19078,964.0,78,3,544.83,2025-09-25,0.02
19079,1597.0,184,4,1452.24,2025-12-26,0.06
19080,1118.0,54,1,97.82,2026-01-08,0.01
19081,1641.0,40,1,71.49,2025-12-16,0.04
19082,368.0,11,2,570.3,2026-03-26,0.18
19083,1193.0,72,2,984.2,2026-03-20,0.07
19084,367.0,187,1,881.5,2025-12-28,0.02
19085,1049.0,214,5,3534.7,2025-08-11,0.04
19086,1138.0,98,2,406.52,2026-02-25,0.07
19087,537.0,133,1,233.39,2026-04-11,0.2
19088,1677.0,85,4,-113.48,2026-04-02,0.05
19089,1524.0,69,4,250.4,2025-08-31,0.2
19090,605.0,66,1,806.55,2025-11-20,0.05
19091,218.0,104,4,620.72,2026-05-10,0.07
19092,660.0,19,3,2077.8,2025-10-07,0.02
19093,1114.0,202,4,2755.2,2026-05-04,0.17
19094,1025.0,253,5,1730.0,2025-11-03,0.16
19095,1309.0,41,1,781.44,2026-04-30,0.07
19096,366.0,52,2,704.9,2025-11-02,0.08
19097,401.0,153,2,1781.26,2025-08-06,0.18
19098,692.0,202,2,1377.6,2026-05-15,0.07
19099,1251.0,138,4,1149.44,2025-10-14,0.14
19100,1469.0,107,2,1031.54,2026-03-16,0.08
19101,178.0,289,2,98.14,2026-05-05,0.01
19102,170.0,175,4,2941.92,2025-10-16,0.11
19103,411.0,127,2,1581.24,2026-02-13,0.14
19104,601.0,52,3,1057.35,2026-01-16,0.07
19105,1981.0,71,4,386.16,2026-07-23,0.2
19106,896.0,287,4,-204.88,2025-11-23,0.13
19107,14.0,83,4,748.92,2026-07-03,0.18
19108,880.0,111,3,2067.81,2025-08-11,0.06
19109,30.0,299,2,1042.94,2025-12-05,0.12
19110,1043.0,274,4,771.08,2025-11-21,0.12
19111,1484.0,41,-5,3907.2,2026-06-26,0.07
19112,895.0,247,5,3111.25,2026-02-07,0.1
19113,1167.0,292,4,1176.28,2026-04-26,0.11
19114,1368.0,290,2,846.74,2025-11-06,0.1
19115,1324.0,56,5,3119.95,2026-04-04,0.02
19116,1151.0,291,3,1010.01,2026-02-28,0.19
19117,797.0,236,3,1806.63,2026-01-16,0.02
19118,1226.0,121,1,268.36,2025-10-11,0.14
19119,291.0,5,1,306.14,2026-07-26,0.06
19120,232.0,186,3,1997.88,2025-10-04,0.1
19121,1558.0,168,5,3218.35,2025-08-31,0.08
19122,432.0,112,4,1880.28,2025-11-11,0.07
19123,1802.0,104,2,310.36,2025-08-26,0.09
19124,1588.0,67,5,3612.9,2025-12-20,0.16
19125,1972.0,206,4,2384.68,2025-08-31,0.09
19126,756.0,222,5,2181.55,2026-08-24,0.16
19127,143.0,138,2,574.72,2026-07-11,0.02
19128,122.0,83,1,187.23,2025-09-08,0.14
19129,1768.0,208,3,1093.08,2026-02-27,0.17
19130,1436.0,44,3,1400.19,2026-01-02,0.12
19131,1612.0,237,2,732.34,2025-12-29,0.12
19132,1402.0,207,3,1501.95,2025-08-17,0.16
19133,38.0,103,1,285.74,2025-12-02,0.07
19134,136.0,225,4,2789.32,2026-02-09,0.13
19135,1355.0,105,1,696.92,2025-12-02,0.15
19136,1175.0,237,3,1098.51,2026-01-27,0.08
19137,1185.0,286,5,670.3,2026-07-07,0.15
19138,1249.0,281,4,638.76,2025-11-07,0.09
19139,1777.0,97,3,760.53,2025-10-26,0.1
19140,1847.0,105,3,2090.76,2026-03-07,0.03
19141,1162.0,52,3,1057.35,2026-03-22,0.06
19142,1520.0,171,2,186.22,2026-06-26,0.02
19143,888.0,177,5,3092.9,2025-09-09,0.01
19144,1550.0,72,1,492.1,2025-11-11,0.12
19145,1130.0,263,1,290.99,2026-01-28,0.01
19146,1338.0,140,1,752.04,2026-05-16,0.11
19147,650.0,300,1,581.59,2026-05-19,0.02
19148,598.0,155,1,274.64,2026-02-15,0.0
19149,715.0,31,5,1735.5,2025-12-14,0.0
19150,1382.0,41,2,1562.88,2025-10-09,0.05
19151,1988.0,140,2,1504.08,2025-11-14,0.12
19152,1605.0,206,2,1192.34,2026-01-28,0.08
19153,352.0,37,2,143.62,2025-11-29,0.16
19154,278.0,156,4,2675.04,2026-07-06,0.06
19155,1433.0,137,2,1487.6,2025-11-30,0.11
19156,698.0,92,3,2014.23,2026-06-22,0.04
19157,1736.0,204,1,523.65,2025-09-23,0.06
19158,1100.0,130,1,824.43,2025-08-06,0.19
19159,1450.0,233,3,2223.24,2025-10-17,0.13
19160,1378.0,71,3,289.62,2025-12-10,0.05
19161,1082.0,293,4,1358.24,2026-03-28,0.13
19162,1626.0,96,4,1158.32,2025-11-14,0.16
19163,1754.0,222,5,2181.55,2025-11-22,0.04
19164,1123.0,292,1,294.07,2025-09-14,0.13
19165,313.0,53,2,1539.72,2025-08-11,0.06
19166,252.0,197,-4,1582.64,2026-08-01,0.19
19167,81.0,82,5,2361.05,2026-07-19,0.12
19168,331.0,250,1,415.9,2026-05-21,0.0
19169,1446.0,240,5,4047.6,2026-07-10,0.0
19170,734.0,223,2,1318.94,2026-04-23,0.17
19171,1276.0,52,3,1057.35,2025-10-08,0.02
19172,1330.0,241,3,2445.27,2026-07-26,0.04
19173,113.0,61,4,2581.88,2026-05-12,0.03
19174,490.0,180,2,1284.66,2025-10-31,0.1
19175,1089.0,243,1,813.41,2026-06-05,0.08
19176,,158,2,381.86,2026-02-16,0.15
19177,944.0,177,5,3092.9,2026-02-07,0.04
19178,957.0,189,2,675.4,2026-04-12,0.02
19179,1403.0,71,1,96.54,2025-10-31,0.02
19180,466.0,118,2,1299.04,2026-06-26,0.0
19181,690.0,103,2,571.48,2025-12-21,0.19
19182,557.0,295,4,1667.28,2025-09-05,0.09
19183,391.0,129,1,491.91,2026-03-01,0.18
19184,1891.0,121,1,268.36,2026-07-26,0.02
19185,850.0,47,5,1581.2,2026-09-17,0.1
19186,1538.0,149,5,3993.65,2026-04-26,0.16
19187,289.0,155,2,549.28,2026-05-03,0.08
19188,178.0,222,2,872.62,2026-05-25,0.07
19189,1215.0,109,1,150.65,2026-07-04,0.18
19190,1315.0,16,2,724.84,2026-01-09,0.19
19191,241.0,160,5,2253.05,2026-01-12,0.05
19192,1312.0,183,4,1448.16,2025-12-03,0.07
19193,1017.0,195,4,965.52,2026-07-30,0.02
19194,858.0,206,3,1788.51,2026-07-07,0.18
19195,171.0,101,3,2614.05,2026-07-06,0.15
19196,346.0,155,3,823.92,2026-02-13,0.04
19197,286.0,70,2,883.94,2026-02-07,0.18
19198,1048.0,111,-3,2067.81,2025-11-30,0.13
19199,916.0,96,5,1447.9,2025-09-11,0.15
19200,1459.0,291,2,673.34,2025-10-23,0.05
19201,1994.0,209,3,2373.93,2025-09-09,0.09
19202,492.0,162,5,1498.35,2025-10-23,0.2
19203,362.0,114,3,504.27,2026-07-27,0.02
19204,1400.0,255,1,726.33,2025-12-25,0.08
19205,591.0,4,4,2748.24,2025-09-03,0.02
19206,663.0,101,1,871.35,2026-02-17,0.06
19207,536.0,80,3,766.56,2026-04-23,0.2
19208,18.0,258,2,1701.9,2025-10-16,0.18
19209,,232,3,1472.91,2025-08-08,0.02
19210,1019.0,101,2,1742.7,2025-09-28,0.13
19211,1170.0,98,3,609.78,2025-12-21,0.02
19212,1384.0,53,1,769.86,2026-02-20,0.07
19213,1288.0,195,5,1206.9,2025-12-28,0.08
19214,343.0,212,3,-927.75,2025-10-19,0.09
19215,384.0,79,1,337.58,2025-11-16,0.18
19216,1402.0,208,3,1093.08,2026-07-20,0.06
19217,794.0,146,2,1380.16,2026-01-14,0.1
19218,1252.0,261,4,515.32,2026-05-31,0.19
19219,799.0,246,3,539.13,2025-12-06,0.1
19220,1221.0,96,4,1158.32,2026-02-28,0.1
19221,1828.0,100,1,117.44,2026-06-17,0.16
19222,452.0,120,2,1450.42,2025-09-04,0.03
19223,1944.0,288,5,4357.3,2025-12-18,0.03
19224,3.0,49,4,733.24,2026-10-06,0.03
19225,248.0,214,4,2827.76,2026-04-03,0.12
19226,608.0,198,1,578.35,2026-08-03,0.17
19227,193.0,145,5,1949.7,2026-02-25,0.17
19228,632.0,181,1,888.08,2026-06-02,0.15
19229,1948.0,182,4,1566.52,2026-03-01,0.02
19230,1631.0,213,1,381.1,2025-12-24,0.04
19231,,145,5,1949.7,2026-04-09,0.07
19232,60.0,77,4,3020.0,2025-10-09,0.16
19233,1722.0,264,2,1063.78,2026-05-01,0.03
19234,1160.0,257,4,1249.36,2025-09-20,0.06
19235,629.0,207,1,500.65,2026-02-10,0.16
19236,1872.0,6,5,3116.7,2026-03-06,0.08
19237,1260.0,36,3,2213.67,2026-03-26,0.03
19238,1499.0,98,2,406.52,2025-12-10,0.07
19239,1227.0,232,5,2454.85,2025-12-16,0.01
19240,687.0,281,5,798.45,2026-07-11,0.16
19241,1165.0,23,4,579.16,2026-04-03,0.0
19242,585.0,29,2,751.58,2026-06-14,0.15
19243,161.0,248,1,689.82,2026-04-02,0.04
19244,436.0,71,4,386.16,2025-08-27,0.0
19245,1789.0,72,2,984.2,2026-06-15,0.11
19246,1705.0,186,5,3329.8,2026-03-17,0.07
19247,1214.0,50,2,152.86,2026-02-23,0.13
19248,313.0,19,4,2770.4,2025-11-30,0.03
19249,,24,2,188.02,2026-05-06,0.07
19250,456.0,284,2,999.12,2026-07-15,0.04
19251,1384.0,277,5,689.7,2026-04-25,0.07
19252,1961.0,55,1,856.54,2026-06-09,0.05
19253,1563.0,299,4,2085.88,2025-09-03,0.15
19254,1687.0,125,5,1020.35,2026-07-27,0.13
19255,1130.0,81,4,2310.08,2025-10-10,0.2
19256,1930.0,200,4,2863.16,2026-03-08,0.11
19257,802.0,81,2,1155.04,2025-12-28,0.0
19258,374.0,283,3,1278.6,2025-12-11,0.03
19259,674.0,197,4,1582.64,2025-12-23,0.02
19260,1631.0,131,3,1863.75,2026-06-14,0.1
19261,555.0,174,4,2626.2,2026-02-22,0.04
19262,1680.0,207,2,1001.3,2026-06-27,0.0
19263,634.0,271,1,763.79,2026-07-15,0.14
19264,1658.0,286,3,402.18,2026-07-07,0.11
19265,1036.0,64,5,4064.3,2025-09-16,0.14
19266,355.0,73,1,147.78,2025-12-29,0.17
19267,129.0,264,1,531.89,2026-01-30,0.04
19268,557.0,3,5,3108.35,2025-12-17,0.05
19269,246.0,112,5,2350.35,2026-05-26,0.2
19270,1445.0,44,5,2333.65,2026-04-03,0.11
19271,1211.0,39,4,3562.6,2025-10-13,0.08
19272,1282.0,100,1,117.44,2025-10-27,0.07
19273,1543.0,1,4,690.64,2026-03-01,0.19
19274,109.0,293,3,1018.68,2025-10-23,0.17
19275,1735.0,145,2,779.88,2026-07-02,0.17
19276,,226,1,98.45,2025-09-11,0.17
19277,1144.0,86,5,3497.9,2026-03-21,0.18
19278,1447.0,4,2,1374.12,2025-10-29,0.1
19279,1631.0,136,1,533.19,2025-12-03,0.16
19280,1213.0,45,4,2915.96,2026-02-27,0.04
19281,560.0,210,2,904.56,2026-05-28,0.17
19282,1571.0,267,5,1386.65,2026-03-15,0.07
19283,477.0,59,4,249.16,2025-09-09,0.03
19284,402.0,260,1,426.01,2026-03-05,0.1
19285,1459.0,164,4,1760.96,2026-07-17,0.13
19286,,40,1,71.49,2026-05-10,0.1
19287,849.0,82,2,944.42,2026-05-29,0.17
19288,549.0,172,5,2662.6,2025-08-20,0.02
19289,738.0,168,2,1287.34,2026-05-16,0.19
19290,1079.0,274,2,385.54,2025-08-26,0.07
19291,645.0,221,2,522.6,2025-10-20,0.1
19292,843.0,38,1,801.78,2026-02-27,0.06
19293,841.0,143,4,340.56,2025-08-30,0.16
19294,218.0,141,4,632.2,2026-06-19,0.16
19295,121.0,88,5,2276.65,2025-11-13,0.16
19296,1818.0,52,1,352.45,2026-07-07,0.04
19297,1068.0,52,3,1057.35,2026-01-01,0.15
19298,1719.0,175,1,735.48,2025-10-17,0.02
19299,167.0,189,5,1688.5,2025-11-13,0.18
19300,585.0,28,1,490.2,2025-09-23,0.08
19301,1569.0,68,2,1774.42,2026-05-05,0.15
19302,1299.0,128,3,1458.21,2026-03-28,0.16
19303,334.0,204,5,2618.25,2026-06-18,0.1
19304,1607.0,8,1,870.99,2025-10-11,0.05
19305,233.0,25,5,2917.4,2025-12-04,0.17
19306,879.0,125,3,612.21,2026-07-26,0.05
19307,1015.0,42,4,1099.88,2025-10-04,0.16
19308,293.0,203,1,298.63,2025-09-13,0.09
19309,1195.0,204,5,2618.25,2026-04-29,0.04
19310,1139.0,271,5,3818.95,2026-03-29,0.05
19311,1580.0,240,5,4047.6,2026-07-11,0.14
19312,1117.0,236,1,602.21,2025-12-26,0.02
19313,471.0,102,5,409.25,2026-03-16,0.06
19314,713.0,228,1,606.98,2026-01-31,0.19
19315,972.0,7,3,2105.16,2026-05-21,0.05
19316,63.0,1,5,863.3,2026-06-27,0.04
19317,1929.0,265,2,371.54,2025-11-07,0.02
19318,1428.0,59,1,62.29,2026-05-28,0.06
19319,638.0,262,2,1106.72,2026-06-29,0.13
19320,1512.0,48,3,910.77,2025-08-25,0.05
19321,634.0,141,3,474.15,2026-06-27,0.08
19322,1284.0,238,5,2938.0,2026-03-21,0.12
19323,1153.0,76,3,2100.87,2026-05-17,0.08
19324,1909.0,154,5,4023.8,2026-07-29,0.17
19325,1905.0,9,1,790.78,2026-08-07,0.02
19326,1078.0,232,4,1963.88,2025-10-11,0.14
19327,567.0,116,2,1783.86,2025-08-29,0.07
19328,213.0,32,3,-546.63,2026-02-21,0.12
19329,406.0,46,1,558.11,2025-12-05,0.13
19330,908.0,110,1,723.61,2025-10-04,0.16
19331,977.0,200,1,715.79,2026-02-04,0.0
19332,1404.0,55,4,3426.16,2026-07-22,0.14
19333,1751.0,285,3,2160.06,2025-10-19,0.08
19334,1631.0,276,2,640.52,2025-11-27,0.13
19335,1070.0,16,5,1812.1,2025-09-09,0.1
19336,1574.0,272,3,983.61,2025-09-07,0.1
19337,217.0,37,5,359.05,2025-11-27,0.11
19338,1238.0,294,4,1952.64,2026-05-13,0.03
19339,1837.0,144,3,379.41,2026-01-07,0.05
19340,901.0,168,3,1931.01,2025-09-08,0.03
19341,1549.0,159,4,458.36,2025-10-20,0.09
19342,1599.0,43,2,1358.48,2025-11-09,0.11
19343,313.0,101,4,3485.4,2025-09-06,0.01
19344,836.0,299,1,521.47,2025-12-12,0.0
19345,1387.0,140,5,3760.2,2026-07-13,0.18
19346,1507.0,57,4,2785.0,2026-04-10,0.14
19347,1832.0,100,1,117.44,2025-12-21,0.12
19348,115.0,33,4,618.92,2025-12-23,0.14
19349,1688.0,200,4,2863.16,2025-10-20,0.11
19350,1675.0,193,2,771.9,2026-06-30,0.09
19351,,52,5,1762.25,2025-08-25,0.07
19352,442.0,285,5,3600.1,2025-08-29,0.17
19353,1489.0,263,3,872.97,2025-12-07,0.14
19354,986.0,27,3,740.67,2025-10-30,0.01
19355,181.0,188,4,1989.84,2025-08-20,0.17
19356,651.0,82,4,1888.84,2025-10-17,0.08
19357,1756.0,178,4,1522.08,2025-08-27,0.18
19358,1394.0,143,1,85.14,2026-06-14,0.09
19359,860.0,203,4,1194.52,2025-12-02,0.09
19360,1584.0,172,4,2130.08,2025-11-28,0.16
19361,1684.0,58,1,382.31,2025-08-08,0.02
19362,37.0,20,4,3276.16,2026-01-26,0.02
19363,1283.0,10,3,2375.22,2026-01-23,0.11
19364,1568.0,291,2,673.34,2026-02-27,0.07
19365,1293.0,217,4,1435.24,2025-09-08,0.12
19366,374.0,96,4,1158.32,2026-04-22,0.07
19367,707.0,174,2,1313.1,2026-05-08,0.09
19368,58.0,41,3,2344.32,2025-09-12,0.14
19369,712.0,122,2,1320.8,2026-07-18,0.17
19370,1097.0,263,3,872.97,2025-08-23,0.01
19371,135.0,265,4,743.08,2026-04-01,0.1
19372,1540.0,265,2,371.54,2026-07-15,0.0
19373,574.0,130,2,1648.86,2026-05-19,0.19
19374,1235.0,83,5,936.15,2026-01-10,0.17
19375,766.0,254,5,3122.7,2025-12-23,0.04
19376,133.0,64,0,812.86,2026-08-25,0.14
19377,1115.0,113,5,3268.45,2026-03-06,0.11
19378,1158.0,112,1,470.07,2025-11-30,0.0
19379,,4,1,687.06,2026-04-19,0.1
19380,1135.0,216,3,1322.28,2026-05-30,0.06
19381,218.0,291,1,336.67,2025-12-04,0.18
19382,887.0,22,3,406.86,2025-12-07,0.07
19383,1709.0,1,-2,345.32,2026-01-29,0.07
19384,77.0,281,4,638.76,2026-01-09,0.13
19385,666.0,24,5,470.05,2026-05-19,0.12
19386,1507.0,74,4,1707.92,2026-08-25,0.12
19387,801.0,4,3,2061.18,2026-05-06,0.04
19388,1563.0,35,5,4417.5,2026-01-19,0.12
19389,1567.0,58,5,1911.55,2025-11-05,0.04
19390,1805.0,268,4,1402.28,2026-05-23,0.05
19391,780.0,277,2,275.88,2026-06-11,0.03
19392,846.0,213,1,381.1,2025-12-01,0.14
19393,1376.0,200,4,2863.16,2025-12-09,0.19
19394,1879.0,35,4,3534.0,2026-07-15,0.14
19395,1225.0,163,2,1204.34,2025-11-30,0.08
19396,1912.0,293,3,1018.68,2025-09-20,0.13
19397,,93,4,2776.68,2026-06-05,0.02
19398,1296.0,140,-5,3760.2,2026-03-09,0.12
19399,1493.0,277,5,689.7,2026-05-20,0.02
19400,1414.0,136,1,533.19,2025-10-15,0.03
19401,1629.0,168,2,1287.34,2026-03-25,0.09
19402,741.0,242,1,80.04,2026-03-22,0.01
19403,692.0,274,4,771.08,2025-09-12,0.19
19404,881.0,21,3,2274.21,2025-09-28,0.03
19405,165.0,152,5,4192.35,2026-01-09,0.11
19406,1351.0,275,5,3359.95,2026-08-04,0.16
19407,1058.0,198,4,2313.4,2026-03-31,0.19
19408,208.0,189,1,337.7,2026-07-04,0.05
19409,1885.0,294,1,488.16,2026-07-22,0.12
19410,128.0,270,4,626.08,2026-03-25,0.09
19411,612.0,143,1,85.14,2025-11-16,0.18
19412,494.0,12,1,818.56,2025-12-15,0.06
19413,434.0,276,3,960.78,2025-10-03,0.11
19414,1360.0,90,5,1987.15,2025-08-26,0.15
19415,35.0,39,3,2671.95,2026-01-13,0.06
19416,973.0,91,3,1685.19,2025-12-02,0.11
19417,1722.0,101,3,2614.05,2026-04-27,0.09
19418,841.0,95,2,853.3,2025-09-05,0.13
19419,477.0,247,2,1244.5,2026-08-03,0.01
19420,496.0,293,1,339.56,2026-04-02,0.06
19421,813.0,152,3,2515.41,2026-07-27,0.13
19422,1975.0,146,2,1380.16,2026-05-16,0.15
19423,1773.0,33,1,154.73,2026-06-13,0.18
19424,1963.0,165,3,1900.95,2025-09-13,0.12
19425,209.0,288,4,3485.84,2025-08-13,0.1
19426,1602.0,97,1,253.51,2026-01-14,0.18
19427,1174.0,290,1,423.37,2025-09-14,0.12
19428,1313.0,293,5,1697.8,2026-07-27,0.19
19429,813.0,257,3,937.02,2026-05-01,0.09
19430,40.0,35,4,3534.0,2026-05-22,0.12
19431,190.0,191,1,246.97,2025-12-31,0.15
19432,828.0,111,3,2067.81,2026-04-10,0.15
19433,989.0,84,3,2293.74,2025-12-30,0.14
19434,117.0,69,1,62.6,2026-04-29,0.2
19435,1079.0,18,2,145.88,2026-04-01,0.01
19436,1995.0,233,5,3705.4,2025-09-10,0.14
19437,50.0,192,1,423.94,2025-08-11,0.16
19438,562.0,132,3,616.05,2025-08-27,0.01
19439,1393.0,219,4,1175.48,2026-07-18,0.05
19440,1835.0,192,4,1695.76,2026-05-24,0.03
19441,317.0,191,4,987.88,2026-07-15,0.16
19442,336.0,96,1,289.58,2026-06-27,0.02
19443,1164.0,164,5,2201.2,2026-07-01,0.04
19444,1156.0,288,2,1742.92,2026-05-04,0.14
19445,942.0,165,2,1267.3,2026-05-14,0.01
19446,1452.0,117,4,1905.16,2026-02-25,0.08
19447,379.0,15,4,1886.92,2026-04-09,0.0
19448,1825.0,111,0,1378.54,2025-09-25,0.15
19449,396.0,266,5,2320.45,2025-10-06,0.17
19450,1328.0,73,2,295.56,2026-04-19,0.09
19451,862.0,247,3,1866.75,2025-11-10,0.1
19452,795.0,139,4,2416.56,2025-09-26,0.17
19453,1702.0,167,2,862.56,2026-06-11,0.04
19454,1035.0,60,3,2476.95,2026-05-19,0.06
19455,1238.0,215,-5,1526.2,2025-09-21,0.1
19456,1818.0,282,1,606.45,2026-01-09,0.1
19457,1779.0,184,4,1452.24,2026-02-28,0.13
19458,1625.0,147,4,2381.88,2025-09-28,0.07
19459,1125.0,174,4,2626.2,2026-01-14,0.07
19460,180.0,154,3,2414.28,2026-06-21,0.16
19461,568.0,298,2,967.5,2026-02-16,0.03
19462,544.0,291,2,673.34,2026-07-30,0.08
19463,1369.0,66,5,4032.75,2025-09-22,0.11
19464,817.0,186,1,665.96,2025-10-03,0.07
19465,1005.0,94,5,1572.2,2026-04-28,0.2
19466,221.0,107,3,1547.31,2025-09-06,0.02
19467,1087.0,240,4,3238.08,2026-04-07,0.08
19468,561.0,133,1,233.39,2026-06-15,0.06
19469,904.0,245,4,2179.4,2026-02-14,0.06
19470,1197.0,209,2,1582.62,2025-12-21,0.09
19471,396.0,40,1,71.49,2026-07-31,0.01
19472,1747.0,275,4,2687.96,2026-04-09,0.16
19473,997.0,92,4,2685.64,2026-01-08,0.17
19474,1792.0,215,1,305.24,2025-10-10,0.08
19475,1628.0,277,5,689.7,2026-04-14,0.1
19476,1368.0,196,4,974.96,2026-06-04,0.14
19477,1949.0,145,2,779.88,2025-12-30,0.0
19478,964.0,16,3,1087.26,2026-06-25,0.11
19479,360.0,152,4,3353.88,2026-04-02,0.03
19480,429.0,36,4,2951.56,2026-03-13,0.05
19481,190.0,209,3,2373.93,2026-06-03,0.11
19482,1581.0,208,3,1093.08,2025-12-31,0.02
19483,272.0,120,1,725.21,2025-09-30,0.01
19484,1459.0,37,2,143.62,2025-08-16,0.1
19485,1277.0,257,4,1249.36,2026-02-26,0.01
19486,875.0,221,5,1306.5,2025-10-19,0.06
19487,895.0,56,3,1871.97,2026-04-07,0.17
19488,1013.0,28,1,490.2,2025-11-18,0.0
19489,486.0,180,5,3211.65,2026-02-13,0.12
19490,220.0,238,1,587.6,2026-03-15,0.2
19491,1418.0,172,3,1597.56,2026-06-11,0.17
19492,632.0,95,4,1706.6,2026-08-02,0.02
19493,791.0,69,3,187.8,2026-05-07,0.19
19494,316.0,192,3,1271.82,2025-09-07,0.14
19495,1150.0,185,4,568.08,2026-05-21,0.09
19496,235.0,101,3,2614.05,2025-08-06,0.08
19497,12.0,123,2,981.68,2025-08-09,0.19
19498,1635.0,93,2,1388.34,2025-12-17,0.18
19499,439.0,64,1,812.86,2026-03-13,0.13
19500,123.0,257,1,312.34,2025-11-02,0.03
19501,1063.0,143,5,425.7,2025-09-28,0.01
19502,907.0,274,3,578.31,2026-04-19,0.19
19503,738.0,162,3,899.01,2026-06-11,0.09
19504,595.0,249,2,941.36,2026-04-08,0.14
19505,1148.0,111,2,1378.54,2026-04-07,0.04
19506,261.0,35,2,1767.0,2026-07-29,0.2
19507,1623.0,34,5,3698.1,2026-08-03,0.16
19508,800.0,124,4,2986.52,2026-04-08,0.12
19509,1060.0,135,5,-173.0,2025-12-19,0.05
19510,1074.0,263,1,290.99,2026-02-12,0.05
19511,423.0,265,4,743.08,2025-09-24,0.03
19512,1046.0,233,3,2223.24,2026-05-27,0.05
19513,291.0,172,4,2130.08,2025-09-25,0.09
19514,110.0,98,4,813.04,2026-03-07,0.13
19515,804.0,133,3,700.17,2026-04-05,0.17
19516,713.0,269,3,1652.01,2026-01-29,0.11
19517,126.0,15,5,2358.65,2025-08-24,0.08
19518,609.0,15,5,2358.65,2026-05-05,0.09
19519,1672.0,102,1,81.85,2025-10-22,0.08
19520,831.0,218,3,-802.71,2025-10-05,0.14
19521,1835.0,170,5,2471.15,2025-09-30,0.11
19522,1134.0,290,5,2116.85,2025-08-16,0.1
19523,1555.0,138,3,862.08,2025-08-23,0.06
19524,292.0,125,1,204.07,2026-04-12,0.15
19525,1408.0,144,2,252.94,2026-04-18,0.19
19526,940.0,297,2,1194.5,2026-01-31,0.06
19527,1695.0,126,5,851.15,2026-07-25,0.01
19528,1404.0,265,1,185.77,2026-06-29,0.02
19529,373.0,71,1,96.54,2025-11-16,0.19
19530,1344.0,38,3,2405.34,2026-03-10,0.02
19531,725.0,71,5,482.7,2025-12-14,0.02
19532,572.0,197,5,1978.3,2026-04-01,0.01
19533,1465.0,149,1,798.73,2026-02-12,0.08
19534,471.0,170,2,988.46,2026-05-17,0.1
19535,1761.0,1,5,863.3,2025-09-24,0.18
19536,762.0,256,4,690.52,2025-11-11,0.02
19537,422.0,28,1,490.2,2026-06-13,0.04
19538,975.0,221,1,261.3,2025-10-18,0.05
19539,1530.0,238,5,2938.0,2026-03-09,0.06
19540,958.0,83,4,748.92,2026-01-31,0.19
19541,865.0,273,3,947.31,2026-08-04,0.05
19542,1591.0,113,1,653.69,2025-09-21,0.01
19543,448.0,107,2,1031.54,2025-09-30,0.2
19544,1661.0,279,3,2552.88,2026-03-29,0.05
19545,1964.0,229,4,200.76,2025-12-18,0.18
19546,1530.0,121,1,268.36,2025-09-08,0.07
19547,357.0,176,5,2164.25,2025-11-27,0.02
19548,1561.0,217,3,1076.43,2025-12-12,0.07
19549,305.0,215,5,1526.2,2025-10-16,0.03
19550,1867.0,106,1,84.0,2026-07-20,0.03
19551,729.0,41,2,1562.88,2026-05-10,0.19
19552,1028.0,188,5,2487.3,2026-06-16,0.12
19553,345.0,101,5,4356.75,2025-08-22,0.14
19554,1113.0,11,4,1140.6,2025-12-11,0.02
19555,1891.0,57,0,1392.5,2026-04-24,0.16
19556,43.0,169,4,2780.8,2026-02-19,0.13
19557,937.0,231,1,733.3,2026-07-14,0.1
19558,520.0,96,3,868.74,2026-07-30,0.18
19559,1508.0,176,3,1298.55,2026-06-12,0.17
19560,1340.0,241,3,2445.27,2026-04-11,0.12
19561,212.0,225,1,697.33,2025-08-13,0.05
19562,1656.0,57,3,2088.75,2026-05-06,0.15
19563,1708.0,213,5,1905.5,2026-08-01,0.1
19564,268.0,60,1,825.65,2025-10-01,0.06
19565,650.0,199,3,240.96,2026-07-25,0.12
19566,1172.0,220,2,733.32,2026-04-07,0.19
19567,588.0,219,5,1469.35,2026-02-21,0.07
19568,1654.0,110,1,723.61,2026-01-07,0.0
19569,394.0,294,1,488.16,2025-08-11,0.17
19570,1032.0,285,3,2160.06,2026-06-14,0.14
19571,390.0,70,4,1767.88,2025-12-30,0.14
19572,71.0,243,3,2440.23,2025-08-22,0.17
19573,1241.0,252,1,713.85,2025-11-24,0.03
19574,227.0,157,2,104.22,2026-03-07,0.15
19575,1126.0,89,2,205.52,2025-08-16,0.16
19576,1955.0,84,5,3822.9,2025-10-11,0.17
19577,511.0,16,4,1449.68,2026-06-08,0.09
19578,1166.0,213,3,1143.3,2026-08-03,0.19
19579,1329.0,22,4,542.48,2026-06-24,0.12
19580,1455.0,161,5,1849.35,2025-10-14,0.12
19581,1683.0,60,5,4128.25,2025-11-14,0.08
19582,1527.0,137,2,1487.6,2025-08-09,0.13
19583,848.0,123,3,1472.52,2026-01-14,0.03
19584,1615.0,298,3,1451.25,2026-06-05,0.01
19585,1766.0,38,1,801.78,2025-12-22,0.02
19586,11.0,261,4,515.32,2026-06-30,0.14
19587,1101.0,3,1,621.67,2025-11-29,0.17
19588,113.0,92,2,1342.82,2026-07-15,0.07
19589,,68,2,1774.42,2026-02-06,0.11
19590,1472.0,121,5,1341.8,2025-11-15,0.07
19591,1170.0,26,5,1452.45,2026-01-27,0.11
19592,785.0,150,4,2870.6,2026-06-13,0.01
19593,1712.0,229,1,50.19,2026-01-07,0.17
19594,963.0,48,3,910.77,2026-04-30,0.17
19595,1657.0,93,3,2082.51,2026-03-28,0.09
19596,1258.0,181,5,4440.4,2025-12-15,0.14
19597,393.0,63,4,626.92,2025-08-21,0.11
19598,664.0,201,4,1564.4,2026-05-10,0.01
19599,1088.0,207,5,2503.25,2026-03-18,0.13
19600,947.0,258,3,2552.85,2025-08-14,0.14
19601,953.0,20,2,1638.08,2025-11-12,0.19
19602,870.0,101,1,871.35,2026-07-09,0.0
19603,315.0,179,1,537.35,2025-09-06,0.14
19604,807.0,175,1,735.48,2026-04-08,0.16
19605,1520.0,103,2,571.48,2026-02-16,0.09
19606,317.0,32,3,-546.63,2026-05-14,0.17
19607,,141,1,158.05,2026-03-19,0.19
19608,1667.0,219,5,1469.35,2026-02-17,0.05
19609,1838.0,161,4,1479.48,2025-12-11,0.06
19610,776.0,275,4,2687.96,2026-01-21,0.09
19611,1258.0,131,-4,2485.0,2026-01-04,0.17
19612,340.0,62,3,1910.46,2026-04-29,0.14
19613,36.0,157,1,52.11,2025-11-13,0.0
19614,434.0,7,1,701.72,2025-10-23,0.15
19615,392.0,228,3,1820.94,2025-08-18,0.09
19616,1499.0,139,4,2416.56,2025-09-10,0.02
19617,1040.0,244,2,388.48,2026-07-20,0.16
19618,302.0,98,2,406.52,2026-01-03,0.07
19619,458.0,278,2,1252.54,2025-12-10,0.1
19620,1784.0,85,2,-56.74,2026-04-05,0.2
19621,675.0,121,3,805.08,2026-06-27,0.01
19622,243.0,176,3,1298.55,2025-12-20,0.09
19623,946.0,208,3,1093.08,2026-01-19,0.11
19624,161.0,216,4,1763.04,2026-06-13,0.01
19625,39.0,26,1,290.49,2025-09-26,0.18
19626,1085.0,45,1,728.99,2025-10-29,0.18
19627,1024.0,84,3,2293.74,2026-02-20,0.12
19628,441.0,123,5,2454.2,2026-03-10,0.13
19629,1041.0,106,3,252.0,2026-02-12,0.13
19630,115.0,44,3,1400.19,2026-02-27,0.03
19631,177.0,200,2,1431.58,2026-02-18,0.19
19632,1385.0,178,3,1141.56,2026-07-30,0.11
19633,985.0,10,5,3958.7,2026-02-19,0.07
19634,673.0,174,4,2626.2,2026-01-23,0.02
19635,1043.0,109,1,150.65,2026-05-14,0.19
19636,279.0,115,5,4204.9,2026-07-12,0.19
19637,1363.0,252,1,713.85,2025-12-30,0.15
19638,525.0,144,3,379.41,2025-12-17,0.08
19639,216.0,164,1,440.24,2026-01-17,0.13
19640,501.0,278,1,626.27,2026-05-02,0.1
19641,1125.0,153,1,890.63,2026-07-24,0.19
19642,463.0,91,0,2808.65,2026-03-31,0.03
19643,662.0,207,3,1501.95,2026-04-04,0.09
19644,1765.0,34,4,2958.48,2026-06-23,0.16
19645,469.0,230,2,1001.46,2025-11-05,0.17
19646,137.0,250,1,415.9,2025-09-02,0.01
19647,823.0,186,2,1331.92,2025-10-24,0.01
19648,997.0,151,5,3970.0,2026-01-03,0.02
19649,478.0,243,5,4067.05,2026-04-17,0.02
19650,320.0,20,5,4095.2,2025-08-25,0.18
19651,959.0,85,4,-113.48,2026-01-13,0.06
19652,1424.0,1,4,690.64,2026-04-13,0.0
19653,889.0,60,5,4128.25,2025-09-23,0.12
19654,1251.0,199,1,80.32,2026-07-14,0.19
19655,1770.0,197,4,1582.64,2026-07-31,0.17
19656,383.0,44,5,2333.65,2025-09-27,0.11
19657,1447.0,67,1,722.58,2026-06-28,0.0
19658,1030.0,247,3,1866.75,2026-03-22,0.09
19659,1152.0,113,3,1961.07,2025-08-13,0.16
19660,1010.0,12,5,4092.8,2026-07-14,0.06
19661,406.0,102,4,327.4,2025-09-08,0.02
19662,1772.0,135,5,-173.0,2025-09-11,0.2
19663,1290.0,69,5,313.0,2026-06-11,0.12
19664,1057.0,297,1,597.25,2026-05-14,0.14
19665,655.0,62,4,2547.28,2026-07-08,0.13
19666,447.0,280,4,3019.6,2025-10-19,0.05
19667,1636.0,163,3,1806.51,2026-03-08,0.12
19668,1368.0,196,3,731.22,2025-12-31,0.14
19669,853.0,89,1,102.76,2025-08-08,0.16
19670,1361.0,291,5,1683.35,2026-07-29,0.03
19671,1585.0,176,5,2164.25,2025-11-21,0.05
19672,1638.0,6,2,1246.68,2026-02-08,0.17
19673,1360.0,274,1,192.77,2026-06-23,0.14
19674,755.0,283,4,1704.8,2026-03-21,0.08
19675,1525.0,126,3,510.69,2025-11-20,0.06
19676,1039.0,50,1,76.43,2026-04-20,0.1
19677,1142.0,120,3,2175.63,2026-05-24,0.18
19678,1831.0,123,1,490.84,2026-01-25,0.12
19679,1485.0,96,4,1158.32,2026-07-21,0.2
19680,1037.0,232,4,1963.88,2026-07-13,0.16
19681,1018.0,148,1,500.23,2025-09-04,0.12
19682,1925.0,97,2,507.02,2026-05-24,0.19
19683,183.0,41,5,3907.2,2026-03-17,0.08
19684,1841.0,243,1,813.41,2026-03-31,0.19
19685,245.0,232,1,490.97,2025-08-10,0.0
19686,358.0,146,1,690.08,2025-10-27,0.01
19687,895.0,252,2,1427.7,2026-02-18,0.01
19688,932.0,160,3,1351.83,2025-08-11,0.15
19689,971.0,134,1,633.61,2025-10-24,0.13
19690,558.0,34,5,3698.1,2025-12-10,0.13
19691,1623.0,3,1,621.67,2026-10-29,0.01
19692,467.0,8,1,870.99,2026-05-27,0.05
19693,566.0,87,1,468.31,2026-10-04,0.16
19694,1876.0,10,3,2375.22,2026-05-15,0.0
19695,1710.0,48,2,607.18,2025-11-12,0.16
19696,224.0,293,2,679.12,2026-07-03,0.07
19697,1189.0,286,1,134.06,2026-02-23,0.03
19698,546.0,252,2,1427.7,2026-03-20,0.06
19699,1947.0,230,4,2002.92,2026-06-10,0.06
19700,1061.0,194,1,688.77,2026-05-29,0.15
19701,1149.0,159,4,458.36,2025-12-08,0.11
19702,1852.0,51,3,828.36,2026-05-15,0.14
19703,423.0,280,2,1509.8,2025-11-08,0.18
19704,1557.0,169,5,3476.0,2026-03-10,0.09
19705,1906.0,250,1,415.9,2025-10-09,0.2
19706,1056.0,54,3,293.46,2026-05-10,0.09
19707,380.0,61,5,3227.35,2026-03-14,0.14
19708,1615.0,8,5,4354.95,2025-11-25,0.04
19709,1727.0,268,2,701.14,2025-12-02,0.15
19710,249.0,178,4,1522.08,2025-09-02,0.11
19711,776.0,274,5,963.85,2026-03-21,0.11
19712,,37,2,143.62,2026-05-08,0.08
19713,789.0,298,1,483.75,2026-05-24,0.15
19714,1787.0,294,5,2440.8,2025-09-21,0.03
19715,1381.0,235,4,3566.4,2025-11-13,0.01
19716,1426.0,258,4,3403.8,2026-01-30,0.16
19717,1885.0,182,4,1566.52,2026-06-15,0.18
19718,1502.0,152,5,4192.35,2026-03-11,0.08
19719,1360.0,231,4,2933.2,2026-05-15,0.19
19720,889.0,238,4,2350.4,2025-08-23,0.1
19721,81.0,260,1,426.01,2025-12-23,0.18
19722,1500.0,163,1,602.17,2025-11-03,0.16
19723,394.0,269,2,1101.34,2025-12-02,0.13
19724,482.0,128,4,1944.28,2026-01-23,0.17
19725,490.0,115,5,4204.9,2025-09-23,0.06
19726,1898.0,145,1,389.94,2026-03-10,0.13
19727,1022.0,90,4,1589.72,2025-11-05,0.11
19728,920.0,208,3,1093.08,2026-03-21,0.01
19729,1853.0,126,0,851.15,2025-12-22,0.19
19730,7.0,134,4,2534.44,2026-07-13,0.15
19731,167.0,185,2,284.04,2025-09-10,0.19
19732,137.0,108,2,1394.78,2026-05-17,0.05
19733,1053.0,2,3,1980.66,2026-01-10,0.16
19734,343.0,287,5,-256.1,2026-02-05,0.16
19735,1818.0,261,5,644.15,2025-10-27,0.0
19736,1206.0,85,2,-56.74,2026-04-10,0.13
19737,1592.0,178,3,1141.56,2025-08-26,0.15
19738,1267.0,256,4,690.52,2026-06-19,0.15
19739,1071.0,29,5,1878.95,2026-03-12,0.11
19740,899.0,256,1,172.63,2025-12-11,0.12
19741,1706.0,299,1,521.47,2026-05-15,0.14
19742,261.0,6,4,2493.36,2025-10-29,0.04
19743,1518.0,43,3,2037.72,2025-09-22,0.06
19744,1280.0,157,3,156.33,2026-04-17,0.02
19745,1829.0,252,3,2141.55,2026-05-15,0.17
19746,1990.0,2,5,3301.1,2026-01-04,0.18
19747,1000.0,278,4,2505.08,2026-02-12,0.02
19748,601.0,226,2,196.9,2025-08-08,0.12
19749,773.0,162,5,1498.35,2026-06-14,0.05
19750,766.0,104,4,620.72,2026-03-09,0.17
19751,514.0,25,5,2917.4,2025-11-12,0.02
19752,1975.0,73,4,591.12,2026-07-06,0.09
19753,1036.0,137,1,743.8,2026-02-19,0.12
19754,1362.0,84,5,3822.9,2026-05-26,0.1
19755,293.0,43,2,1358.48,2026-02-21,0.17
19756,869.0,191,4,987.88,2026-01-08,0.09
19757,157.0,33,5,773.65,2026-06-17,0.1
19758,228.0,61,4,2581.88,2026-04-05,0.0
19759,1173.0,171,5,465.55,2026-02-26,0.16
19760,976.0,82,1,472.21,2026-05-22,0.16
19761,1128.0,265,5,928.85,2026-05-31,0.19
19762,354.0,12,2,1637.12,2026-01-12,0.02
19763,1194.0,54,5,489.1,2026-06-25,0.13
19764,72.0,17,3,2285.07,2026-06-11,0.04
19765,224.0,160,4,1802.44,2025-12-11,0.17
19766,488.0,47,4,1264.96,2025-12-30,0.06
19767,1867.0,248,3,2069.46,2026-04-29,0.02
19768,746.0,209,3,2373.93,2026-04-18,0.06
19769,1963.0,44,2,933.46,2025-10-01,0.05
19770,746.0,106,3,252.0,2026-03-23,0.12
19771,1528.0,213,3,1143.3,2026-07-16,0.12
19772,832.0,179,4,2149.4,2025-10-08,0.04
19773,410.0,101,4,3485.4,2025-12-25,0.05
19774,1043.0,211,3,666.45,2026-06-01,0.08
19775,915.0,10,1,791.74,2026-04-19,0.19
19776,667.0,135,2,-69.2,2026-08-04,0.04
19777,132.0,163,1,602.17,2026-04-19,0.2
19778,750.0,45,4,2915.96,2026-02-28,0.05
19779,41.0,133,4,933.56,2026-04-19,0.16
19780,875.0,223,5,3297.35,2025-10-16,0.17
19781,1039.0,246,4,718.84,2026-07-09,0.13
19782,133.0,107,3,1547.31,2026-07-15,0.06
19783,562.0,176,2,865.7,2025-10-05,0.19
19784,1918.0,142,5,1242.55,2026-02-25,0.09
19785,1404.0,299,1,521.47,2026-07-22,0.16
19786,1879.0,111,3,2067.81,2025-10-07,0.0
19787,403.0,9,3,2372.34,2026-05-10,0.19
19788,568.0,39,5,4453.25,2026-03-01,0.01
19789,1226.0,194,2,1377.54,2026-07-20,0.03
19790,746.0,132,4,821.4,2025-08-05,0.02
19791,1880.0,105,2,1393.84,2026-05-27,0.09
19792,613.0,26,1,290.49,2026-05-28,0.12
19793,1773.0,299,1,521.47,2025-09-17,0.03
19794,1979.0,144,2,252.94,2026-02-25,0.1
19795,1501.0,242,1,80.04,2025-10-28,0.12
19796,1641.0,51,5,1380.6,2025-10-03,0.03
19797,100.0,9,3,2372.34,2025-11-08,0.19
19798,1759.0,49,4,733.24,2025-12-28,0.04
19799,1350.0,291,2,673.34,2025-10-25,0.05
19800,651.0,201,2,782.2,2025-08-21,0.12
19801,1785.0,113,2,1307.38,2026-01-21,0.11
19802,1530.0,185,4,568.08,2026-07-19,0.16
19803,346.0,57,5,3481.25,2026-02-19,0.14
19804,287.0,294,1,488.16,2026-02-20,0.1
19805,1811.0,109,1,150.65,2025-12-16,0.01
19806,1553.0,89,2,205.52,2026-01-17,0.11
19807,1867.0,263,2,581.98,2026-02-28,0.18
19808,746.0,88,3,1365.99,2026-05-14,0.02
19809,183.0,253,5,1730.0,2025-11-28,0.1
19810,1397.0,205,1,374.04,2026-04-26,0.14
19811,1007.0,224,1,490.59,2026-08-05,0.12
19812,968.0,44,1,466.73,2026-06-24,0.03
19813,468.0,77,2,1510.0,2026-01-16,0.19
19814,252.0,168,5,3218.35,2026-02-09,0.05
19815,423.0,108,3,2092.17,2026-07-23,0.02
19816,722.0,192,2,847.88,2026-01-11,0.09
19817,1474.0,279,4,3403.84,2026-04-10,0.03
19818,1430.0,160,3,1351.83,2026-02-13,0.17
19819,1472.0,12,3,2455.68,2026-02-16,0.19
19820,520.0,15,5,2358.65,2025-08-12,0.02
19821,,229,4,200.76,2026-03-30,0.15
19822,340.0,220,5,1833.3,2026-01-07,0.11
19823,159.0,276,2,640.52,2025-11-21,0.11
19824,585.0,66,3,2419.65,2025-12-08,0.08
19825,820.0,83,1,187.23,2026-06-12,0.04
19826,1000.0,67,5,3612.9,2026-03-07,0.0
19827,1748.0,268,4,1402.28,2025-10-28,0.13
19828,290.0,225,2,1394.66,2026-02-07,0.19
19829,1856.0,84,2,1529.16,2025-11-17,0.03
19830,326.0,71,3,289.62,2026-05-17,0.17
19831,1784.0,103,4,1142.96,2025-11-22,0.11
19832,1050.0,110,4,2894.44,2026-03-16,0.15
19833,515.0,82,3,1416.63,2025-12-09,0.02
19834,1913.0,176,2,865.7,2026-06-23,0.1
19835,574.0,249,5,2353.4,2026-03-16,0.1
19836,529.0,4,3,2061.18,2026-02-05,0.09
19837,869.0,47,-4,1264.96,2025-12-12,0.06
19838,160.0,140,3,2256.12,2025-09-30,0.0
19839,614.0,235,5,4458.0,2025-09-04,0.13
19840,1416.0,18,4,291.76,2025-11-02,0.06
19841,362.0,180,2,1284.66,2025-12-21,0.12
19842,613.0,66,3,2419.65,2026-04-09,0.17
19843,569.0,276,2,640.52,2025-10-21,0.15
19844,1947.0,61,5,3227.35,2025-09-05,0.12
19845,1544.0,164,1,440.24,2026-08-04,0.11
19846,652.0,231,4,2933.2,2026-02-06,0.18
19847,280.0,136,4,2132.76,2025-12-08,0.14
19848,1370.0,62,3,1910.46,2026-07-19,0.09
19849,365.0,220,4,1466.64,2025-12-16,0.07
19850,1446.0,1,1,172.66,2026-04-27,0.09
19851,54.0,89,2,205.52,2026-06-06,0.06
19852,256.0,230,4,2002.92,2026-05-07,0.05
19853,1897.0,147,5,2977.35,2025-12-11,0.1
19854,513.0,145,5,1949.7,2026-03-25,0.12
19855,240.0,67,4,2890.32,2026-04-06,0.07
19856,12.0,266,2,928.18,2025-10-05,0.06
19857,274.0,218,5,-1337.85,2026-07-29,0.15
19858,1042.0,287,1,-51.22,2026-02-16,0.04
19859,1749.0,243,5,4067.05,2026-05-03,0.0
19860,1839.0,257,5,1561.7,2026-04-03,0.04
19861,1695.0,19,5,3463.0,2026-02-10,0.03
19862,9.0,91,1,561.73,2026-09-29,0.13
19863,401.0,141,2,316.1,2026-03-01,0.13
19864,1157.0,133,4,933.56,2026-05-07,0.02
19865,1004.0,26,2,580.98,2026-01-29,0.17
19866,1204.0,298,2,967.5,2025-11-20,0.17
19867,344.0,298,1,483.75,2025-09-07,0.06
19868,1629.0,12,1,818.56,2026-04-28,0.13
19869,982.0,86,2,1399.16,2025-08-29,0.12
19870,1716.0,70,3,1325.91,2026-05-06,0.09
19871,1844.0,293,5,1697.8,2026-04-09,0.11
19872,1416.0,171,5,465.55,2025-11-26,0.16
19873,346.0,129,2,983.82,2026-02-25,0.09
19874,365.0,18,2,145.88,2026-01-01,0.17
19875,1129.0,154,1,804.76,2026-04-27,0.0
19876,1315.0,240,4,3238.08,2026-07-15,0.01
19877,1582.0,120,4,2900.84,2026-07-31,0.11
19878,1612.0,252,1,713.85,2025-10-04,0.07
19879,672.0,195,5,1206.9,2026-01-18,0.03
19880,1037.0,196,1,243.74,2026-01-24,0.1
19881,757.0,288,5,4357.3,2025-12-08,0.16
19882,1109.0,83,1,187.23,2026-05-27,0.07
19883,1599.0,184,1,363.06,2025-09-20,0.04
19884,1877.0,262,4,2213.44,2026-06-26,0.08
19885,1974.0,24,1,94.01,2026-05-22,0.11
19886,1184.0,234,3,1082.46,2026-04-15,0.06
19887,1596.0,57,1,696.25,2025-09-19,0.09
19888,1840.0,192,5,2119.7,2026-06-07,0.01
19889,,208,3,1093.08,2026-04-01,0.18
19890,966.0,251,2,1746.54,2026-04-02,0.03
19891,1379.0,177,5,3092.9,2026-02-12,0.16
19892,299.0,11,1,285.15,2026-01-16,0.06
19893,1037.0,295,4,1667.28,2025-11-12,0.06
19894,1557.0,105,3,2090.76,2025-12-12,0.05
19895,1908.0,70,5,2209.85,2025-10-31,0.14
19896,1887.0,227,5,2374.65,2025-11-17,0.13
19897,687.0,252,1,713.85,2026-03-31,0.06
19898,,95,5,2133.25,2026-01-09,0.15
19899,1891.0,174,5,3282.75,2025-12-21,0.18
19900,168.0,166,4,913.8,2026-06-06,0.16
19901,1376.0,155,4,1098.56,2025-12-06,0.17
19902,92.0,255,1,726.33,2025-09-01,0.09
19903,1664.0,46,5,2790.55,2026-05-30,0.02
19904,751.0,25,2,1166.96,2025-12-22,0.04
19905,1849.0,206,2,1192.34,2026-06-03,0.07
19906,1282.0,77,1,755.0,2026-04-11,0.19
19907,545.0,92,2,1342.82,2026-01-21,0.0
19908,764.0,174,1,656.55,2025-12-03,0.06
19909,862.0,279,4,3403.84,2026-07-15,0.05
19910,1366.0,57,3,2088.75,2025-09-17,0.04
19911,769.0,239,1,766.98,2026-03-30,0.02
19912,299.0,176,3,1298.55,2026-01-08,0.17
19913,1729.0,60,1,825.65,2026-01-23,0.18
19914,1272.0,268,5,1752.85,2026-02-26,0.16
19915,1453.0,132,5,1026.75,2026-03-25,0.18
19916,667.0,76,4,2801.16,2026-01-17,0.13
19917,975.0,172,1,532.52,2025-11-05,0.04
19918,867.0,202,4,2755.2,2026-08-03,0.06
19919,457.0,62,3,1910.46,2026-05-12,0.02
19920,48.0,231,3,2199.9,2025-08-08,0.2
19921,1161.0,1,1,172.66,2026-07-25,0.11
19922,10.0,60,1,825.65,2026-06-15,0.18
19923,338.0,127,5,3953.1,2025-08-24,0.04
19924,326.0,139,2,1208.28,2026-03-12,0.08
19925,1686.0,136,5,2665.95,2025-10-24,0.15
19926,1245.0,42,5,1374.85,2025-12-19,0.13
19927,1315.0,257,1,312.34,2026-05-17,0.12
19928,1759.0,257,3,937.02,2026-02-16,0.07
19929,231.0,231,5,3666.5,2026-06-18,0.07
19930,1187.0,123,4,1963.36,2025-10-15,0.11
19931,553.0,21,2,1516.14,2025-08-28,0.07
19932,1957.0,132,5,1026.75,2026-06-25,0.12
19933,1264.0,15,3,1415.19,2025-09-16,0.05
19934,1246.0,269,1,550.67,2026-01-05,0.18
19935,853.0,18,1,72.94,2026-08-15,0.12
19936,1108.0,206,5,2980.85,2025-10-18,0.02
19937,386.0,275,2,1343.98,2026-06-26,0.19
19938,815.0,98,1,203.26,2025-08-19,0.09
19939,1637.0,87,4,1873.24,2025-09-07,0.08
19940,1450.0,9,2,1581.56,2026-05-26,0.01
19941,690.0,178,1,380.52,2026-05-17,0.11
19942,,295,5,2084.1,2025-12-10,0.13
19943,43.0,221,3,783.9,2026-03-16,0.1
19944,917.0,31,4,1388.4,2026-02-05,0.02
19945,905.0,295,1,416.82,2026-04-15,0.12
19946,37.0,190,1,67.71,2026-04-10,0.16
19947,333.0,167,0,2156.4,2025-10-04,0.17
19948,784.0,14,5,4201.05,2025-10-11,0.07
19949,1187.0,256,3,517.89,2026-07-29,0.05
19950,401.0,183,5,1810.2,2025-11-22,0.12
19951,747.0,44,5,2333.65,2025-09-30,0.17
19952,1502.0,223,4,2637.88,2025-09-23,0.14
19953,1976.0,132,5,1026.75,2026-02-24,0.05
19954,218.0,237,5,1830.85,2025-11-22,0.16
19955,1123.0,211,5,1110.75,2026-05-26,0.1
19956,961.0,64,1,812.86,2026-03-03,0.13
19957,1444.0,286,4,536.24,2026-06-08,0.13
19958,121.0,123,2,981.68,2026-05-21,0.02
19959,1287.0,238,1,587.6,2025-10-27,0.16
19960,1286.0,12,4,3274.24,2025-12-01,0.16
19961,1513.0,62,4,2547.28,2026-05-31,0.08
19962,670.0,128,2,972.14,2026-04-19,0.07
19963,234.0,272,5,1639.35,2026-03-26,0.02
19964,1511.0,60,2,1651.3,2025-10-09,0.09
19965,1808.0,215,1,305.24,2026-02-07,0.07
19966,,49,5,916.55,2025-12-31,0.09
19967,,258,3,2552.85,2026-01-11,0.03
19968,891.0,200,4,2863.16,2026-03-07,0.16
19969,521.0,10,1,791.74,2025-08-23,0.17
19970,1246.0,72,3,1476.3,2026-03-13,0.09
19971,1018.0,211,3,666.45,2026-04-06,0.02
19972,611.0,174,3,1969.65,2026-02-22,0.17
19973,1634.0,280,3,2264.7,2026-05-29,0.2
19974,180.0,291,3,1010.01,2025-11-11,0.12
19975,1175.0,33,3,464.19,2026-01-21,0.17
19976,1700.0,10,1,791.74,2026-04-16,0.13
19977,1419.0,136,1,533.19,2026-05-01,0.18
19978,622.0,11,3,855.45,2025-08-24,0.19
19979,1754.0,154,3,2414.28,2025-09-06,0.11
19980,297.0,88,3,1365.99,2026-06-13,0.17
19981,505.0,216,3,1322.28,2026-04-08,0.11
19982,1627.0,234,2,721.64,2026-07-10,0.12
19983,1845.0,25,4,2333.92,2026-02-17,0.08
19984,731.0,206,0,2384.68,2025-08-18,0.14
19985,373.0,132,3,616.05,2025-11-19,0.0
19986,1716.0,124,1,746.63,2025-08-08,0.2
19987,1207.0,165,-4,2534.6,2026-06-09,0.12
19988,1887.0,5,4,1224.56,2025-10-23,0.18
19989,210.0,286,1,134.06,2025-10-20,0.2
19990,1551.0,143,3,255.42,2026-07-24,0.01
19991,1128.0,243,4,3253.64,2025-11-29,0.05
19992,88.0,115,3,2522.94,2026-03-07,0.14
19993,100.0,216,5,2203.8,2025-08-06,0.17
19994,300.0,292,2,588.14,2025-09-01,0.09
19995,351.0,215,4,1220.96,2026-06-26,0.04
19996,370.0,118,3,1948.56,2026-07-02,0.18
19997,945.0,1,1,172.66,2025-12-12,0.2
19998,1760.0,230,2,1001.46,2026-07-09,0.08
19999,138.0,172,5,2662.6,2025-10-29,0.17
20000,1624.0,105,0,1393.84,2026-01-22,0.19
14457,1793.0,232,5,2454.85,2025-08-20,0.05
5537,1659.0,145,3,1169.82,2026-02-22,
4030,1053.0,156,5,3343.8,2026-03-03,
129,119.0,224,2,981.18,2026-07-13,
14310,489.0,159,5,572.95,2025-08-09,0.05
7955,1791.0,148,5,2501.15,2026-08-02,
3469,774.0,56,4,2495.96,2026-01-14,
1342,1635.0,40,5,357.45,2026-04-24,
6309,1171.0,190,5,338.55,2026-01-21,
6587,664.0,229,5,250.95,2026-03-18,
17480,1852.0,115,4,3363.92,2026-05-27,0.05
2928,293.0,43,3,2037.72,2025-12-22,
13446,1608.0,252,4,2855.4,2025-11-11,
6818,218.0,49,4,733.24,2026-05-11,
483,1639.0,198,4,2313.4,2026-06-03,
135,1072.0,255,3,2178.99,2025-12-04,
9629,12.0,71,3,289.62,2026-03-11,
19879,672.0,195,5,1206.9,2026-01-18,0.03
13434,1763.0,224,5,2452.95,2025-10-11,
4163,468.0,94,2,628.88,2026-03-06,
764,1312.0,30,2,1767.38,2025-10-16,
9948,575.0,170,1,494.23,2026-01-17,
6559,1041.0,24,1,94.01,2026-04-08,
13509,1163.0,5,2,612.28,2025-09-12,
10071,1498.0,43,1,679.24,2026-03-03,
900,1465.0,128,2,972.14,2025-11-23,
17334,1489.0,187,2,1763.0,2025-10-22,0.19
9752,1676.0,279,4,3403.84,2025-10-08,
6583,1877.0,7,4,2806.88,2025-09-16,
17112,264.0,76,5,3501.45,2025-08-24,0.07
15433,92.0,238,5,2938.0,2026-06-01,0.05
14249,367.0,250,2,831.8,2026-03-08,0.12
1363,703.0,271,1,763.79,2026-02-10,
15421,1605.0,259,5,639.6,2026-03-28,0.09
6488,1516.0,240,3,2428.56,2026-05-23,
16810,813.0,130,4,3297.72,2026-08-05,0.07
3229,446.0,109,5,753.25,2025-10-19,
6392,1434.0,265,0,371.54,2026-05-06,
11573,1571.0,128,4,1944.28,2026-04-20,
617,1866.0,295,2,833.64,2026-01-07,
7621,1964.0,6,2,1246.68,2025-09-05,
2509,275.0,228,3,1820.94,2025-09-04,
12291,1149.0,254,5,3122.7,2025-08-16,
8090,1708.0,285,5,3600.1,2026-08-03,
15877,325.0,39,4,3562.6,2026-02-17,0.07
7747,1239.0,239,4,3067.92,2025-09-21,
2485,731.0,110,1,723.61,2025-09-22,
12568,1226.0,289,2,98.14,2026-04-17,
18840,374.0,187,4,3526.0,2025-10-11,0.05
15468,471.0,3,3,1865.01,2025-09-14,0.08
9628,1281.0,158,4,763.72,2025-10-06,
18788,1531.0,74,3,1280.94,2025-10-27,0.19
15192,1777.0,39,2,1781.3,2026-02-05,0.1
11203,820.0,119,5,1783.95,2026-03-21,
11823,682.0,175,5,3677.4,2025-08-10,
9851,349.0,214,4,2827.76,2025-11-02,
10528,1553.0,236,3,1806.63,2026-01-08,
13486,1179.0,216,5,2203.8,2026-03-29,
18333,1719.0,258,2,1701.9,2025-11-29,0.11
4536,788.0,3,3,1865.01,2025-12-24,
12120,1781.0,147,4,2381.88,2025-10-19,
650,313.0,157,5,260.55,2026-07-26,
19542,1591.0,113,1,653.69,2025-09-21,0.01
15806,1718.0,84,4,3058.32,2026-06-21,0.05
11407,213.0,36,5,3689.45,2026-06-30,
11970,910.0,24,3,282.03,2025-10-26,
9962,965.0,187,5,4407.5,2026-02-28,
4232,967.0,146,1,690.08,2025-11-27,
6772,1554.0,235,4,3566.4,2026-03-09,
13039,1062.0,241,2,1630.18,2026-05-07,
18409,1898.0,221,4,1045.2,2026-06-09,0.04
8325,667.0,8,5,4354.95,2026-05-24,
8592,635.0,149,1,798.73,2026-02-14,
19769,1963.0,44,2,933.46,2025-10-01,0.05
15308,1171.0,291,1,336.67,2025-11-24,0.04
9587,1105.0,249,1,470.68,2026-07-14,
9624,602.0,226,5,492.25,2025-09-17,
14695,862.0,193,3,1157.85,2026-01-08,0.1
15253,993.0,210,3,1356.84,2025-09-30,0.19
7328,1088.0,299,1,521.47,2026-05-15,
1911,1906.0,258,4,3403.8,2025-09-22,
2549,1003.0,192,4,1695.76,2026-06-14,
11895,1831.0,263,2,581.98,2026-03-29,
9460,75.0,66,5,4032.75,2026-05-18,
7554,1664.0,116,4,3567.72,2026-04-05,
8492,803.0,242,4,320.16,2026-04-29,
2628,1543.0,109,2,301.3,2026-05-04,
3654,726.0,199,4,321.28,2025-11-29,
11279,94.0,216,5,2203.8,2025-08-31,
10398,719.0,166,5,1142.25,2026-05-30,
16483,1773.0,3,1,621.67,2026-01-04,0.18
16165,1682.0,204,3,1570.95,2025-09-20,0.15
10349,1561.0,3,1,621.67,2026-07-04,
10012,1548.0,184,3,1089.18,2026-04-30,
277,1010.0,86,4,2798.32,2026-05-03,
1890,1229.0,221,2,522.6,2025-08-27,
4995,381.0,62,2,1273.64,2026-02-12,
3179,1630.0,52,4,1409.8,2025-08-22,
15600,260.0,271,2,1527.58,2025-10-27,0.05
7691,1719.0,55,4,3426.16,2025-10-26,
9489,1898.0,213,1,381.1,2025-10-01,
5038,271.0,85,2,-56.74,2026-08-17,
14550,1295.0,55,3,2569.62,2026-07-23,0.2
10577,63.0,196,2,487.48,2026-01-11,
11524,1366.0,4,1,687.06,2025-12-21,
15945,1856.0,47,3,948.72,2026-03-17,0.2
15480,148.0,188,2,994.92,2026-07-13,0.02
1511,1745.0,70,1,441.97,2025-08-21,
6147,414.0,32,1,-182.21,2025-10-05,
17459,951.0,13,5,4269.6,2025-11-07,0.07
13270,282.0,287,4,-204.88,2026-07-22,
14884,1221.0,132,2,410.7,2026-05-27,0.12
10737,,34,-4,2958.48,2026-06-18,
7542,374.0,267,5,1386.65,2026-03-25,
5443,504.0,17,3,2285.07,2026-05-21,
18735,615.0,101,3,2614.05,2025-10-29,0.13
18285,1666.0,1,3,517.98,2026-06-25,0.08
10941,1505.0,14,2,1680.42,2026-04-18,
19448,1825.0,111,2,1378.54,2025-09-25,0.15
18002,992.0,232,1,490.97,2026-01-17,0.15
13959,469.0,55,5,4282.7,2025-12-29,
9305,1316.0,95,3,1279.95,2026-01-01,
16151,845.0,77,4,3020.0,2026-04-30,0.17
8705,545.0,45,4,2915.96,2025-09-05,
17746,1281.0,17,3,2285.07,2025-10-23,0.07
6441,60.0,260,5,2130.05,2025-08-29,
14101,1891.0,262,3,1660.08,2026-03-18,0.16
8436,165.0,261,5,644.15,2026-03-24,
7027,35.0,83,5,936.15,2026-03-08,
6857,1816.0,214,3,2120.82,2026-07-25,
18016,506.0,187,3,2644.5,2026-01-15,0.18
18476,589.0,238,3,1762.8,2025-12-15,0.1
2293,124.0,71,1,96.54,2026-06-03,
8987,960.0,272,1,327.87,2026-01-17,
8205,1267.0,31,1,347.1,2025-09-16,
5640,1323.0,59,5,311.45,2025-10-15,
10052,379.0,194,4,2755.08,2025-10-25,
7806,176.0,291,2,673.34,2025-08-08,
11224,1683.0,65,2,1228.68,2026-01-27,
18514,1578.0,213,3,1143.3,2025-12-08,0.1
6783,678.0,114,3,504.27,2026-02-08,
17751,450.0,144,1,126.47,2026-04-26,0.0
15557,1443.0,15,2,943.46,2025-12-02,0.04
2624,618.0,255,1,726.33,2025-10-15,
6702,109.0,170,3,1482.69,2025-09-17,
16183,534.0,96,1,289.58,2026-01-09,0.14
2942,790.0,117,4,1905.16,2026-02-05,
17659,1549.0,7,1,701.72,2025-09-29,0.02
7148,1982.0,81,1,577.52,2026-06-16,
3244,143.0,173,1,774.86,2025-10-05,
14847,1047.0,172,2,1065.04,2025-12-22,0.17
4182,555.0,209,5,3956.55,2025-08-22,
19512,1046.0,233,3,2223.24,2026-05-27,0.05
18813,210.0,223,5,3297.35,2025-10-30,0.18
15328,569.0,29,3,1127.37,2026-04-22,0.2
1753,1007.0,156,2,1337.52,2026-05-30,
16838,1304.0,158,1,190.93,2026-02-13,0.13
17332,507.0,211,5,1110.75,2026-07-01,0.13
18547,1927.0,58,3,1146.93,2026-05-15,0.04
1288,,175,2,1470.96,2025-11-11,
16160,,81,1,577.52,2026-06-05,0.13
16894,8.0,194,4,2755.08,2026-05-22,0.18
19652,1424.0,1,4,690.64,2026-04-13,0.0
12716,560.0,283,2,852.4,2026-06-30,
17150,1412.0,147,1,595.47,2025-12-21,0.14
55,1697.0,75,3,2385.15,2026-03-28,
10950,1010.0,233,1,741.08,2025-12-14,
15063,1747.0,7,3,2105.16,2025-11-22,0.13
16889,1152.0,288,5,4357.3,2026-07-31,0.09
5934,1501.0,292,2,588.14,2026-02-17,
19387,801.0,4,3,2061.18,2026-05-06,0.04
7249,1460.0,274,3,578.31,2026-03-08,
5539,1888.0,295,5,2084.1,2025-10-18,
16621,1626.0,166,3,685.35,2026-02-20,0.19
5167,1243.0,199,4,321.28,2026-03-16,
4417,1781.0,186,2,1331.92,2026-03-14,
13060,1966.0,267,3,831.99,2026-02-01,
12062,668.0,182,4,1566.52,2025-10-25,
14317,110.0,17,3,2285.07,2026-06-29,0.01
94,1250.0,289,1,49.07,2026-06-30,
18471,679.0,269,1,550.67,2025-12-16,0.14
834,886.0,121,5,1341.8,2026-07-30,
10652,86.0,192,2,847.88,2026-03-15,
14472,756.0,52,1,352.45,2026-03-07,0.12
2060,1492.0,186,2,1331.92,2026-06-30,
10216,1000.0,211,2,444.3,2026-05-10,
2625,345.0,281,4,638.76,2026-05-31,
12791,468.0,272,2,655.74,2026-06-29,
12152,44.0,207,4,2002.6,2026-07-03,
2398,462.0,182,3,1174.89,2026-02-03,
13700,138.0,168,5,3218.35,2025-11-15,
15587,333.0,45,4,2915.96,2026-05-08,0.01
13878,1002.0,195,1,241.38,2026-08-05,
11170,1007.0,34,3,2218.86,2025-10-16,
41,539.0,17,4,3046.76,2026-05-28,
12588,1466.0,252,2,1427.7,2025-12-01,
6074,390.0,55,2,1713.08,2026-02-01,
4551,318.0,99,5,2344.65,2026-06-25,
3125,1133.0,192,2,847.88,2026-03-21,
2818,1966.0,102,4,327.4,2026-05-18,
